Subj	ROI	Y	baseline_avg
01	lh_G_Ins_lg_and_S_cent_ins	-0.209566973690787	0.299908798919079
01	rh_G_Ins_lg_and_S_cent_ins	0.0145921822734927	0.105493614690131
01	lh_G_and_S_cingul-Ant	-0.0208171669984409	0.083544351363807
01	rh_G_and_S_cingul-Ant	-0.0115046152000834	0.0930556612523754
01	lh_G_and_S_cingul-Mid-Ant	-0.0755847876410144	0.178051384228954
01	rh_G_and_S_cingul-Mid-Ant	0.0431140716138516	0.0933438248183309
01	lh_G_and_S_cingul-Mid-Post	-0.0236457734867552	0.184493479343846
01	rh_G_and_S_cingul-Mid-Post	-0.0080890853981596	0.0883508744140468
01	lh_G_and_S_frontomargin	0.0735569975274213	0.0728827989993984
01	rh_G_and_S_frontomargin	0.000289778960563689	0.100647327410333
01	lh_G_and_S_occipital_inf	0.00630058348802932	0.140344743921382
01	rh_G_and_S_occipital_inf	0.0355982111236321	0.093994200780332
01	lh_G_and_S_paracentral	0.0251719401274754	0.0768590874025507
01	rh_G_and_S_paracentral	0.0911758414553251	0.0781411129212251
01	lh_G_and_S_subcentral	-0.0929899810071279	0.276243234185613
01	rh_G_and_S_subcentral	-0.0477675290743273	0.296625504917918
01	lh_G_and_S_transv_frontopol	0.0562952150190037	0.0889919817301504
01	rh_G_and_S_transv_frontopol	0.0523301028945877	0.0724374617020302
01	lh_G_cingul-Post-dorsal	0.00430783430021153	0.0762078721221665
01	rh_G_cingul-Post-dorsal	0.0308502995890976	0.0776290699939059
01	lh_G_cingul-Post-ventral	-0.0232960114004607	0.194247139692008
01	rh_G_cingul-Post-ventral	-0.079292204657529	0.149530096305938
01	lh_G_cuneus	-0.0318697464715266	0.0657080052736578
01	rh_G_cuneus	-0.0609762727925927	0.0679271877720235
01	lh_G_front_inf-Opercular	-0.0303093438926727	0.143379025219018
01	rh_G_front_inf-Opercular	-0.0582474881860045	0.139863841734547
01	lh_G_front_inf-Orbital	-0.0121051778531869	0.0892961209183039
01	rh_G_front_inf-Orbital	-0.101558632568207	0.13269685151159
01	lh_G_front_inf-Triangul	0.145279517781191	0.186387638029474
01	rh_G_front_inf-Triangul	0.0405209798881613	0.127464542636387
01	lh_G_front_middle	0.0713629133867998	0.0980111839788907
01	rh_G_front_middle	0.0121887683206545	0.116761971755174
01	lh_G_front_sup	-0.101289217469278	0.122189295763811
01	rh_G_front_sup	0.00632415372900554	0.0891370679576559
01	lh_G_insular_short	-0.00391539053312076	0.200742536832043
01	rh_G_insular_short	0.0815581258562803	0.0588720123537565
01	lh_G_oc-temp_lat-fusifor	-0.0794624435096887	0.185040852327059
01	rh_G_oc-temp_lat-fusifor	-0.0351072827706756	0.104033361885544
01	lh_G_oc-temp_med-Lingual	0.0045395520612043	0.11805949759044
01	rh_G_oc-temp_med-Lingual	-0.0831756570681672	0.0838855108835305
01	lh_G_oc-temp_med-Parahip	0.116695167020577	0.111650932513553
01	rh_G_oc-temp_med-Parahip	0.00455359770662126	0.103693449922372
01	lh_G_occipital_middle	-0.0834742196352369	0.0727072963469648
01	rh_G_occipital_middle	-0.0615698577125873	0.0719693421155072
01	lh_G_occipital_sup	0.0354041175295435	0.117364104158511
01	rh_G_occipital_sup	-0.0301144489046964	0.0546452878238834
01	lh_G_orbital	-0.110857071890846	0.221788976491869
01	rh_G_orbital	-0.00707134950886185	0.185804687959171
01	lh_G_pariet_inf-Angular	-0.077908720350919	0.146374495154399
01	rh_G_pariet_inf-Angular	0.0195849118964668	0.0665544903417953
01	lh_G_pariet_inf-Supramar	-0.0256363613844268	0.377954763203075
01	rh_G_pariet_inf-Supramar	-0.0550639225037742	0.277890431754601
01	lh_G_parietal_sup	-0.018734963037603	0.127200490219394
01	rh_G_parietal_sup	0.0332997273338089	0.0672089727602821
01	lh_G_postcentral	-0.042572020126848	0.331609328398837
01	rh_G_postcentral	0.0695594039346972	0.257449685471156
01	lh_G_precentral	-0.104231843006439	0.246398601275719
01	rh_G_precentral	0.0141282614121462	0.177048280970005
01	lh_G_precuneus	-0.0886695229447226	0.0758156183058718
01	rh_G_precuneus	-0.139895190081124	0.0784235776471711
01	lh_G_rectus	0.0542575309304873	0.0740088149965434
01	rh_G_rectus	-0.0646678878695648	0.118677616937894
01	lh_G_subcallosal	-0.0341910341135931	0.0725919963418441
01	rh_G_subcallosal	-0.158140911399111	0.19146140939781
01	lh_G_temp_sup-G_T_transv	-0.0549780345498844	0.42460671932199
01	rh_G_temp_sup-G_T_transv	-0.0981038817661192	0.373793893328312
01	lh_G_temp_sup-Lateral	0.0236532041907219	0.117893237085021
01	rh_G_temp_sup-Lateral	0.0349384851408914	0.142629078913225
01	lh_G_temp_sup-Plan_polar	-0.107679641452664	0.223165912254374
01	rh_G_temp_sup-Plan_polar	0.0746769922932796	0.0988110423376433
01	lh_G_temp_sup-Plan_tempo	-0.00168183977610728	0.299127060692722
01	rh_G_temp_sup-Plan_tempo	-0.0758532893417699	0.232050251008761
01	lh_G_temporal_inf	-0.00116375357202948	0.166776060747876
01	rh_G_temporal_inf	-0.0378639972084788	0.139512483883563
01	lh_G_temporal_middle	0.0288777545278485	0.175540604781725
01	rh_G_temporal_middle	0.0086167642981952	0.0593349763361649
01	lh_Lat_Fis-ant-Horizont	-6.62775635358881e-05	0.0988520640120701
01	rh_Lat_Fis-ant-Horizont	0.0434106700817135	0.0809277794632353
01	lh_Lat_Fis-ant-Vertical	0.00255895674036369	0.232609376838456
01	rh_Lat_Fis-ant-Vertical	0.0115236736996999	0.154705997237318
01	lh_Lat_Fis-post	0.0154032727071332	0.137200424518682
01	rh_Lat_Fis-post	0.070790646893398	0.107571281580296
01	lh_Pole_occipital	0.0185258535040481	0.0775910254255387
01	rh_Pole_occipital	-0.0263414215524607	0.0803803001256603
01	lh_Pole_temporal	-0.100505440489715	0.136076301298447
01	rh_Pole_temporal	0.079980395706424	0.0734382237731872
01	lh_S_calcarine	-0.0525647899146382	0.170586025289346
01	rh_S_calcarine	0.0131376512462934	0.0988111940567432
01	lh_S_central	-0.0171852297431602	0.180544524690056
01	rh_S_central	-0.042161346860501	0.0979306037549524
01	lh_S_cingul-Marginalis	0.115685434072467	0.122629878529813
01	rh_S_cingul-Marginalis	0.0991785461715313	0.109945528409253
01	lh_S_circular_insula_ant	-0.0234039900058813	0.101654922284634
01	rh_S_circular_insula_ant	-0.0882776304640097	0.14156656658964
01	lh_S_circular_insula_inf	0.0961859059575732	0.108125815573487
01	rh_S_circular_insula_inf	-0.189243698490916	0.23843390044065
01	lh_S_circular_insula_sup	-0.154598984173285	0.24978602747784
01	rh_S_circular_insula_sup	-0.0742562821464008	0.174219184798703
01	lh_S_collat_transv_ant	0.11084205682585	0.156256574515225
01	rh_S_collat_transv_ant	-0.108977796549313	0.129316157373826
01	lh_S_collat_transv_post	-0.0941477281405401	0.119451790420337
01	rh_S_collat_transv_post	0.0433569000451816	0.062044719966275
01	lh_S_front_inf	-0.0486350282567014	0.29448042824192
01	rh_S_front_inf	0.134162765785655	0.201824850551282
01	lh_S_front_middle	0.052010418256859	0.109302918783233
01	rh_S_front_middle	-0.0367232163099158	0.0779325899651818
01	lh_S_front_sup	-0.00993778754432842	0.138246520580009
01	rh_S_front_sup	-0.0822993618765077	0.0828857700263393
01	lh_S_interm_prim-Jensen	0.00448174686547069	0.075980723146634
01	rh_S_interm_prim-Jensen	0.00996560038620242	0.0640952212388428
01	lh_S_intrapariet_and_P_trans	0.0896019234915674	0.0975151926033449
01	rh_S_intrapariet_and_P_trans	0.0248165219134932	0.0761170469133431
01	lh_S_oc-temp_lat	-0.0866661844099465	0.272210628261646
01	rh_S_oc-temp_lat	-0.018189775635437	0.108553959292319
01	lh_S_oc-temp_med_and_Lingual	0.062597744031508	0.220213850366641
01	rh_S_oc-temp_med_and_Lingual	-0.184105301771927	0.168028588779088
01	lh_S_oc_middle_and_Lunatus	-0.00529026348586165	0.094943666829671
01	rh_S_oc_middle_and_Lunatus	0.00649822120823855	0.0708907634922729
01	lh_S_oc_sup_and_transversal	0.042093168907309	0.0525308774758494
01	rh_S_oc_sup_and_transversal	0.0153557526826999	0.112116928952761
01	lh_S_occipital_ant	0.0170657119240179	0.102992600360856
01	rh_S_occipital_ant	-0.055944022533635	0.109417223382004
01	lh_S_orbital-H_Shaped	-0.0988587103182082	0.198713760767124
01	rh_S_orbital-H_Shaped	0.029569450577169	0.141207880055944
01	lh_S_orbital_lateral	0.0744214947543049	0.0652295368278279
01	rh_S_orbital_lateral	0.0533841665265122	0.0689523018601937
01	lh_S_orbital_med-olfact	-0.155055250792086	0.277364610799692
01	rh_S_orbital_med-olfact	-0.056009823075289	0.243346747239559
01	lh_S_parieto_occipital	-0.0301725936582559	0.114306532766006
01	rh_S_parieto_occipital	-0.0177390268121352	0.0637567451490977
01	lh_S_pericallosal	0.0618108391396093	0.159124133658505
01	rh_S_pericallosal	0.000116285088816254	0.080460640747584
01	lh_S_postcentral	0.169127335609313	0.128254438335002
01	rh_S_postcentral	-0.0406941746644144	0.117945153212364
01	lh_S_precentral-inf-part	-0.0623625807060383	0.315972377621635
01	rh_S_precentral-inf-part	-0.0133660975298079	0.298254852620942
01	lh_S_precentral-sup-part	-0.0573488630775956	0.0694944638037721
01	rh_S_precentral-sup-part	-0.0981776778372743	0.133228883325269
01	lh_S_suborbital	0.0433950716475946	0.066026936708668
01	rh_S_suborbital	-0.00599038878287678	0.0786648421182288
01	lh_S_subparietal	-0.0866736758854771	0.102921935510271
01	rh_S_subparietal	-0.0350681052377775	0.114964049296477
01	lh_S_temporal_inf	-0.0347229928507833	0.143105695563157
01	rh_S_temporal_inf	-0.0603973959298334	0.153941177396459
01	lh_S_temporal_sup	-0.117738460969159	0.135259526439773
01	rh_S_temporal_sup	-0.0648530465416452	0.0892045350484297
01	lh_S_temporal_transverse	-0.0521762882302908	0.412076165389718
01	rh_S_temporal_transverse	-0.0497172108423629	0.357783266077328
02	lh_G_Ins_lg_and_S_cent_ins	0.00359902515495071	0.201058640285085
02	rh_G_Ins_lg_and_S_cent_ins	0.0625411926329268	0.126705923704595
02	lh_G_and_S_cingul-Ant	0.00330202401993007	0.101234462018208
02	rh_G_and_S_cingul-Ant	-0.0258996107388166	0.0687679486259689
02	lh_G_and_S_cingul-Mid-Ant	0.00967149961111138	0.0956038474766728
02	rh_G_and_S_cingul-Mid-Ant	0.0355841550436069	0.0990208981629476
02	lh_G_and_S_cingul-Mid-Post	0.0234830911843323	0.077512740762158
02	rh_G_and_S_cingul-Mid-Post	-0.0134768000991222	0.0889075289149365
02	lh_G_and_S_frontomargin	0.0245515453733419	0.100075792988379
02	rh_G_and_S_frontomargin	0.0407401079757071	0.061392215930347
02	lh_G_and_S_occipital_inf	-0.0261815388996415	0.102455885765259
02	rh_G_and_S_occipital_inf	-0.0468958224794083	0.0790582081309926
02	lh_G_and_S_paracentral	0.0699622026560813	0.109201748229454
02	rh_G_and_S_paracentral	0.0406256241198998	0.085703551445384
02	lh_G_and_S_subcentral	0.0150027523798804	0.145031035099026
02	rh_G_and_S_subcentral	0.0743544000330905	0.238260590095774
02	lh_G_and_S_transv_frontopol	-0.0501553482866108	0.114165586242126
02	rh_G_and_S_transv_frontopol	-0.0390058129601639	0.0864904675627878
02	lh_G_cingul-Post-dorsal	0.0274058873230311	0.0970767934632437
02	rh_G_cingul-Post-dorsal	-0.00225558726806886	0.0700701434829201
02	lh_G_cingul-Post-ventral	0.0958430746509598	0.120489543500464
02	rh_G_cingul-Post-ventral	0.0140668684012488	0.0557111128001051
02	lh_G_cuneus	-0.0110697833762421	0.0674714705825017
02	rh_G_cuneus	0.0372166370964909	0.0759168422383381
02	lh_G_front_inf-Opercular	-0.0739025327577699	0.0707370505018513
02	rh_G_front_inf-Opercular	0.0223206600373406	0.162599126610717
02	lh_G_front_inf-Orbital	0.0765952616213873	0.144715116397658
02	rh_G_front_inf-Orbital	0.0495958785418546	0.133125148041488
02	lh_G_front_inf-Triangul	0.113698362749622	0.0864456621861356
02	rh_G_front_inf-Triangul	0.0315912889844722	0.118028276862826
02	lh_G_front_middle	0.0406903018718989	0.0892935440347184
02	rh_G_front_middle	0.0270835576953267	0.0569288115430282
02	lh_G_front_sup	-0.120730593146529	0.100161109373911
02	rh_G_front_sup	-0.0238064428286507	0.0890691415314843
02	lh_G_insular_short	0.052848067745926	0.147088079208399
02	rh_G_insular_short	0.0382515703621013	0.0981322427404547
02	lh_G_oc-temp_lat-fusifor	-0.0407233905215144	0.132446604213047
02	rh_G_oc-temp_lat-fusifor	0.0062663709798551	0.112995140939532
02	lh_G_oc-temp_med-Lingual	0.0563333391140972	0.105953950814275
02	rh_G_oc-temp_med-Lingual	-0.00151317827619497	0.0815240889912438
02	lh_G_oc-temp_med-Parahip	0.00225552254753077	0.102242743635287
02	rh_G_oc-temp_med-Parahip	-0.0417274049609146	0.104947847429257
02	lh_G_occipital_middle	-0.0323486479670233	0.107070249085538
02	rh_G_occipital_middle	-0.0195607236847805	0.105554604542645
02	lh_G_occipital_sup	-0.0333946090172293	0.106646332960795
02	rh_G_occipital_sup	-0.0336463402613288	0.101770860172808
02	lh_G_orbital	-0.00241104076051499	0.172209729007115
02	rh_G_orbital	0.0823979463991924	0.17089648959972
02	lh_G_pariet_inf-Angular	-0.0187522352476598	0.0725572593821573
02	rh_G_pariet_inf-Angular	0.00627836875552691	0.0609987500887455
02	lh_G_pariet_inf-Supramar	0.0511139844680059	0.192424445896612
02	rh_G_pariet_inf-Supramar	-0.0450585150576825	0.227601113132498
02	lh_G_parietal_sup	-0.0440840667177905	0.0730361715075355
02	rh_G_parietal_sup	-0.0184322571351152	0.0647488403704186
02	lh_G_postcentral	-0.132743626830807	0.119274439641056
02	rh_G_postcentral	0.0302591585988211	0.180331250977996
02	lh_G_precentral	0.015603877641329	0.0689713808242595
02	rh_G_precentral	0.0671498565118835	0.100136779081828
02	lh_G_precuneus	0.0229756359316783	0.109930562219216
02	rh_G_precuneus	-0.113674655236024	0.107507185196404
02	lh_G_rectus	0.0227600120495616	0.0823724626865751
02	rh_G_rectus	0.0063708811726932	0.0867273389363815
02	lh_G_subcallosal	-0.0437038500558784	0.120134321659753
02	rh_G_subcallosal	-0.0258005737208489	0.0850576112036044
02	lh_G_temp_sup-G_T_transv	0.073201820401092	0.205630859255121
02	rh_G_temp_sup-G_T_transv	0.0991787563049474	0.297206744873586
02	lh_G_temp_sup-Lateral	0.0628395834225969	0.159682573416131
02	rh_G_temp_sup-Lateral	0.0315756454557802	0.226678123085689
02	lh_G_temp_sup-Plan_polar	0.0684158493564948	0.106488362609575
02	rh_G_temp_sup-Plan_polar	0.107635488892414	0.138962369242527
02	lh_G_temp_sup-Plan_tempo	-0.173488169622082	0.215852482345962
02	rh_G_temp_sup-Plan_tempo	-0.0790142257013781	0.230365056696603
02	lh_G_temporal_inf	0.0491381020586283	0.150955308918519
02	rh_G_temporal_inf	-0.166900050443351	0.180905883560618
02	lh_G_temporal_middle	0.0739280989561851	0.0897574445213909
02	rh_G_temporal_middle	0.0116765084386053	0.137565090190581
02	lh_Lat_Fis-ant-Horizont	0.057966183572974	0.177521836296288
02	rh_Lat_Fis-ant-Horizont	0.0207728365637368	0.103862371440591
02	lh_Lat_Fis-ant-Vertical	-0.00425279341696815	0.078487261630604
02	rh_Lat_Fis-ant-Vertical	-0.0201353793564227	0.135090979291812
02	lh_Lat_Fis-post	0.001308976540558	0.172138081558241
02	rh_Lat_Fis-post	0.0106541100475678	0.101742490558516
02	lh_Pole_occipital	-0.0146032207728884	0.0683615957238021
02	rh_Pole_occipital	0.050243777012656	0.105584017286318
02	lh_Pole_temporal	0.0425830345024975	0.0753703005180038
02	rh_Pole_temporal	0.0116017431155973	0.0757407395185636
02	lh_S_calcarine	0.066977049004404	0.0973325184877759
02	rh_S_calcarine	-0.00439135481262968	0.0668435507620429
02	lh_S_central	-0.079710577060288	0.128042026447812
02	rh_S_central	0.0125009170826548	0.0812113751507468
02	lh_S_cingul-Marginalis	0.017873426009562	0.108409527283987
02	rh_S_cingul-Marginalis	-0.132780452607808	0.102927245526721
02	lh_S_circular_insula_ant	0.0240186170387205	0.140151796307755
02	rh_S_circular_insula_ant	-0.0906802389047949	0.100555929689066
02	lh_S_circular_insula_inf	0.0842935795092395	0.144929677956977
02	rh_S_circular_insula_inf	0.0806855321634696	0.157341837995396
02	lh_S_circular_insula_sup	0.000373102716613144	0.145926531094327
02	rh_S_circular_insula_sup	0.0176709490370215	0.157388357098183
02	lh_S_collat_transv_ant	0.0578274083651754	0.114824565290178
02	rh_S_collat_transv_ant	0.0134716658184186	0.10585209101893
02	lh_S_collat_transv_post	-0.0462717564367626	0.0899109320842656
02	rh_S_collat_transv_post	0.010900504715161	0.0763534025038182
02	lh_S_front_inf	0.116637939266639	0.0807228468889405
02	rh_S_front_inf	0.0813043522440978	0.147075022874718
02	lh_S_front_middle	0.0233601653652987	0.0856404259988423
02	rh_S_front_middle	-0.0358715220316683	0.108714969958229
02	lh_S_front_sup	0.00445718051450801	0.0963522510878575
02	rh_S_front_sup	0.00655523154209167	0.128544292654779
02	lh_S_interm_prim-Jensen	0.0554301092100173	0.110632406350489
02	rh_S_interm_prim-Jensen	-0.0451347685581289	0.0821804764092955
02	lh_S_intrapariet_and_P_trans	-0.00938156638797859	0.10519364094488
02	rh_S_intrapariet_and_P_trans	0.0595787172428225	0.0778493735076479
02	lh_S_oc-temp_lat	0.0291618021667545	0.150721175862489
02	rh_S_oc-temp_lat	-0.0288959063979676	0.106648031292898
02	lh_S_oc-temp_med_and_Lingual	0.100452675771746	0.178052325197913
02	rh_S_oc-temp_med_and_Lingual	-0.030328085613721	0.138657460379325
02	lh_S_oc_middle_and_Lunatus	-0.0991379027345057	0.0676363993331304
02	rh_S_oc_middle_and_Lunatus	-0.0631537225821259	0.0728361130713029
02	lh_S_oc_sup_and_transversal	0.0555961054813803	0.0874712216695332
02	rh_S_oc_sup_and_transversal	0.10289744555692	0.0999694865250663
02	lh_S_occipital_ant	0.0371875601460136	0.112709300184293
02	rh_S_occipital_ant	-0.00412732800826728	0.0923783418490887
02	lh_S_orbital-H_Shaped	0.0215343916454708	0.180068310193357
02	rh_S_orbital-H_Shaped	0.0362126427358357	0.161503367217487
02	lh_S_orbital_lateral	0.165501856276745	0.103289273648011
02	rh_S_orbital_lateral	-0.037695927113095	0.0969184839805673
02	lh_S_orbital_med-olfact	0.0289040524213701	0.195209550522241
02	rh_S_orbital_med-olfact	-0.00720716863325524	0.188216747706687
02	lh_S_parieto_occipital	0.0426421724063932	0.112482834557676
02	rh_S_parieto_occipital	-0.0255551558188927	0.0643567994135243
02	lh_S_pericallosal	0.0448665361728195	0.0712261719562375
02	rh_S_pericallosal	-0.0463547730410745	0.0954274621023608
02	lh_S_postcentral	0.0593054424055386	0.0767089381093486
02	rh_S_postcentral	-0.0998953993344614	0.128799921363844
02	lh_S_precentral-inf-part	0.0753450156580639	0.142321167391787
02	rh_S_precentral-inf-part	0.0517166667812152	0.182223453675857
02	lh_S_precentral-sup-part	0.0763305694554671	0.10440295702049
02	rh_S_precentral-sup-part	-0.0111351860433325	0.143120106427328
02	lh_S_suborbital	0.0497062034542046	0.0835305625065733
02	rh_S_suborbital	0.0121289236610604	0.0819747796272152
02	lh_S_subparietal	0.0668639945720273	0.105170675699344
02	rh_S_subparietal	-0.0750411412814938	0.0886547179543438
02	lh_S_temporal_inf	-0.0395835666707945	0.117841247236415
02	rh_S_temporal_inf	-0.000916700583844923	0.110037037244964
02	lh_S_temporal_sup	0.0624671906253866	0.0981725730110742
02	rh_S_temporal_sup	0.0391423110299177	0.136652308539399
02	lh_S_temporal_transverse	0.0156940486401642	0.228228238240205
02	rh_S_temporal_transverse	0.0162166120900204	0.348626777062071
03	lh_G_Ins_lg_and_S_cent_ins	0.0753926636116002	0.0991117390427956
03	rh_G_Ins_lg_and_S_cent_ins	0.000282718933423277	0.0743065612269077
03	lh_G_and_S_cingul-Ant	-0.0221219513156168	0.0600023701400598
03	rh_G_and_S_cingul-Ant	0.072255920544024	0.148246275255209
03	lh_G_and_S_cingul-Mid-Ant	-0.0444296146957379	0.0847951596871287
03	rh_G_and_S_cingul-Mid-Ant	-0.12898137107755	0.130727294148189
03	lh_G_and_S_cingul-Mid-Post	0.0314676450553968	0.086528867608846
03	rh_G_and_S_cingul-Mid-Post	0.0741321157089827	0.109799633659056
03	lh_G_and_S_frontomargin	-0.0029076614847339	0.0506913310902661
03	rh_G_and_S_frontomargin	0.0463280806861269	0.0750405559968152
03	lh_G_and_S_occipital_inf	0.00379948602804246	0.0815703190031062
03	rh_G_and_S_occipital_inf	0.0987494771611364	0.133272404704523
03	lh_G_and_S_paracentral	-0.0571366586046132	0.08970142750253
03	rh_G_and_S_paracentral	0.0143817500475093	0.0862248049605022
03	lh_G_and_S_subcentral	-0.00968250216163022	0.0935986460768722
03	rh_G_and_S_subcentral	0.0374505909566153	0.141164533797913
03	lh_G_and_S_transv_frontopol	0.0957760076650226	0.107795412899277
03	rh_G_and_S_transv_frontopol	0.000206919567563038	0.0873364790886169
03	lh_G_cingul-Post-dorsal	0.0120135341536918	0.100065553914564
03	rh_G_cingul-Post-dorsal	-0.043017521273236	0.10072309017836
03	lh_G_cingul-Post-ventral	0.069521735720169	0.100854657904334
03	rh_G_cingul-Post-ventral	-0.0130219050727964	0.195258552254249
03	lh_G_cuneus	-0.0476670345986229	0.0740753200336768
03	rh_G_cuneus	0.0396837929223585	0.0587176447013202
03	lh_G_front_inf-Opercular	-0.024450935760184	0.167986477961209
03	rh_G_front_inf-Opercular	-0.0105421980755459	0.188068176561497
03	lh_G_front_inf-Orbital	0.0254405462347385	0.149677429356405
03	rh_G_front_inf-Orbital	0.0630806814830393	0.281089879132948
03	lh_G_front_inf-Triangul	-0.0387642762608829	0.0792950811872893
03	rh_G_front_inf-Triangul	0.0883608810370186	0.126776991727563
03	lh_G_front_middle	0.0185733146330259	0.0857969399089318
03	rh_G_front_middle	0.00466896474275898	0.0793651052099126
03	lh_G_front_sup	-0.0614080507989554	0.0851578566286287
03	rh_G_front_sup	0.070678156079801	0.131613586123548
03	lh_G_insular_short	-0.0431337418607578	0.20649482340811
03	rh_G_insular_short	0.0118801805902048	0.0797416341625274
03	lh_G_oc-temp_lat-fusifor	-0.0910324132930593	0.171190963803553
03	rh_G_oc-temp_lat-fusifor	0.0453225647035113	0.181627672339601
03	lh_G_oc-temp_med-Lingual	-0.0119280130611651	0.0706457222999645
03	rh_G_oc-temp_med-Lingual	-0.0726503063596793	0.0767622355183718
03	lh_G_oc-temp_med-Parahip	0.0429405464538994	0.0638532762072423
03	rh_G_oc-temp_med-Parahip	0.0637779822898693	0.128049100166439
03	lh_G_occipital_middle	0.00639299672058982	0.0631205409392148
03	rh_G_occipital_middle	0.0604839114775858	0.0709225934244555
03	lh_G_occipital_sup	0.00944881075809438	0.0650406409856864
03	rh_G_occipital_sup	-0.107219133643886	0.087029593693131
03	lh_G_orbital	0.075946365090572	0.258839805792136
03	rh_G_orbital	-0.0281993191400303	0.286796399873897
03	lh_G_pariet_inf-Angular	0.0738951841888766	0.0696928061308648
03	rh_G_pariet_inf-Angular	0.0142634041882426	0.0727580598551468
03	lh_G_pariet_inf-Supramar	-0.020605630434081	0.178303998688804
03	rh_G_pariet_inf-Supramar	0.0535987377173303	0.341869201150535
03	lh_G_parietal_sup	0.0323034589349367	0.0723758514029362
03	rh_G_parietal_sup	0.00963595408779572	0.0774583727216021
03	lh_G_postcentral	-0.020599109403214	0.0912822384840589
03	rh_G_postcentral	0.103383495723116	0.307240781490839
03	lh_G_precentral	0.0170656540652525	0.0871066785967564
03	rh_G_precentral	-0.000149478456518276	0.261660822568417
03	lh_G_precuneus	-0.000161228550371581	0.0649577620737476
03	rh_G_precuneus	-0.0612010965207024	0.0675406936760318
03	lh_G_rectus	-0.0368824024935833	0.0940732805137573
03	rh_G_rectus	0.0629416668945783	0.237777878023588
03	lh_G_subcallosal	0.118750353647125	0.148566040425593
03	rh_G_subcallosal	0.129298187878501	0.193686054358404
03	lh_G_temp_sup-G_T_transv	-0.0266504248500637	0.254824584645974
03	rh_G_temp_sup-G_T_transv	-0.0399279167239202	0.381158888147294
03	lh_G_temp_sup-Lateral	-0.0018057352931784	0.370083905298042
03	rh_G_temp_sup-Lateral	0.0120897638277946	0.373220351960235
03	lh_G_temp_sup-Plan_polar	0.0544139742715275	0.304194437096736
03	rh_G_temp_sup-Plan_polar	0.0998435101912236	0.355355814241065
03	lh_G_temp_sup-Plan_tempo	0.0749376791315675	0.324704500646293
03	rh_G_temp_sup-Plan_tempo	0.147642534422203	0.222240986143932
03	lh_G_temporal_inf	-0.0573641987240766	0.260120812316709
03	rh_G_temporal_inf	0.26973500895316	0.225023029061234
03	lh_G_temporal_middle	0.0871976090753516	0.189093319067752
03	rh_G_temporal_middle	-0.0539057191918438	0.142687064289772
03	lh_Lat_Fis-ant-Horizont	0.0863462211143429	0.121333568718317
03	rh_Lat_Fis-ant-Horizont	0.0918442643035894	0.177988722697984
03	lh_Lat_Fis-ant-Vertical	-0.0479696086576349	0.245585685756103
03	rh_Lat_Fis-ant-Vertical	0.0882741239671996	0.184765182361756
03	lh_Lat_Fis-post	-0.0525931449051928	0.262619094307314
03	rh_Lat_Fis-post	-0.00138114430321029	0.102384124216268
03	lh_Pole_occipital	0.0707094693801566	0.0766011510165331
03	rh_Pole_occipital	-0.0115317432543178	0.112165372681224
03	lh_Pole_temporal	0.106662129498935	0.0915351581670289
03	rh_Pole_temporal	0.240824587780806	0.254883721581479
03	lh_S_calcarine	0.0906694142297227	0.050674210069218
03	rh_S_calcarine	-9.82314861957961e-05	0.127594166053611
03	lh_S_central	0.000648860814062333	0.11466302542408
03	rh_S_central	-0.0455390592093923	0.0882040643719742
03	lh_S_cingul-Marginalis	-0.0467807264195845	0.0965771675301127
03	rh_S_cingul-Marginalis	-0.033485503700413	0.0958677677813816
03	lh_S_circular_insula_ant	-0.111666756209768	0.117847949317782
03	rh_S_circular_insula_ant	0.0445216303111387	0.115191791187001
03	lh_S_circular_insula_inf	0.148779952732175	0.133832799608359
03	rh_S_circular_insula_inf	0.047324468961805	0.135906398723608
03	lh_S_circular_insula_sup	0.00247518585587072	0.0814362018287998
03	rh_S_circular_insula_sup	-0.0363711075597592	0.0932309071746537
03	lh_S_collat_transv_ant	0.107081616043465	0.119412504373743
03	rh_S_collat_transv_ant	0.0745953763142273	0.0895307628935733
03	lh_S_collat_transv_post	0.0346270317195238	0.0789902449034244
03	rh_S_collat_transv_post	-0.00337488621415526	0.0787789305672468
03	lh_S_front_inf	-0.0429839862301942	0.222417181083373
03	rh_S_front_inf	-0.0193317911635215	0.291448342345949
03	lh_S_front_middle	-0.0212086347687094	0.129267134519948
03	rh_S_front_middle	0.000955611743438195	0.0542641450316819
03	lh_S_front_sup	-0.0447618049079106	0.0554410959901289
03	rh_S_front_sup	-0.00715373209215722	0.115010182706488
03	lh_S_interm_prim-Jensen	0.0462051096957368	0.0991237483498041
03	rh_S_interm_prim-Jensen	0.0263211777192738	0.0751205794518217
03	lh_S_intrapariet_and_P_trans	-0.0188283677041321	0.096025224945647
03	rh_S_intrapariet_and_P_trans	-0.0324737294454525	0.0505958739641566
03	lh_S_oc-temp_lat	-0.0531773772392836	0.0872004260718165
03	rh_S_oc-temp_lat	0.079133580262038	0.142050820264247
03	lh_S_oc-temp_med_and_Lingual	0.0769393980261174	0.239563681283893
03	rh_S_oc-temp_med_and_Lingual	0.0132027517644435	0.190248622882346
03	lh_S_oc_middle_and_Lunatus	0.0511234606922449	0.084295304917088
03	rh_S_oc_middle_and_Lunatus	0.0719145782718134	0.0818379085411948
03	lh_S_oc_sup_and_transversal	0.0900811837405358	0.0817269361306086
03	rh_S_oc_sup_and_transversal	-0.0291399679051281	0.0719629543127815
03	lh_S_occipital_ant	0.0284451998974609	0.0951027036069825
03	rh_S_occipital_ant	0.153170146538329	0.169395164159101
03	lh_S_orbital-H_Shaped	0.0920172098001471	0.250183923843772
03	rh_S_orbital-H_Shaped	-0.0519435741773353	0.170374752285613
03	lh_S_orbital_lateral	-0.0358637854976188	0.0504867063049434
03	rh_S_orbital_lateral	0.0367523699412267	0.0901463378009733
03	lh_S_orbital_med-olfact	0.0297956059820259	0.309543089959089
03	rh_S_orbital_med-olfact	0.0482537336174547	0.320390227576682
03	lh_S_parieto_occipital	-0.0294851780821148	0.0713305080127807
03	rh_S_parieto_occipital	0.0107327547206444	0.103003230230879
03	lh_S_pericallosal	-0.00445845654783206	0.075826099146865
03	rh_S_pericallosal	-0.0708278709499718	0.0778020694241752
03	lh_S_postcentral	0.0602041020587306	0.145146669906205
03	rh_S_postcentral	-0.0800586075658232	0.149989313130061
03	lh_S_precentral-inf-part	-0.0835895798152514	0.286533268766965
03	rh_S_precentral-inf-part	-0.0502624110599698	0.298848928701891
03	lh_S_precentral-sup-part	-0.0455937059311522	0.0847634609539273
03	rh_S_precentral-sup-part	0.0636052625593944	0.118596428158311
03	lh_S_suborbital	0.0901262167340547	0.114978593157899
03	lh_S_subparietal	-0.0419514044955388	0.0996123231961354
03	rh_S_subparietal	-0.0608307515922468	0.124958952776472
03	lh_S_temporal_inf	0.114717988840232	0.209852671525251
03	rh_S_temporal_inf	0.131347735092546	0.248495499073375
03	lh_S_temporal_sup	0.0644940204602727	0.11032544804913
03	rh_S_temporal_sup	0.0453260241540878	0.20350546126661
03	lh_S_temporal_transverse	-0.00480315501017164	0.417421409916315
03	rh_S_temporal_transverse	0.0198349110868348	0.402111645914823
04	lh_G_Ins_lg_and_S_cent_ins	0.0252605214894445	0.136807957004349
04	rh_G_Ins_lg_and_S_cent_ins	-0.0935938364044389	0.103059896310399
04	lh_G_and_S_cingul-Ant	-0.00933140910491367	0.0787030749359949
04	rh_G_and_S_cingul-Ant	-0.0542466490198304	0.0620256644066767
04	lh_G_and_S_cingul-Mid-Ant	0.0238372542085826	0.107561877449953
04	rh_G_and_S_cingul-Mid-Ant	0.0362123498850112	0.058448811042542
04	lh_G_and_S_cingul-Mid-Post	-0.0192759131382163	0.11380305520777
04	rh_G_and_S_cingul-Mid-Post	-0.0399333753157529	0.0765254084048759
04	lh_G_and_S_frontomargin	0.0201682805619168	0.0645577567512249
04	rh_G_and_S_frontomargin	-0.0356911640284735	0.0828874125434634
04	lh_G_and_S_occipital_inf	-0.0617107363557035	0.0968733158751188
04	rh_G_and_S_occipital_inf	-0.0229341976789129	0.0919565295881506
04	lh_G_and_S_paracentral	0.0654932858989327	0.0982530939676884
04	rh_G_and_S_paracentral	-0.0324623787413593	0.0592395836898494
04	lh_G_and_S_subcentral	-0.240014616397222	0.13509003230045
04	rh_G_and_S_subcentral	-0.0219481951623443	0.210775792922428
04	lh_G_and_S_transv_frontopol	0.0315685976434172	0.0740022675274508
04	rh_G_and_S_transv_frontopol	0.0367198568941286	0.0659278832798654
04	lh_G_cingul-Post-dorsal	0.109293496233145	0.0664811624790705
04	rh_G_cingul-Post-dorsal	0.0670055411951334	0.049186267469764
04	lh_G_cingul-Post-ventral	0.0650044703788702	0.0914836006306136
04	rh_G_cingul-Post-ventral	-0.0141371383519153	0.106751938872399
04	lh_G_cuneus	-0.0182784149378944	0.108549183238185
04	rh_G_cuneus	-0.0904002688496766	0.0739216684643277
04	lh_G_front_inf-Opercular	0.0254856154165098	0.0687585468894837
04	rh_G_front_inf-Opercular	0.00265041238282607	0.100578728148553
04	lh_G_front_inf-Orbital	0.0096477162709749	0.0852844561139256
04	rh_G_front_inf-Orbital	0.066469829914059	0.0976308730715568
04	lh_G_front_inf-Triangul	-0.0346411837220518	0.115044321136368
04	rh_G_front_inf-Triangul	0.0114921353243644	0.115097795003282
04	lh_G_front_middle	-0.0024414592926072	0.0763822568924669
04	rh_G_front_middle	-0.0947137317626209	0.0565549090105565
04	lh_G_front_sup	0.0518622873405263	0.117760016646749
04	rh_G_front_sup	0.0681222905321125	0.0778150134285715
04	lh_G_insular_short	0.0260791501613346	0.126328222968646
04	rh_G_insular_short	-0.0387971556278814	0.073599896795642
04	lh_G_oc-temp_lat-fusifor	0.0150423005744835	0.109264126022827
04	rh_G_oc-temp_lat-fusifor	0.0130833719200872	0.0939439526343564
04	lh_G_oc-temp_med-Lingual	0.0563075763527974	0.0923425924724354
04	rh_G_oc-temp_med-Lingual	0.00342252461378957	0.0889294661250195
04	lh_G_oc-temp_med-Parahip	0.0352167088323371	0.0836459618951415
04	rh_G_oc-temp_med-Parahip	-0.0538773711045681	0.109299432584531
04	lh_G_occipital_middle	0.0100407434793932	0.0545654951526665
04	rh_G_occipital_middle	-0.0450348421268818	0.0683867895623547
04	lh_G_occipital_sup	0.0741586500188788	0.0802652220376911
04	rh_G_occipital_sup	-0.00471229558030751	0.0658272124591281
04	lh_G_orbital	0.0195735567253651	0.0963163575991263
04	rh_G_orbital	0.0342363554992749	0.131819366211314
04	lh_G_pariet_inf-Angular	0.0575456659069334	0.0624246128986322
04	rh_G_pariet_inf-Angular	-0.00218063201653117	0.168282497373612
04	lh_G_pariet_inf-Supramar	-0.0151483976621478	0.144313162285917
04	rh_G_pariet_inf-Supramar	0.0405711140546275	0.237347570903235
04	lh_G_parietal_sup	0.0551537998671108	0.0855967713979881
04	rh_G_parietal_sup	-0.0253033541789279	0.0788139351692348
04	lh_G_postcentral	-0.0481696137324282	0.125702487623836
04	rh_G_postcentral	0.0727568026688581	0.23768088878969
04	lh_G_precentral	0.00401915336048854	0.090284578662899
04	rh_G_precentral	-0.0300219616429697	0.154392796139233
04	lh_G_precuneus	0.0477785169254002	0.0569206357059917
04	rh_G_precuneus	-0.0437844837348109	0.0821722471827527
04	lh_G_rectus	-0.0549849993166315	0.0784006720444239
04	rh_G_rectus	-0.00389522140239965	0.116727257400154
04	lh_G_subcallosal	0.0954426493970667	0.107960208013389
04	rh_G_subcallosal	-0.0398695041976497	0.0920610717723964
04	lh_G_temp_sup-G_T_transv	-0.205925453058322	0.165709326906525
04	rh_G_temp_sup-G_T_transv	-0.00669733326421185	0.288890431984671
04	lh_G_temp_sup-Lateral	-0.0704138985289478	0.150782982414859
04	rh_G_temp_sup-Lateral	0.0674392629596892	0.169560787765223
04	lh_G_temp_sup-Plan_polar	-0.0939198834409456	0.0982604320871354
04	rh_G_temp_sup-Plan_polar	-0.0407207635328705	0.171710389775035
04	lh_G_temp_sup-Plan_tempo	-0.00800614022029184	0.148919837155344
04	rh_G_temp_sup-Plan_tempo	0.0685294366210307	0.224579922302137
04	lh_G_temporal_inf	-0.0554510472278472	0.0743882910687894
04	rh_G_temporal_inf	0.0159690930027369	0.128764781836132
04	lh_G_temporal_middle	-0.0675074492850008	0.083476924886437
04	rh_G_temporal_middle	-0.0104273725275849	0.10541699230729
04	lh_Lat_Fis-ant-Horizont	0.0485069017284479	0.0818985909851019
04	rh_Lat_Fis-ant-Horizont	-0.0626906077600636	0.0541302837978535
04	lh_Lat_Fis-ant-Vertical	-0.110550814221753	0.159289934756058
04	rh_Lat_Fis-ant-Vertical	-0.018167855987826	0.186671807306063
04	lh_Lat_Fis-post	0.113405567074816	0.121733135538218
04	rh_Lat_Fis-post	-0.0501638453990107	0.136757410334415
04	lh_Pole_occipital	-0.0311259017959747	0.0612940570226102
04	rh_Pole_occipital	-0.0332009740991824	0.066151883597827
04	lh_Pole_temporal	-0.00758491800151637	0.079594210206248
04	rh_Pole_temporal	0.084732635631232	0.0974992397027909
04	lh_S_calcarine	0.0528518904084563	0.099259398575559
04	rh_S_calcarine	0.021917262619424	0.136682193921351
04	lh_S_central	-0.0219555291678498	0.0872023926630567
04	rh_S_central	0.0156311612286	0.123616254007485
04	lh_S_cingul-Marginalis	0.0723745605188213	0.105986545404444
04	rh_S_cingul-Marginalis	-0.0423646082538568	0.0804333941992168
04	lh_S_circular_insula_ant	0.0643789148557261	0.0867263371401587
04	rh_S_circular_insula_ant	0.0281506357143801	0.118073835747714
04	lh_S_circular_insula_inf	-0.0364428436779022	0.085706312297873
04	rh_S_circular_insula_inf	0.067496678321486	0.0972830215913235
04	lh_S_circular_insula_sup	-0.053123065939643	0.0879557629605174
04	rh_S_circular_insula_sup	-0.00226455954186599	0.104781368480187
04	lh_S_collat_transv_ant	-0.0311698538919104	0.0707618842592317
04	rh_S_collat_transv_ant	0.0326924206042045	0.0869972345501259
04	lh_S_collat_transv_post	-0.0101218147358825	0.111461369105897
04	rh_S_collat_transv_post	-0.0136390128037337	0.093917079996426
04	lh_S_front_inf	0.0520641371815175	0.138676899509425
04	rh_S_front_inf	-0.0188903720416239	0.201288936088123
04	lh_S_front_middle	0.0732448590199456	0.0866281124853342
04	rh_S_front_middle	-0.0877086957102779	0.0749690950803632
04	lh_S_front_sup	0.0388809964561789	0.110887316846589
04	rh_S_front_sup	0.00164446872316087	0.0584952021177915
04	lh_S_interm_prim-Jensen	0.0667171569372115	0.116388036963885
04	rh_S_interm_prim-Jensen	-0.0954456192602212	0.0992666959067856
04	lh_S_intrapariet_and_P_trans	0.099607573098995	0.0603984190795348
04	rh_S_intrapariet_and_P_trans	-0.0413467944469753	0.0846651998750806
04	lh_S_oc-temp_lat	-0.0211902616787008	0.103022423115337
04	rh_S_oc-temp_lat	0.0227972073439664	0.142627263357754
04	lh_S_oc-temp_med_and_Lingual	-0.0550179355767395	0.145489750189398
04	rh_S_oc-temp_med_and_Lingual	0.0521097519220335	0.101841509653434
04	lh_S_oc_middle_and_Lunatus	0.0106822556546554	0.0724123718516604
04	rh_S_oc_middle_and_Lunatus	-0.0654834091264588	0.0717267014558161
04	lh_S_oc_sup_and_transversal	0.000953613827591716	0.1242439264862
04	rh_S_oc_sup_and_transversal	-0.0937189684751876	0.073929866364572
04	lh_S_occipital_ant	0.0123700157867025	0.0814297709303405
04	rh_S_occipital_ant	-0.00657905362795448	0.0924068603811859
04	lh_S_orbital-H_Shaped	0.0014117205488053	0.0905332043978214
04	rh_S_orbital-H_Shaped	-0.00206552739919109	0.140076728110549
04	lh_S_orbital_lateral	-0.0872129762473427	0.0700096596074924
04	rh_S_orbital_lateral	-0.0101088352245974	0.0780488007901798
04	lh_S_orbital_med-olfact	0.000714022593620717	0.121305982761314
04	rh_S_orbital_med-olfact	-0.0980914491238251	0.142088607536341
04	lh_S_parieto_occipital	0.0018359581004604	0.073063942058085
04	rh_S_parieto_occipital	-0.0209785527291817	0.141990437355151
04	lh_S_pericallosal	-0.0252626166832534	0.0700447985089488
04	rh_S_pericallosal	0.0535770419806689	0.0704187402026167
04	lh_S_postcentral	0.179311619162642	0.101012841300915
04	rh_S_postcentral	0.0366623701543449	0.0729069557305989
04	lh_S_precentral-inf-part	0.0209577576816353	0.102456065641426
04	rh_S_precentral-inf-part	-0.00727354776300254	0.158279263445958
04	lh_S_precentral-sup-part	0.019577704167647	0.0950342165592737
04	rh_S_precentral-sup-part	0.0677950996229544	0.0572707947857821
04	lh_S_suborbital	-0.0452389625466716	0.0641714689813709
04	rh_S_suborbital	-0.0380045129325556	0.0756323339888664
04	lh_S_subparietal	0.10253565813808	0.0891657067138951
04	rh_S_subparietal	0.0457012731496513	0.0825229406249629
04	lh_S_temporal_inf	-0.0638461465136826	0.0808553472767594
04	rh_S_temporal_inf	-0.0139911208381578	0.10679067153805
04	lh_S_temporal_sup	-0.00783429399162149	0.057816472413511
04	rh_S_temporal_sup	-0.0177762768399475	0.105643363164602
04	lh_S_temporal_transverse	-0.107521544392428	0.113920283331377
04	rh_S_temporal_transverse	0.0458583792351172	0.296728469489424
05	lh_G_Ins_lg_and_S_cent_ins	-0.0233025280004716	0.17551420468842
05	rh_G_Ins_lg_and_S_cent_ins	0.00162412621024326	0.141709040902841
05	lh_G_and_S_cingul-Ant	-0.0106115734551941	0.107470448806064
05	rh_G_and_S_cingul-Ant	-0.0359658435144171	0.182989003307614
05	lh_G_and_S_cingul-Mid-Ant	0.000780566096530967	0.0781625028919147
05	rh_G_and_S_cingul-Mid-Ant	0.0471757129751331	0.151389741274168
05	lh_G_and_S_cingul-Mid-Post	0.0737479344878367	0.0620936190563684
05	rh_G_and_S_cingul-Mid-Post	-0.0335307322914952	0.157234351260745
05	lh_G_and_S_frontomargin	0.0208735956946814	0.0789987448562641
05	rh_G_and_S_frontomargin	0.0820454817199203	0.0942691980567816
05	lh_G_and_S_occipital_inf	-0.00561830266267445	0.0630482542444207
05	rh_G_and_S_occipital_inf	-0.0366935848182617	0.0705722468842181
05	lh_G_and_S_paracentral	-0.0394236097174727	0.076267537542642
05	rh_G_and_S_paracentral	-0.0462662022221235	0.137004188182243
05	lh_G_and_S_subcentral	-0.283470865809698	0.164017413901713
05	rh_G_and_S_subcentral	0.00847766433909969	0.308075277385527
05	lh_G_and_S_transv_frontopol	-0.0134911512662845	0.0887223269746472
05	rh_G_and_S_transv_frontopol	-0.00124252186809397	0.115085600454053
05	lh_G_cingul-Post-dorsal	-0.0341464503691875	0.111007513842538
05	rh_G_cingul-Post-dorsal	0.0267694622510288	0.144855612214724
05	lh_G_cingul-Post-ventral	0.0627558862229426	0.136359141226362
05	rh_G_cingul-Post-ventral	-0.0323942652817814	0.198748158709778
05	lh_G_cuneus	0.0953945914720166	0.110606293889
05	rh_G_cuneus	0.0106763221469211	0.0947230499425379
05	lh_G_front_inf-Opercular	0.0510041243955308	0.126292994857604
05	rh_G_front_inf-Opercular	-0.0598134388606652	0.101249842140731
05	lh_G_front_inf-Orbital	-0.0265589904880423	0.156094521968058
05	rh_G_front_inf-Orbital	0.0691987059610905	0.0949694469539221
05	lh_G_front_inf-Triangul	0.0189419740064001	0.0827339881846696
05	rh_G_front_inf-Triangul	0.0514184722335352	0.108390848444347
05	lh_G_front_middle	-0.0447894505778364	0.122695528364084
05	rh_G_front_middle	-0.026628036842811	0.0948721543091125
05	lh_G_front_sup	0.0356003869759952	0.121640010310572
05	rh_G_front_sup	0.0810191129932845	0.125298143878239
05	lh_G_insular_short	-0.0636725163382905	0.130695938983389
05	rh_G_insular_short	-0.102370133389889	0.0886490919423107
05	lh_G_oc-temp_lat-fusifor	-0.0060403310528856	0.0755593677374401
05	rh_G_oc-temp_lat-fusifor	0.00127891809241368	0.266601422406257
05	lh_G_oc-temp_med-Lingual	-0.0396722954547348	0.0661006583066478
05	rh_G_oc-temp_med-Lingual	0.0382935957451622	0.0793479024610028
05	lh_G_oc-temp_med-Parahip	-0.0576952597759202	0.159711426203443
05	rh_G_oc-temp_med-Parahip	0.0501450942396163	0.167698850205626
05	lh_G_occipital_middle	-0.0660375713169829	0.11702607508954
05	rh_G_occipital_middle	0.0497034332987902	0.100214309215814
05	lh_G_occipital_sup	0.0829870465460848	0.134420228052924
05	rh_G_occipital_sup	0.0504517194022747	0.0776103485219856
05	lh_G_orbital	-0.0890337661945528	0.21721938166059
05	rh_G_orbital	-0.0122454601832762	0.199238977305412
05	lh_G_pariet_inf-Angular	-0.0286695544859289	0.0706456267191081
05	rh_G_pariet_inf-Angular	0.0290047995499842	0.365230205053026
05	lh_G_pariet_inf-Supramar	-0.168476901984971	0.257867436760029
05	rh_G_pariet_inf-Supramar	0.0450547408683908	0.327079762585257
05	lh_G_parietal_sup	-0.0688473282152697	0.127494834894228
05	rh_G_parietal_sup	0.0749638326544183	0.0880647745538962
05	lh_G_postcentral	-0.0653786323922728	0.126530695470718
05	rh_G_postcentral	0.0553102192549914	0.266775547464134
05	lh_G_precentral	-0.0220374445129751	0.119036047273848
05	rh_G_precentral	-0.129827327232507	0.221451472452973
05	lh_G_precuneus	-0.0416428990385232	0.127917460990149
05	rh_G_precuneus	0.0221963495041104	0.110961380300861
05	lh_G_rectus	-0.0522235532931003	0.11707387926808
05	rh_G_rectus	-0.0205268111311065	0.212220904527887
05	lh_G_subcallosal	-0.0627643513248109	0.10902346216605
05	rh_G_subcallosal	0.0851810235161173	0.165510993219599
05	lh_G_temp_sup-G_T_transv	-0.349716022466359	0.372625341370145
05	rh_G_temp_sup-G_T_transv	-0.0575703264810662	0.430466676252287
05	lh_G_temp_sup-Lateral	-0.0500395158900412	0.254975167154248
05	rh_G_temp_sup-Lateral	-0.128233205947626	0.23114214845701
05	lh_G_temp_sup-Plan_polar	0.0207367324369592	0.130322869186283
05	rh_G_temp_sup-Plan_polar	-0.153376268016295	0.145101818382706
05	lh_G_temp_sup-Plan_tempo	-0.133602498822449	0.298922707403001
05	rh_G_temp_sup-Plan_tempo	0.0321875017132462	0.482157835013659
05	lh_G_temporal_inf	-0.0996500606174404	0.185900851330535
05	rh_G_temporal_inf	0.238557894269548	0.219197754288093
05	lh_G_temporal_middle	-0.045429113630999	0.123650748642099
05	rh_G_temporal_middle	0.0996613170986665	0.206935540502884
05	lh_Lat_Fis-ant-Horizont	0.037953725975827	0.112232497313361
05	rh_Lat_Fis-ant-Horizont	0.0643204184002907	0.0990962794076664
05	lh_Lat_Fis-ant-Vertical	-0.0777450629923685	0.133328768472008
05	rh_Lat_Fis-ant-Vertical	-0.0716147487240753	0.179395439291208
05	lh_Lat_Fis-post	0.118397601889493	0.131103479171171
05	rh_Lat_Fis-post	-0.059439748088461	0.240957025630483
05	lh_Pole_occipital	0.012528226071871	0.0579924992162482
05	rh_Pole_occipital	0.0826940841039346	0.0795989758356547
05	lh_Pole_temporal	-0.0198908594004973	0.0792140607890317
05	rh_Pole_temporal	0.00651891569713099	0.1066403828819
05	lh_S_calcarine	0.104299023030162	0.106259942893906
05	rh_S_calcarine	-0.0872004252554496	0.101831700894884
05	lh_S_central	-0.0821476078130028	0.130418257958005
05	rh_S_central	0.0214012916224994	0.136343384200021
05	lh_S_cingul-Marginalis	-0.0467475368906704	0.0958928082232715
05	rh_S_cingul-Marginalis	0.0738591366861034	0.137614543758539
05	lh_S_circular_insula_ant	-0.0667841402345067	0.0840403727726635
05	rh_S_circular_insula_ant	0.0575095591887655	0.1205941479989
05	lh_S_circular_insula_inf	-0.00317218118802988	0.0940301109117951
05	rh_S_circular_insula_inf	-0.000196334091998457	0.188268114647751
05	lh_S_circular_insula_sup	-0.0498610170311671	0.0929075473765856
05	rh_S_circular_insula_sup	-0.210092225214219	0.184960879190948
05	lh_S_collat_transv_ant	-0.0302491949095808	0.137356867489214
05	rh_S_collat_transv_ant	0.191456515279569	0.255517317838947
05	lh_S_collat_transv_post	0.0146322018812877	0.0525732844712557
05	rh_S_collat_transv_post	-0.0497465940084116	0.0770363472853558
05	lh_S_front_inf	0.0250029512547761	0.0554694030290732
05	rh_S_front_inf	0.0032962312817349	0.218040591779146
05	lh_S_front_middle	-0.0349875850057707	0.11155293946671
05	rh_S_front_middle	-0.0324586707335579	0.10826707465702
05	lh_S_front_sup	0.0733522271883038	0.0862889907040145
05	rh_S_front_sup	-0.0514602948206606	0.0558180486792071
05	lh_S_interm_prim-Jensen	0.0307097343386818	0.110807482460868
05	rh_S_interm_prim-Jensen	-0.0487270750402709	0.194497303903324
05	lh_S_intrapariet_and_P_trans	-0.0281833222335468	0.162610017678022
05	rh_S_intrapariet_and_P_trans	0.0107852603563732	0.162116194004014
05	lh_S_oc-temp_lat	-0.142956947448984	0.163270024316262
05	rh_S_oc-temp_lat	0.00309580556002315	0.222311153530652
05	lh_S_oc-temp_med_and_Lingual	-0.100984341356488	0.158856308557098
05	rh_S_oc-temp_med_and_Lingual	0.0410257026002134	0.313673905313882
05	lh_S_oc_middle_and_Lunatus	-0.0145463961433849	0.105326027318721
05	rh_S_oc_middle_and_Lunatus	-0.00335175972128716	0.0586616259231789
05	lh_S_oc_sup_and_transversal	0.0948512346721523	0.12560061387199
05	rh_S_oc_sup_and_transversal	0.110859615722542	0.159116532204841
05	lh_S_occipital_ant	-0.0643486826181929	0.129382300553584
05	rh_S_occipital_ant	-0.0731390590640684	0.138162091946339
05	lh_S_orbital-H_Shaped	-0.10245420415961	0.211739855174465
05	rh_S_orbital-H_Shaped	-0.0149851766286969	0.169038963935791
05	lh_S_orbital_lateral	-0.0261957544226001	0.0671892528755419
05	rh_S_orbital_lateral	0.0218295904559658	0.0786369730097976
05	lh_S_orbital_med-olfact	-0.11647694438595	0.289106065455377
05	rh_S_orbital_med-olfact	0.00899461688861725	0.249842660705875
05	lh_S_parieto_occipital	-0.0464377206784096	0.0727744347990064
05	rh_S_parieto_occipital	-0.00575092596062143	0.127634699767592
05	lh_S_pericallosal	-0.119612612605748	0.120330686006532
05	rh_S_pericallosal	0.0294471972821371	0.182140618560721
05	lh_S_postcentral	0.03845176055732	0.0644679612984133
05	rh_S_postcentral	0.0179282013361098	0.242036474947015
05	lh_S_precentral-inf-part	0.00816744771013983	0.144167381684914
05	rh_S_precentral-inf-part	-0.0149016124060553	0.308050423264733
05	lh_S_precentral-sup-part	0.00706157973286191	0.0833905768667987
05	rh_S_precentral-sup-part	-0.0582738100334926	0.16715069771218
05	lh_S_suborbital	-0.016121767047711	0.164292683643784
05	rh_S_suborbital	-0.0515336722917232	0.141268653614471
05	lh_S_subparietal	-0.049657596953416	0.135205250500306
05	rh_S_subparietal	-0.0778328483791403	0.117821963278583
05	lh_S_temporal_inf	-0.034251442688472	0.0946053836599272
05	rh_S_temporal_inf	-0.0703693071825188	0.241548192011436
05	lh_S_temporal_sup	-0.0058988538629182	0.138035157659152
05	rh_S_temporal_sup	0.151484922329338	0.220740634856891
05	lh_S_temporal_transverse	-0.326020055504704	0.360180595595351
05	rh_S_temporal_transverse	-0.081898758471789	0.450728148534849
06	lh_G_Ins_lg_and_S_cent_ins	-0.0858298397806017	0.0771378773924784
06	rh_G_Ins_lg_and_S_cent_ins	0.037071980858855	0.1256956304876
06	lh_G_and_S_cingul-Ant	0.00481114118507686	0.0924902275305495
06	rh_G_and_S_cingul-Ant	0.0188420289040317	0.0890947006965232
06	lh_G_and_S_cingul-Mid-Ant	0.0905496149712686	0.102742774325132
06	rh_G_and_S_cingul-Mid-Ant	0.0340115899055552	0.150818738395676
06	lh_G_and_S_cingul-Mid-Post	0.0108993255192313	0.244840828998123
06	rh_G_and_S_cingul-Mid-Post	-0.111086202042464	0.0845510236970674
06	lh_G_and_S_frontomargin	0.103370136441327	0.101465046942432
06	rh_G_and_S_frontomargin	0.104025328418361	0.182537007966882
06	lh_G_and_S_occipital_inf	0.0101715439523729	0.0591771959789683
06	rh_G_and_S_occipital_inf	-0.0808695710820015	0.0773488205541464
06	lh_G_and_S_paracentral	0.0903296260666945	0.111513980264865
06	rh_G_and_S_paracentral	-0.0429606265219053	0.0680130891970512
06	lh_G_and_S_subcentral	0.0755096602667523	0.476680981128276
06	rh_G_and_S_subcentral	0.0220897572495854	0.641696116157356
06	lh_G_and_S_transv_frontopol	-0.104385354884214	0.0846003639183704
06	rh_G_and_S_transv_frontopol	0.0768807001894609	0.118562347406271
06	lh_G_cingul-Post-dorsal	-0.0611144436524032	0.158071929905396
06	rh_G_cingul-Post-dorsal	-0.000688791231150315	0.167974207438571
06	lh_G_cingul-Post-ventral	0.0456060861304435	0.180189090119656
06	rh_G_cingul-Post-ventral	0.227043933707887	0.263492976910463
06	lh_G_cuneus	-0.0697562120603682	0.0693781903678574
06	rh_G_cuneus	0.0402654845768903	0.0567405685677023
06	lh_G_front_inf-Opercular	0.0751723980318297	0.178064616833313
06	rh_G_front_inf-Opercular	0.180860151083096	0.170177930544699
06	lh_G_front_inf-Orbital	-0.022875564128291	0.179269753543272
06	rh_G_front_inf-Orbital	0.179184779441117	0.257363080177661
06	lh_G_front_inf-Triangul	0.110669320975378	0.149854032242748
06	rh_G_front_inf-Triangul	0.0100482609167383	0.138848663102596
06	lh_G_front_middle	0.0821598101852025	0.113892637271554
06	rh_G_front_middle	-0.0082123377558983	0.137539124214982
06	lh_G_front_sup	-0.105041909276347	0.0985161438314191
06	rh_G_front_sup	0.0293695765273135	0.0760814651610043
06	lh_G_insular_short	-0.057964378970923	0.15074503382389
06	rh_G_insular_short	0.00729365568322013	0.0789672319413639
06	lh_G_oc-temp_lat-fusifor	-0.0509168360043191	0.123203879667477
06	rh_G_oc-temp_lat-fusifor	0.0143089310396364	0.211836167294707
06	lh_G_oc-temp_med-Lingual	-0.107993117445835	0.0662559200117113
06	rh_G_oc-temp_med-Lingual	-0.0127477122794297	0.0754289696074646
06	lh_G_oc-temp_med-Parahip	0.0606820969821242	0.139822652035017
06	rh_G_oc-temp_med-Parahip	0.00623957918899538	0.0716404233659712
06	lh_G_occipital_middle	0.0632633878138541	0.061156758786695
06	rh_G_occipital_middle	0.00181195443010736	0.0795461886854169
06	lh_G_occipital_sup	-0.0417283988353162	0.0802519680328815
06	rh_G_occipital_sup	-0.050892654029261	0.0676655621349766
06	lh_G_orbital	0.143269934351882	0.30016385124707
06	rh_G_orbital	0.0255072421727677	0.394850068195642
06	lh_G_pariet_inf-Angular	0.00630812442702129	0.127093772372372
06	rh_G_pariet_inf-Angular	-0.0969350817965008	0.189605133392209
06	lh_G_pariet_inf-Supramar	0.0623821513290274	0.333700453845144
06	rh_G_pariet_inf-Supramar	0.0851280079943931	0.427178107275326
06	lh_G_parietal_sup	0.142874328346053	0.120674188668208
06	rh_G_parietal_sup	0.0741217027936601	0.0879661711150752
06	lh_G_postcentral	0.0240911069170016	0.300694773289026
06	rh_G_postcentral	0.104744070734077	0.388239302329116
06	lh_G_precentral	0.103585123476006	0.181510836934195
06	rh_G_precentral	0.098013357083584	0.249037755638811
06	lh_G_precuneus	-0.066019934991802	0.063240631016482
06	rh_G_precuneus	-0.020342447494615	0.0773903389800028
06	lh_G_rectus	-0.0275619312180364	0.0818871088854942
06	rh_G_rectus	0.0224738759162317	0.195914438681965
06	lh_G_subcallosal	-0.0201207770917251	0.111219334642652
06	rh_G_subcallosal	0.100632666465747	0.268355115742002
06	lh_G_temp_sup-G_T_transv	0.13368857777233	0.529792769423131
06	rh_G_temp_sup-G_T_transv	0.284387481370075	0.546350924999793
06	lh_G_temp_sup-Lateral	-0.0763170018093686	0.169205629404777
06	rh_G_temp_sup-Lateral	-0.0471647762124503	0.35371428631206
06	lh_G_temp_sup-Plan_polar	-0.0639478048242815	0.276194548214769
06	rh_G_temp_sup-Plan_polar	-0.113584032664047	0.278789057736338
06	lh_G_temp_sup-Plan_tempo	0.0393117697102369	0.360804121492873
06	rh_G_temp_sup-Plan_tempo	0.320375402591114	0.401841831312669
06	lh_G_temporal_inf	-0.0477367761745577	0.182515310280573
06	rh_G_temporal_inf	0.0904325887576073	0.199696158586171
06	lh_G_temporal_middle	-0.00302829217508277	0.253621327676171
06	rh_G_temporal_middle	-0.098015568976017	0.152015905110006
06	lh_Lat_Fis-ant-Horizont	0.0559875993913536	0.169438236131859
06	rh_Lat_Fis-ant-Horizont	0.0914421714274276	0.0782076812749281
06	lh_Lat_Fis-ant-Vertical	-0.0184213091055815	0.273460586058073
06	rh_Lat_Fis-ant-Vertical	0.011635425049777	0.290743685306844
06	lh_Lat_Fis-post	0.0279525682627651	0.202277254834661
06	rh_Lat_Fis-post	0.301990852312228	0.194619752974101
06	lh_Pole_occipital	-0.0663104099641273	0.0659221173856628
06	rh_Pole_occipital	-0.0527852798130482	0.0714700663155549
06	lh_Pole_temporal	0.0313992615202186	0.225895483333275
06	rh_Pole_temporal	-0.0979688779396637	0.176808336362985
06	lh_S_calcarine	0.023037004863829	0.0881248799098813
06	rh_S_calcarine	0.0900005675945077	0.147100188680151
06	lh_S_central	0.160694222858207	0.17154157013932
06	rh_S_central	0.0807026245607011	0.269790089667268
06	lh_S_cingul-Marginalis	0.0207228287956409	0.0996044396108622
06	rh_S_cingul-Marginalis	0.0140077725258488	0.107962406876626
06	lh_S_circular_insula_ant	0.0995960106521735	0.13735583076814
06	rh_S_circular_insula_ant	0.206282884245349	0.244538264419058
06	lh_S_circular_insula_inf	0.122368917973731	0.305480610920235
06	rh_S_circular_insula_inf	0.0669831247596954	0.498227038336527
06	lh_S_circular_insula_sup	0.183155512178237	0.29366782939786
06	rh_S_circular_insula_sup	0.108544321330983	0.309711888813448
06	lh_S_collat_transv_ant	-0.0966807364266728	0.160001349952467
06	rh_S_collat_transv_ant	0.0351828538867684	0.100893534630376
06	lh_S_collat_transv_post	0.0847441595638718	0.0947931354714588
06	rh_S_collat_transv_post	0.00991586586293457	0.113814364572436
06	lh_S_front_inf	-0.0315982444450689	0.176614770149392
06	rh_S_front_inf	-0.0666727707166277	0.331134538495969
06	lh_S_front_middle	-0.0295416295892284	0.0678477056397542
06	rh_S_front_middle	-0.0100435920294141	0.0867402842676553
06	lh_S_front_sup	-0.0616813749075472	0.0806309985639855
06	rh_S_front_sup	0.0739984581629349	0.112584169945067
06	lh_S_interm_prim-Jensen	-0.0448647140076029	0.113572876109908
06	rh_S_interm_prim-Jensen	-0.0463872531678259	0.12957581160523
06	lh_S_intrapariet_and_P_trans	0.0253215496652206	0.116701696347048
06	rh_S_intrapariet_and_P_trans	-0.0322372456338474	0.0809492279882556
06	lh_S_oc-temp_lat	-0.0421491847794992	0.120617239497037
06	rh_S_oc-temp_lat	0.119160230832425	0.147440376616032
06	lh_S_oc-temp_med_and_Lingual	0.0300341377086567	0.19835724951706
06	rh_S_oc-temp_med_and_Lingual	0.145607121972707	0.198563482484272
06	lh_S_oc_middle_and_Lunatus	-0.0105266744410953	0.0863459812622652
06	rh_S_oc_middle_and_Lunatus	0.026265847741203	0.0721052433125532
06	lh_S_oc_sup_and_transversal	0.105860791780755	0.111104841545134
06	rh_S_oc_sup_and_transversal	0.100246954142336	0.0763451043050265
06	lh_S_occipital_ant	-0.074781704683206	0.0842487340801216
06	rh_S_occipital_ant	0.0461917169822974	0.0814258076687877
06	lh_S_orbital-H_Shaped	0.180943465460952	0.250396863620335
06	rh_S_orbital-H_Shaped	0.00614048560533093	0.403718652524227
06	lh_S_orbital_lateral	0.0148997456472122	0.0828221933635266
06	rh_S_orbital_lateral	-0.0892124460131915	0.116395986767875
06	lh_S_orbital_med-olfact	0.0212741308254544	0.239695595183592
06	rh_S_orbital_med-olfact	0.117501123042954	0.379084015294934
06	lh_S_parieto_occipital	-0.00624055992188681	0.0852935998439643
06	rh_S_parieto_occipital	0.0680014975609175	0.0922760964440641
06	lh_S_pericallosal	0.0355127426111237	0.127716934592109
06	rh_S_pericallosal	0.0532455367958174	0.162660408801961
06	lh_S_postcentral	0.124077454285723	0.11750426124808
06	rh_S_postcentral	0.0517173104290275	0.0870422143454627
06	lh_S_precentral-inf-part	0.116762197586453	0.251356571355951
06	rh_S_precentral-inf-part	0.0224561077838752	0.275335052698042
06	lh_S_precentral-sup-part	0.0710620134151461	0.113945209389695
06	rh_S_precentral-sup-part	0.0449087879222944	0.329351569841703
06	lh_S_suborbital	-0.00507258505728053	0.0793189752655535
06	rh_S_suborbital	0.0571136870941005	0.164809884567213
06	lh_S_subparietal	-0.043408407157997	0.0570351434026129
06	rh_S_subparietal	-0.0276443794565098	0.143240792021457
06	lh_S_temporal_inf	0.108367567729923	0.128979454959889
06	rh_S_temporal_inf	0.0470864797589544	0.0601244738224923
06	lh_S_temporal_sup	-0.0712321289424863	0.0905976609762957
06	rh_S_temporal_sup	-0.245249374722043	0.166645377832223
06	lh_S_temporal_transverse	0.0881012351489834	0.569098506788193
06	rh_S_temporal_transverse	0.066195064066575	0.561874032125004
07	lh_G_Ins_lg_and_S_cent_ins	-0.0990009919035683	0.107582223800201
07	rh_G_Ins_lg_and_S_cent_ins	-0.0439625774083528	0.134299977011441
07	lh_G_and_S_cingul-Ant	0.0109623820118731	0.0732888076598421
07	rh_G_and_S_cingul-Ant	-0.0135057238437828	0.0601879487188488
07	lh_G_and_S_cingul-Mid-Ant	0.0536226580863695	0.101108378121326
07	rh_G_and_S_cingul-Mid-Ant	-0.0217874247648836	0.104256566083591
07	lh_G_and_S_cingul-Mid-Post	0.0126172211915103	0.06958462339534
07	rh_G_and_S_cingul-Mid-Post	0.133020180286769	0.0529446206443103
07	lh_G_and_S_frontomargin	0.0160553254740204	0.0867674744661834
07	rh_G_and_S_frontomargin	0.014680055904306	0.118865244686011
07	lh_G_and_S_occipital_inf	0.0409639673331068	0.0992387823246527
07	rh_G_and_S_occipital_inf	0.0404138425292266	0.0715388758253247
07	lh_G_and_S_paracentral	-0.0562788214109639	0.0857648421545491
07	rh_G_and_S_paracentral	-0.110168022994155	0.0793687693182565
07	lh_G_and_S_subcentral	0.00407341081259867	0.129278798750154
07	rh_G_and_S_subcentral	-0.0526231485139663	0.139537399038014
07	lh_G_and_S_transv_frontopol	0.0104097858853491	0.0906044730540111
07	rh_G_and_S_transv_frontopol	0.060892180089661	0.0693524761307174
07	lh_G_cingul-Post-dorsal	-0.12073340595502	0.157212249127439
07	rh_G_cingul-Post-dorsal	-0.0910748678464635	0.131752564754627
07	lh_G_cingul-Post-ventral	0.0509308733666588	0.154679086345571
07	rh_G_cingul-Post-ventral	0.0617588016922903	0.188751179587489
07	lh_G_cuneus	0.00319386209519727	0.0772218922015772
07	rh_G_cuneus	-0.0160388530584734	0.090961203538719
07	lh_G_front_inf-Opercular	0.0438161276715832	0.173883274700322
07	rh_G_front_inf-Opercular	-0.0899451236809096	0.237414949345485
07	lh_G_front_inf-Orbital	-0.164415856001079	0.113939213447332
07	rh_G_front_inf-Orbital	0.0156409718027212	0.115856066442967
07	lh_G_front_inf-Triangul	0.0104853450636829	0.059073904711838
07	rh_G_front_inf-Triangul	0.0609641490823463	0.125080968311488
07	lh_G_front_middle	-0.0978953679233639	0.0668019305262316
07	rh_G_front_middle	0.0271180261803701	0.0723803332761076
07	lh_G_front_sup	-0.000426210655698728	0.0687666069519083
07	rh_G_front_sup	0.0498975707925616	0.0617217897717491
07	lh_G_insular_short	-0.0892563548545285	0.162205032698564
07	rh_G_insular_short	-0.13793708727446	0.1654254649472
07	lh_G_oc-temp_lat-fusifor	-0.00656061903786262	0.167124472951462
07	rh_G_oc-temp_lat-fusifor	-0.0114501149102865	0.187353630322851
07	lh_G_oc-temp_med-Lingual	-0.0445729120362221	0.0669943932333401
07	rh_G_oc-temp_med-Lingual	0.0803386641417536	0.0683248889215609
07	lh_G_oc-temp_med-Parahip	-0.0419120442820472	0.105239106773621
07	rh_G_oc-temp_med-Parahip	0.0411454141947691	0.117488469938695
07	lh_G_occipital_middle	-0.018656439922809	0.0640673421401935
07	rh_G_occipital_middle	-0.0590531787655702	0.0804821680182364
07	lh_G_occipital_sup	-0.0435440557545382	0.0747403695758915
07	rh_G_occipital_sup	0.00925082755362221	0.120625629460732
07	lh_G_orbital	0.0645936992719103	0.121070367459783
07	rh_G_orbital	0.0203130946445764	0.208014043645974
07	lh_G_pariet_inf-Angular	0.00585323301995343	0.107867792294227
07	rh_G_pariet_inf-Angular	1.14760812049003e-05	0.0626733451819074
07	lh_G_pariet_inf-Supramar	0.0423792883315827	0.177066749147613
07	rh_G_pariet_inf-Supramar	0.0358211274127035	0.21077107521468
07	lh_G_parietal_sup	-0.0314483498972326	0.0553524597752406
07	rh_G_parietal_sup	0.0290589859337785	0.071206122072211
07	lh_G_postcentral	-0.00904631550665064	0.155918397107615
07	rh_G_postcentral	-0.0555594939307502	0.139443107652125
07	lh_G_precentral	0.0731896034685966	0.182923119422132
07	rh_G_precentral	0.0294847756204606	0.0691891205400547
07	lh_G_precuneus	0.051613565682837	0.102000831288616
07	rh_G_precuneus	0.0213473593525777	0.0739765560959325
07	lh_G_rectus	-0.0361737951943685	0.122592300913022
07	rh_G_rectus	-0.0885990185271412	0.113012806715049
07	lh_G_subcallosal	-0.0507693064277729	0.0987280855186389
07	rh_G_subcallosal	0.0130133163111362	0.109307224249932
07	lh_G_temp_sup-G_T_transv	-0.00478004551409282	0.191369845679159
07	rh_G_temp_sup-G_T_transv	-0.152656360078638	0.340101325797727
07	lh_G_temp_sup-Lateral	-0.0527758061138045	0.0784950284656981
07	rh_G_temp_sup-Lateral	-0.0300386463374236	0.247242038630959
07	lh_G_temp_sup-Plan_polar	-0.109505512906008	0.0774152061234437
07	rh_G_temp_sup-Plan_polar	0.0283279702558658	0.11139573842847
07	lh_G_temp_sup-Plan_tempo	0.0499295175299569	0.262788339120968
07	rh_G_temp_sup-Plan_tempo	0.0626405633147636	0.235213468364618
07	lh_G_temporal_inf	-0.0293373467867393	0.123327055048377
07	rh_G_temporal_inf	0.0049480821712997	0.115569857644054
07	lh_G_temporal_middle	-0.0431888231043785	0.140363891925518
07	rh_G_temporal_middle	0.0626640550974484	0.0857592772227306
07	lh_Lat_Fis-ant-Horizont	-0.0820236389741388	0.0784714633928344
07	rh_Lat_Fis-ant-Horizont	-0.0579073484363183	0.0832450970977102
07	lh_Lat_Fis-ant-Vertical	-0.0273183722430707	0.126603274895773
07	rh_Lat_Fis-ant-Vertical	-0.0178112825932614	0.154818104237597
07	lh_Lat_Fis-post	-0.151394856119286	0.186475856486153
07	rh_Lat_Fis-post	-0.0146458158322994	0.0848827040709079
07	lh_Pole_occipital	0.0308884031280676	0.0626560786910127
07	rh_Pole_occipital	-0.0414996268642538	0.0923870447941511
07	lh_Pole_temporal	-0.0542228841013868	0.0617011553379541
07	rh_Pole_temporal	0.0312497420906691	0.0814443367621597
07	lh_S_calcarine	0.010855584981176	0.0945274604314172
07	rh_S_calcarine	0.0585122556690059	0.119119229364139
07	lh_S_central	-0.104119476626567	0.196785706393313
07	rh_S_central	0.0498127584362308	0.212744240013625
07	lh_S_cingul-Marginalis	-0.0945682295166244	0.133027790284109
07	rh_S_cingul-Marginalis	-0.104293393425933	0.108641048397175
07	lh_S_circular_insula_ant	-0.129161766863077	0.0760966018769035
07	rh_S_circular_insula_ant	-0.146880648557289	0.121985835233561
07	lh_S_circular_insula_inf	-0.0662320366810611	0.0820274729939712
07	rh_S_circular_insula_inf	-0.0444325627913568	0.112398295336241
07	lh_S_circular_insula_sup	-0.0232106459851993	0.0859598752528068
07	rh_S_circular_insula_sup	0.0652324058506947	0.0944210103130669
07	lh_S_collat_transv_ant	-0.0454194341959871	0.0957696635766765
07	rh_S_collat_transv_ant	-0.162369727578722	0.108790540353549
07	lh_S_collat_transv_post	0.0314487035005368	0.0871296331123539
07	rh_S_collat_transv_post	-0.0739712379833973	0.0687653287431683
07	lh_S_front_inf	-0.139394213697995	0.111883776681284
07	rh_S_front_inf	-0.032841651361377	0.207624805132782
07	lh_S_front_middle	-0.0129967239951192	0.0619914408501182
07	rh_S_front_middle	-0.0200971065065918	0.0760342451253423
07	lh_S_front_sup	0.0118954390217513	0.0817751335836103
07	rh_S_front_sup	0.0590129087014449	0.101151200770585
07	lh_S_interm_prim-Jensen	-0.0255535135197865	0.107454395688451
07	rh_S_interm_prim-Jensen	-0.0349618444967939	0.0522003777559201
07	lh_S_intrapariet_and_P_trans	0.0930208388529297	0.0771875709107831
07	rh_S_intrapariet_and_P_trans	0.167565796849157	0.160682190306191
07	lh_S_oc-temp_lat	-0.00662564234545221	0.17120421029734
07	rh_S_oc-temp_lat	-0.0137728742123949	0.210321337358607
07	lh_S_oc-temp_med_and_Lingual	0.0198244743763908	0.176689865431338
07	rh_S_oc-temp_med_and_Lingual	-0.0302107456718486	0.188475982670536
07	lh_S_oc_middle_and_Lunatus	0.06184397186359	0.078498989299462
07	rh_S_oc_middle_and_Lunatus	-0.0343022783938092	0.094339393221437
07	lh_S_oc_sup_and_transversal	0.0293597818903443	0.0702069181913926
07	rh_S_oc_sup_and_transversal	0.0223145020607314	0.0748663718616778
07	lh_S_occipital_ant	0.0689146348651501	0.102003443445779
07	rh_S_occipital_ant	0.00575836600888546	0.0748451306109047
07	lh_S_orbital-H_Shaped	0.0813926336014192	0.116335651488476
07	rh_S_orbital-H_Shaped	0.00810826719114933	0.18050738263582
07	lh_S_orbital_lateral	0.00819436274835969	0.112763661257725
07	rh_S_orbital_lateral	-0.0644780340249432	0.124277117692921
07	lh_S_orbital_med-olfact	-0.0166365878126325	0.191588292967563
07	rh_S_orbital_med-olfact	0.0205770400488199	0.250616867627618
07	lh_S_parieto_occipital	-0.0232688965342813	0.0906920196355075
07	rh_S_parieto_occipital	-0.0088696918344704	0.0993963954478047
07	lh_S_pericallosal	-0.00252639709949971	0.0875573940483542
07	rh_S_pericallosal	0.0870489647110672	0.119981988649568
07	lh_S_postcentral	0.0353150346231507	0.156487099723906
07	rh_S_postcentral	-0.0101262165130396	0.114714523486177
07	lh_S_precentral-inf-part	0.0240881045043833	0.115512856142284
07	rh_S_precentral-inf-part	-0.121812422896149	0.211650950428314
07	lh_S_precentral-sup-part	-0.00915813404535892	0.0623739883047366
07	rh_S_precentral-sup-part	0.0354882698811474	0.0622182536192009
07	lh_S_suborbital	-0.0131590860965237	0.0540826752025008
07	rh_S_suborbital	0.111800776661175	0.0835050304098966
07	lh_S_subparietal	-0.0521024718423203	0.154653915753721
07	rh_S_subparietal	-0.0650255001293001	0.1281414382804
07	lh_S_temporal_inf	-0.10407626075884	0.0788881044581147
07	rh_S_temporal_inf	0.0742931445299488	0.105325918657232
07	lh_S_temporal_sup	-0.00353310223978397	0.0903666759897353
07	rh_S_temporal_sup	0.0139724541920246	0.0891352251387031
07	lh_S_temporal_transverse	-0.0979885522539417	0.186152033343759
07	rh_S_temporal_transverse	-0.149692490696446	0.284212445326121
08	lh_G_Ins_lg_and_S_cent_ins	0.103155552926426	0.308059927445845
08	rh_G_Ins_lg_and_S_cent_ins	-0.0185019175325599	0.133594125715352
08	lh_G_and_S_cingul-Ant	0.0127875002113917	0.0868267203517203
08	rh_G_and_S_cingul-Ant	0.142829292135176	0.0870625455718725
08	lh_G_and_S_cingul-Mid-Ant	-0.0268941191204148	0.107078602271469
08	rh_G_and_S_cingul-Mid-Ant	0.0455270422304611	0.0778538970557086
08	lh_G_and_S_cingul-Mid-Post	0.0167649281019028	0.115280995232039
08	rh_G_and_S_cingul-Mid-Post	-0.0896463726342489	0.136107570514334
08	lh_G_and_S_frontomargin	0.0545941668004639	0.0730004443947771
08	rh_G_and_S_frontomargin	0.0403901911099859	0.0538190918982999
08	lh_G_and_S_occipital_inf	-0.0524483557002218	0.084075147811145
08	rh_G_and_S_occipital_inf	0.0156226479644266	0.0738447634974973
08	lh_G_and_S_paracentral	0.00624362089514031	0.0736921810073384
08	rh_G_and_S_paracentral	0.0344180273723581	0.0823034639407988
08	lh_G_and_S_subcentral	0.034656066100552	0.421951553020681
08	rh_G_and_S_subcentral	-0.122667208601281	0.394875578620051
08	lh_G_and_S_transv_frontopol	-0.0108384136821499	0.0972461008213789
08	rh_G_and_S_transv_frontopol	0.127391830127756	0.0966507747294622
08	lh_G_cingul-Post-dorsal	0.0548116866637924	0.116008816356894
08	rh_G_cingul-Post-dorsal	0.050870007948857	0.118833640283229
08	lh_G_cingul-Post-ventral	0.0585426579569762	0.0944589835550068
08	rh_G_cingul-Post-ventral	0.0439100910467307	0.0998192038490774
08	lh_G_cuneus	-0.00376177268893282	0.0772884887378755
08	rh_G_cuneus	-0.0059673339609758	0.0880929374370135
08	lh_G_front_inf-Opercular	-0.0268061878758249	0.117480985501934
08	rh_G_front_inf-Opercular	-0.0671786280699745	0.238578546988886
08	lh_G_front_inf-Orbital	0.0663311615084015	0.104237930812718
08	rh_G_front_inf-Orbital	-0.124521032294235	0.0717689044771667
08	lh_G_front_inf-Triangul	-0.0372307332668191	0.0737229896688097
08	rh_G_front_inf-Triangul	0.0153717142414364	0.0633023974432084
08	lh_G_front_middle	-0.086312972533715	0.0876545168314421
08	rh_G_front_middle	0.0216724165134089	0.0833853934191112
08	lh_G_front_sup	0.069757709705872	0.0982977002881191
08	rh_G_front_sup	0.00933664513094041	0.068389536437531
08	lh_G_insular_short	0.0638487401669559	0.0588959511264334
08	rh_G_insular_short	-0.00922589789653783	0.081007867044346
08	lh_G_oc-temp_lat-fusifor	0.0427158657644448	0.136185108382804
08	rh_G_oc-temp_lat-fusifor	0.0160400036014118	0.128634240393122
08	lh_G_oc-temp_med-Lingual	0.0238471239669988	0.0905222461916894
08	rh_G_oc-temp_med-Lingual	-0.0459615236976174	0.0586958979435941
08	lh_G_oc-temp_med-Parahip	0.00676841162401885	0.128350360704189
08	rh_G_oc-temp_med-Parahip	0.0256742534734154	0.138601627403185
08	lh_G_occipital_middle	-0.0366663281098405	0.0782597922366585
08	rh_G_occipital_middle	-0.0797329876452575	0.134143856832207
08	lh_G_occipital_sup	-0.0287262413972771	0.0481464122919219
08	rh_G_occipital_sup	-0.00127288244162981	0.0890760326908568
08	lh_G_orbital	0.0331005436164928	0.209601499915266
08	rh_G_orbital	-0.00190948723552095	0.205799137650279
08	lh_G_pariet_inf-Angular	0.0830583955228666	0.136471296774167
08	rh_G_pariet_inf-Angular	0.0438797062612358	0.112505261666676
08	lh_G_pariet_inf-Supramar	0.0308338802395157	0.335061035661665
08	rh_G_pariet_inf-Supramar	-0.0564101698889299	0.327285999649981
08	lh_G_parietal_sup	-0.000508754030210119	0.0864789779386078
08	rh_G_parietal_sup	0.0236912494826729	0.0883271307262229
08	lh_G_postcentral	-0.0527549633145399	0.213667543850281
08	rh_G_postcentral	-0.0563350579716183	0.219268583024688
08	lh_G_precentral	0.0298791364748462	0.0800113428132628
08	rh_G_precentral	0.025399140199702	0.146537123859583
08	lh_G_precuneus	0.0201124468583502	0.0715743472764375
08	rh_G_precuneus	-0.0121275283845606	0.073491538325054
08	lh_G_rectus	0.0424072514505162	0.0859782758439477
08	rh_G_rectus	-0.0244279741103981	0.140012586182969
08	lh_G_subcallosal	0.0572596108984894	0.0897899143576307
08	rh_G_subcallosal	0.0317394912860729	0.062576316950491
08	lh_G_temp_sup-G_T_transv	0.000798127534190451	0.486813536646815
08	rh_G_temp_sup-G_T_transv	-0.0996874570983849	0.509994211936922
08	lh_G_temp_sup-Lateral	-0.017305788500336	0.345431398868811
08	rh_G_temp_sup-Lateral	-0.252687260319032	0.282269370184995
08	lh_G_temp_sup-Plan_polar	-0.167451836975089	0.166738312555725
08	rh_G_temp_sup-Plan_polar	0.0841119654516616	0.0709913856566639
08	lh_G_temp_sup-Plan_tempo	-0.0500711838148811	0.44407346660164
08	rh_G_temp_sup-Plan_tempo	0.114085891930783	0.162323547683337
08	lh_G_temporal_inf	-0.044965271612096	0.205216204907067
08	rh_G_temporal_inf	0.00995607865939532	0.187714758613551
08	lh_G_temporal_middle	-0.0262966891053973	0.217937471699958
08	rh_G_temporal_middle	0.0850727542311332	0.147045442827798
08	lh_Lat_Fis-ant-Horizont	-0.114279875248536	0.0679860028454176
08	rh_Lat_Fis-ant-Horizont	0.052213278078022	0.125706152575364
08	lh_Lat_Fis-ant-Vertical	-0.0182064259388662	0.0965191751855733
08	rh_Lat_Fis-ant-Vertical	0.0309778906414655	0.107748685652499
08	lh_Lat_Fis-post	0.00151807257618088	0.118322810318096
08	rh_Lat_Fis-post	-0.0740001160799288	0.174188041096155
08	lh_Pole_occipital	-0.0104539115065378	0.100339924678736
08	rh_Pole_occipital	-0.0193270743272727	0.0816576718122538
08	lh_Pole_temporal	-0.00898626062695083	0.0993486573317812
08	rh_Pole_temporal	0.0384161564108914	0.0800625223482644
08	lh_S_calcarine	0.0519513377450228	0.115480506647449
08	rh_S_calcarine	-0.0119788436880648	0.125828927480578
08	lh_S_central	0.105485119708746	0.13794377033004
08	rh_S_central	-0.0144886389819847	0.233058583317373
08	lh_S_cingul-Marginalis	-0.0447291019466546	0.0728962983743277
08	rh_S_cingul-Marginalis	0.045784761701594	0.0721832799276352
08	lh_S_circular_insula_ant	0.126940970413332	0.137991132184382
08	rh_S_circular_insula_ant	0.0673369545100517	0.0889430299374615
08	lh_S_circular_insula_inf	0.0756718779281155	0.293090430078535
08	rh_S_circular_insula_inf	0.016307020827678	0.365185733135502
08	lh_S_circular_insula_sup	0.0019051761428206	0.306969365429196
08	rh_S_circular_insula_sup	0.00435163594623261	0.308522882794408
08	lh_S_collat_transv_ant	0.00422041147942571	0.191795782477269
08	rh_S_collat_transv_ant	-0.031153251547396	0.172858268858695
08	lh_S_collat_transv_post	-0.0460007076547933	0.0708830201432278
08	rh_S_collat_transv_post	0.00151715095158224	0.0984536401066627
08	lh_S_front_inf	-0.0780011097022474	0.158308099984479
08	rh_S_front_inf	0.0123107913448775	0.0886040746572165
08	lh_S_front_middle	-0.0277178268437963	0.119217223760945
08	rh_S_front_middle	0.0543255090260855	0.0746375169070208
08	lh_S_front_sup	0.0121385706755451	0.0807899828963701
08	rh_S_front_sup	0.0295754084072919	0.0733700458493107
08	lh_S_interm_prim-Jensen	0.037870593214911	0.160366380469524
08	rh_S_interm_prim-Jensen	-0.00629568059168248	0.106667132257742
08	lh_S_intrapariet_and_P_trans	0.1179512505997	0.136287484493408
08	rh_S_intrapariet_and_P_trans	0.0251713652987007	0.0627927027376175
08	lh_S_oc-temp_lat	-0.0148939805331446	0.1323978326663
08	rh_S_oc-temp_lat	-0.0161210399053603	0.0999858432277069
08	lh_S_oc-temp_med_and_Lingual	0.0242015667924219	0.209895705171063
08	rh_S_oc-temp_med_and_Lingual	0.09674116048641	0.152912342860342
08	lh_S_oc_middle_and_Lunatus	-0.0813047227937181	0.0711848535550066
08	rh_S_oc_middle_and_Lunatus	-0.00959578347076395	0.0672965828303746
08	lh_S_oc_sup_and_transversal	-0.0250453387837463	0.0833478578915416
08	rh_S_oc_sup_and_transversal	0.0231752805727721	0.169168775812698
08	lh_S_occipital_ant	0.0415028106624654	0.216839869192722
08	rh_S_occipital_ant	-0.0492033817281687	0.0741763103974308
08	lh_S_orbital-H_Shaped	0.0291037834259763	0.173864416314991
08	rh_S_orbital-H_Shaped	-0.0221148145567581	0.185684838976607
08	lh_S_orbital_lateral	-0.021436368465653	0.0681342721359277
08	rh_S_orbital_lateral	-0.0478861744556877	0.0868162416648234
08	lh_S_orbital_med-olfact	0.0603928018874594	0.188447514586278
08	rh_S_orbital_med-olfact	0.0120150357331769	0.186597389716173
08	lh_S_parieto_occipital	-0.00967688925655156	0.0661691214069052
08	rh_S_parieto_occipital	-0.0592740434300893	0.0759988181461636
08	lh_S_pericallosal	0.12380384567707	0.136914382534646
08	rh_S_pericallosal	0.0753424601769466	0.133759404966799
08	lh_S_postcentral	-0.0122378776766848	0.0676258323574789
08	rh_S_postcentral	-0.0858413764489793	0.143093654151978
08	lh_S_precentral-inf-part	-0.086230466721561	0.260211370276413
08	rh_S_precentral-inf-part	0.0668536064392714	0.148753842779441
08	lh_S_precentral-sup-part	0.0478957098961902	0.145573795973351
08	rh_S_precentral-sup-part	-0.158650729734947	0.181440221231009
08	lh_S_suborbital	-0.0160149720228214	0.0791099987839321
08	rh_S_suborbital	0.0204740647931258	0.0594969822743018
08	lh_S_subparietal	0.0331892652027552	0.0866977092754572
08	rh_S_subparietal	0.0324501626713691	0.0831742381702052
08	lh_S_temporal_inf	-0.0100664561410346	0.284343227503995
08	rh_S_temporal_inf	-0.050910599105747	0.10735838930307
08	lh_S_temporal_sup	0.069089515782508	0.0753816441037745
08	rh_S_temporal_sup	-0.0424219074039397	0.229524079926885
08	lh_S_temporal_transverse	-0.103067364640583	0.262738950339161
08	rh_S_temporal_transverse	-0.141697122404081	0.437812463849028
09	lh_G_Ins_lg_and_S_cent_ins	0.0326034687514714	0.118883249531335
09	rh_G_Ins_lg_and_S_cent_ins	0.0224813631863818	0.441311129802079
09	lh_G_and_S_cingul-Ant	-0.0128856854599833	0.109630437254578
09	rh_G_and_S_cingul-Ant	-0.030907624991528	0.148774041676415
09	lh_G_and_S_cingul-Mid-Ant	-0.00946260883991279	0.109573701359768
09	rh_G_and_S_cingul-Mid-Ant	-0.0244812682988763	0.258343197762725
09	lh_G_and_S_cingul-Mid-Post	0.0989698557386114	0.247040213583198
09	rh_G_and_S_cingul-Mid-Post	0.0102477782916724	0.129386700571552
09	lh_G_and_S_frontomargin	0.0826652063755981	0.068064444089731
09	rh_G_and_S_frontomargin	0.0699690004448008	0.102251394407011
09	lh_G_and_S_occipital_inf	0.0262105020225254	0.0727940904197908
09	rh_G_and_S_occipital_inf	-0.0121828665764149	0.0644192760728582
09	lh_G_and_S_paracentral	0.0887196355687432	0.114029447790645
09	rh_G_and_S_paracentral	-0.0799114790310083	0.0804240012429153
09	lh_G_and_S_subcentral	0.0597666040714838	0.588620062726515
09	rh_G_and_S_subcentral	0.0361868753461623	0.67278377979813
09	lh_G_and_S_transv_frontopol	0.0331147467623481	0.11459970233429
09	rh_G_and_S_transv_frontopol	0.00274239677037637	0.179069413663792
09	lh_G_cingul-Post-dorsal	0.0351346319429302	0.106991564296796
09	rh_G_cingul-Post-dorsal	0.0373012024966352	0.13280846362871
09	lh_G_cingul-Post-ventral	0.0702279555716486	0.115920320219982
09	rh_G_cingul-Post-ventral	-0.035877418614411	0.0992557794521502
09	lh_G_cuneus	0.0447381108781099	0.0837830663975006
09	rh_G_cuneus	-0.0413127385508598	0.0645785418393431
09	lh_G_front_inf-Opercular	-0.0740868713691965	0.143600068516742
09	rh_G_front_inf-Opercular	0.118620936900856	0.154068520514617
09	lh_G_front_inf-Orbital	-0.144655365973637	0.133180203071037
09	rh_G_front_inf-Orbital	0.0374478637196013	0.164233914844908
09	lh_G_front_inf-Triangul	-0.0119534410212598	0.150982732701473
09	rh_G_front_inf-Triangul	0.121075403074661	0.36443139204344
09	lh_G_front_middle	0.0818213936164578	0.138523865607078
09	rh_G_front_middle	0.0126680297963451	0.110755678888632
09	lh_G_front_sup	-0.0275158184081956	0.0835436805178096
09	rh_G_front_sup	-0.015979247519541	0.060269950062767
09	lh_G_insular_short	-0.148624715666279	0.168494024231906
09	rh_G_insular_short	0.057020256711956	0.221680976316896
09	lh_G_oc-temp_lat-fusifor	-0.00458677448116596	0.126304300548342
09	rh_G_oc-temp_lat-fusifor	-0.0400939227182569	0.162254196266859
09	lh_G_oc-temp_med-Lingual	0.0127156956126649	0.0699659688063353
09	rh_G_oc-temp_med-Lingual	-0.0264793597779908	0.0897625256635003
09	lh_G_oc-temp_med-Parahip	-0.0265769618555725	0.183545668921659
09	rh_G_oc-temp_med-Parahip	-0.116844680879793	0.151739437722517
09	lh_G_occipital_middle	0.0840813566841626	0.0975147439087608
09	rh_G_occipital_middle	0.0493539814975232	0.0974959886115984
09	lh_G_occipital_sup	-0.0747998306210032	0.0980034825266377
09	rh_G_occipital_sup	0.0109829867809245	0.0739573455550789
09	lh_G_orbital	-0.00549412028889154	0.212265565408465
09	rh_G_orbital	0.0191818015906425	0.337779293782003
09	lh_G_pariet_inf-Angular	0.0057979879962767	0.19624585455434
09	rh_G_pariet_inf-Angular	0.073399631005927	0.0843149434943991
09	lh_G_pariet_inf-Supramar	-0.0803256994278437	0.534989577219205
09	rh_G_pariet_inf-Supramar	0.0539603495321338	0.58294208159872
09	lh_G_parietal_sup	-0.0332355279568553	0.0889606594461349
09	rh_G_parietal_sup	-0.0528747005955971	0.105671108385115
09	lh_G_postcentral	-0.0308820592181304	0.41795525484976
09	rh_G_postcentral	0.00485438872685173	0.490644466977327
09	lh_G_precentral	0.0436962794146517	0.0691348313718652
09	rh_G_precentral	-0.00272655432935702	0.121157452336715
09	lh_G_precuneus	-0.0367497085863449	0.0651133225606252
09	rh_G_precuneus	0.0557504732660496	0.113965446452043
09	lh_G_rectus	-0.0305263097618611	0.115708702740922
09	rh_G_rectus	-0.0285036530308851	0.176280481150541
09	lh_G_subcallosal	0.00515363395349848	0.0765510762174704
09	rh_G_subcallosal	-0.0376006807779021	0.171389132410586
09	lh_G_temp_sup-G_T_transv	0.0324286152245932	0.617387630792502
09	rh_G_temp_sup-G_T_transv	0.0402846083004004	0.738590952747239
09	lh_G_temp_sup-Lateral	0.126617379364948	0.112953925265763
09	rh_G_temp_sup-Lateral	0.039591461873364	0.641280614194279
09	lh_G_temp_sup-Plan_polar	0.128841278781089	0.309789621931696
09	rh_G_temp_sup-Plan_polar	0.157613852216487	0.360547042791049
09	lh_G_temp_sup-Plan_tempo	-0.0390443052775506	0.470921244667747
09	rh_G_temp_sup-Plan_tempo	0.00714513054275012	0.558274890137177
09	lh_G_temporal_inf	0.148184437724562	0.117754998117201
09	rh_G_temporal_inf	0.0532286385220134	0.128847681665668
09	lh_G_temporal_middle	0.119069189706285	0.0887506985165282
09	rh_G_temporal_middle	0.00700030244361691	0.184809290837343
09	lh_Lat_Fis-ant-Horizont	-0.117113168475234	0.118591623874343
09	rh_Lat_Fis-ant-Horizont	0.0855762825028569	0.146781661660841
09	lh_Lat_Fis-ant-Vertical	-0.0967365257615328	0.301188188453483
09	rh_Lat_Fis-ant-Vertical	0.0263258261136411	0.126926287553161
09	lh_Lat_Fis-post	0.00704350305314938	0.369280398079907
09	rh_Lat_Fis-post	0.0336888284818709	0.193363721088844
09	lh_Pole_occipital	-0.0956675353136566	0.0864826829247949
09	rh_Pole_occipital	0.0182428174969915	0.061349812923439
09	lh_Pole_temporal	-0.111439938568453	0.160401638369754
09	rh_Pole_temporal	0.135629731504099	0.226089151491346
09	lh_S_calcarine	0.0123924334149016	0.081230887929173
09	rh_S_calcarine	-0.043525922192323	0.0847532438407837
09	lh_S_central	0.0722774484977845	0.296117676017354
09	rh_S_central	0.0105707102480465	0.323303057767984
09	lh_S_cingul-Marginalis	0.0922694947528441	0.122997743705453
09	rh_S_cingul-Marginalis	-0.101156212072298	0.160607579199514
09	lh_S_circular_insula_ant	0.179743971545043	0.140649553954125
09	rh_S_circular_insula_ant	0.00183898942074358	0.149330910181503
09	lh_S_circular_insula_inf	0.0155118907520701	0.0841591423037989
09	rh_S_circular_insula_inf	0.0110249816212453	0.184956001285396
09	lh_S_circular_insula_sup	0.139691945967639	0.314430835006862
09	rh_S_circular_insula_sup	0.00686144200419087	0.488594484925474
09	lh_S_collat_transv_ant	0.104683265163885	0.156876256215802
09	rh_S_collat_transv_ant	0.0158226038155698	0.17016442171338
09	lh_S_collat_transv_post	-0.00355306188406494	0.0643672750351368
09	rh_S_collat_transv_post	-0.033687235336024	0.065475398272563
09	lh_S_front_inf	0.150021275727745	0.355665869240232
09	rh_S_front_inf	-0.0414799764730366	0.45226912655306
09	lh_S_front_middle	0.0296588493855736	0.0883523582163826
09	rh_S_front_middle	0.0173170704482596	0.0750070826087475
09	lh_S_front_sup	-0.0513519815223127	0.0873165906441713
09	rh_S_front_sup	-0.0169670447111305	0.0965803706974089
09	lh_S_interm_prim-Jensen	-0.0906322977495548	0.141130396725568
09	rh_S_interm_prim-Jensen	0.0294211656077331	0.243836126388364
09	lh_S_intrapariet_and_P_trans	-0.092465243033249	0.256209465251693
09	rh_S_intrapariet_and_P_trans	-0.00488211137632413	0.169846604953308
09	lh_S_oc-temp_lat	0.0718712861330417	0.125589440327426
09	rh_S_oc-temp_lat	0.126366638376804	0.148850213720536
09	lh_S_oc-temp_med_and_Lingual	-0.0444244226430661	0.133712599780202
09	rh_S_oc-temp_med_and_Lingual	-0.0275538028987853	0.154181878719235
09	lh_S_oc_middle_and_Lunatus	-0.0897000120061946	0.0952652458413807
09	rh_S_oc_middle_and_Lunatus	-0.0041033757707277	0.0825310900314686
09	lh_S_oc_sup_and_transversal	-0.0277149623133408	0.0806197093269273
09	rh_S_oc_sup_and_transversal	0.0670545909755986	0.093318330522021
09	lh_S_occipital_ant	0.0549081243997841	0.0976337611660612
09	rh_S_occipital_ant	0.0496773968217051	0.0863023556465085
09	lh_S_orbital-H_Shaped	0.061488614330185	0.216762248724028
09	rh_S_orbital-H_Shaped	-0.0474210347434067	0.231054731896231
09	lh_S_orbital_lateral	-0.0511529050938849	0.0779816434545539
09	rh_S_orbital_lateral	0.0893364529122864	0.124812308125021
09	lh_S_orbital_med-olfact	-0.0576353342770094	0.284552915508629
09	rh_S_orbital_med-olfact	-0.00769767367113225	0.264524549256916
09	lh_S_parieto_occipital	0.0387298554398662	0.0874228391245371
09	rh_S_parieto_occipital	0.00324736871667182	0.0798094411553035
09	lh_S_pericallosal	-0.0598803014296823	0.054522326853646
09	rh_S_pericallosal	0.000254354306965632	0.170707664408053
09	lh_S_postcentral	-0.016233238646675	0.134941422372407
09	rh_S_postcentral	-0.0353111404257409	0.237795983955673
09	lh_S_precentral-inf-part	0.105460065632308	0.5145427869517
09	rh_S_precentral-inf-part	-0.0374991792860067	0.440019578569102
09	lh_S_precentral-sup-part	0.011834457779184	0.268667626804752
09	rh_S_precentral-sup-part	0.0706218447778505	0.208447543291906
09	lh_S_suborbital	0.046373448538801	0.195358569433024
09	rh_S_suborbital	0.0271156993946872	0.103159143292423
09	lh_S_subparietal	-0.0363142182182971	0.0759428862440572
09	rh_S_subparietal	0.0099379967271663	0.150451774755424
09	lh_S_temporal_inf	-0.00676170134787082	0.111073646929561
09	rh_S_temporal_inf	0.122541782401486	0.117446843404637
09	lh_S_temporal_sup	0.0734461383314109	0.0847679049521399
09	rh_S_temporal_sup	-0.0640536665026378	0.165817128244699
09	lh_S_temporal_transverse	-0.0410993930834854	0.308482989246749
09	rh_S_temporal_transverse	0.0115825587607615	0.72615265527711
10	lh_G_Ins_lg_and_S_cent_ins	-0.235700794674794	0.470588599335702
10	rh_G_Ins_lg_and_S_cent_ins	-0.0925902344708295	0.61685963659211
10	lh_G_and_S_cingul-Ant	0.0794199504006044	0.134231467204574
10	rh_G_and_S_cingul-Ant	0.0290919004600889	0.151154016065852
10	lh_G_and_S_cingul-Mid-Ant	0.0373707458813883	0.0792080929815242
10	rh_G_and_S_cingul-Mid-Ant	0.0146005473881744	0.106182608091668
10	lh_G_and_S_cingul-Mid-Post	0.0518559690558553	0.1600217271803
10	rh_G_and_S_cingul-Mid-Post	-0.064580321808193	0.195840803719863
10	lh_G_and_S_frontomargin	-0.0697912808686108	0.102087320531095
10	rh_G_and_S_frontomargin	-0.0703338638548969	0.163135428544185
10	lh_G_and_S_occipital_inf	-0.0635880850789727	0.129537899386786
10	rh_G_and_S_occipital_inf	-0.136972548435435	0.136320661157727
10	lh_G_and_S_paracentral	0.0571796381082656	0.088125025235454
10	rh_G_and_S_paracentral	-0.0929886687302147	0.153691232015431
10	lh_G_and_S_subcentral	0.14393105372876	0.466889908836943
10	rh_G_and_S_subcentral	0.260980201270809	0.437030407739601
10	lh_G_and_S_transv_frontopol	0.00829522613360227	0.161838059403749
10	rh_G_and_S_transv_frontopol	-0.0586567877018205	0.130783677162657
10	lh_G_cingul-Post-dorsal	0.0764896720061417	0.235304524514352
10	rh_G_cingul-Post-dorsal	-0.00725112049696561	0.250242528367788
10	lh_G_cingul-Post-ventral	0.0772054396788436	0.113111762264055
10	rh_G_cingul-Post-ventral	-0.0192504653250458	0.477154205892169
10	lh_G_cuneus	-0.0557067791048158	0.0817144872372928
10	rh_G_cuneus	0.0944563165920166	0.134984707234225
10	lh_G_front_inf-Opercular	-0.230890384215029	0.279404805993958
10	rh_G_front_inf-Opercular	-0.0960963425506783	0.532295269591188
10	lh_G_front_inf-Orbital	-0.0929184364143933	0.241436385002127
10	rh_G_front_inf-Orbital	-0.0691947139013714	0.291759914200031
10	lh_G_front_inf-Triangul	-0.0136374253559393	0.171584179910965
10	rh_G_front_inf-Triangul	0.0630776643968547	0.11561227750005
10	lh_G_front_middle	-0.121718896574624	0.0962265948323307
10	rh_G_front_middle	0.0602871675582811	0.213273967998969
10	lh_G_front_sup	0.0324687923054192	0.118852459911879
10	rh_G_front_sup	0.0247551215663459	0.114032122322864
10	lh_G_insular_short	-0.15184938194759	0.353530141837894
10	rh_G_insular_short	-0.00917183160701734	0.365855332203196
10	lh_G_oc-temp_lat-fusifor	-0.157835797158199	0.53456208619453
10	rh_G_oc-temp_lat-fusifor	-0.137323546624966	0.441852082032547
10	lh_G_oc-temp_med-Lingual	-0.0673500478615521	0.1450562809737
10	rh_G_oc-temp_med-Lingual	-0.0690537451973371	0.236656088265257
10	lh_G_oc-temp_med-Parahip	0.193515943033712	0.300018355638594
10	rh_G_oc-temp_med-Parahip	-0.155356897218432	0.213438868620296
10	lh_G_occipital_middle	-0.0228183014271485	0.104949645166472
10	rh_G_occipital_middle	-0.103879366841143	0.132850679602475
10	lh_G_occipital_sup	0.00930666916609646	0.146584782874465
10	rh_G_occipital_sup	0.0309905277215264	0.104398190020141
10	lh_G_orbital	-0.00324565566491514	0.330914251368593
10	rh_G_orbital	-0.0529473637350216	0.434648742362032
10	lh_G_pariet_inf-Angular	-0.00177441064006618	0.189222077351701
10	rh_G_pariet_inf-Angular	-0.0615844118506796	0.240767371456911
10	lh_G_pariet_inf-Supramar	0.054918267097458	0.547998785112392
10	rh_G_pariet_inf-Supramar	-0.0199541108906658	0.677471019523895
10	lh_G_parietal_sup	-0.039096884942547	0.0961509242330582
10	rh_G_parietal_sup	-0.016838352907931	0.103188827940952
10	lh_G_postcentral	0.149602662557682	0.342493480994882
10	rh_G_postcentral	0.0510915302638232	0.583321018760577
10	lh_G_precentral	0.0546631115359601	0.105029072902224
10	rh_G_precentral	0.260141937384782	0.198708994643347
10	lh_G_precuneus	-0.0771624648684564	0.143525125977865
10	rh_G_precuneus	0.0352839260238324	0.139819978191014
10	lh_G_rectus	0.036007475011528	0.122925486845837
10	rh_G_rectus	-0.0225871550212343	0.328476717800305
10	lh_G_subcallosal	-0.236379178332383	0.286143849943583
10	rh_G_subcallosal	-0.0875608783265756	0.340238028256897
10	lh_G_temp_sup-G_T_transv	-0.0365064286538455	0.69452647868572
10	rh_G_temp_sup-G_T_transv	0.0043466536611475	0.714958189741128
10	lh_G_temp_sup-Lateral	-0.0401925139282793	0.634910783771625
10	rh_G_temp_sup-Lateral	-0.109178291122298	0.693184122358636
10	lh_G_temp_sup-Plan_polar	0.00407192251773805	0.251497361695996
10	rh_G_temp_sup-Plan_polar	0.043163960502701	0.26719173000387
10	lh_G_temp_sup-Plan_tempo	0.0396222502251523	0.433491879464935
10	rh_G_temp_sup-Plan_tempo	-0.0697268565306374	0.689879208759704
10	lh_G_temporal_inf	-0.0327024037809425	0.475740455812084
10	rh_G_temporal_inf	-0.0809343375375368	0.441312731813512
10	lh_G_temporal_middle	-0.066111516236523	0.349962221680255
10	rh_G_temporal_middle	-0.13720618920984	0.174506724603042
10	lh_Lat_Fis-ant-Horizont	-0.0587791452573709	0.15602139331177
10	rh_Lat_Fis-ant-Horizont	0.0500033165237194	0.275011341874631
10	lh_Lat_Fis-ant-Vertical	-0.0746934704757924	0.148998546989707
10	rh_Lat_Fis-ant-Vertical	-0.0642174052847135	0.246742048090769
10	lh_Lat_Fis-post	-0.195544303460063	0.204545578817118
10	rh_Lat_Fis-post	0.0859180930399651	0.385869978748694
10	lh_Pole_occipital	-0.0124791968968356	0.0866488936444919
10	rh_Pole_occipital	-0.0387572783715237	0.173414368743034
10	lh_Pole_temporal	-0.239177171970744	0.151507673858657
10	rh_Pole_temporal	-0.124305505545083	0.0740316149930765
10	lh_S_calcarine	-0.0706182623275098	0.114662733545195
10	rh_S_calcarine	0.0522306112390051	0.334566789593465
10	lh_S_central	0.0119240813153831	0.392173406605346
10	rh_S_central	0.177577840175897	0.0954023650480714
10	lh_S_cingul-Marginalis	0.0171623614123224	0.153025800940477
10	rh_S_cingul-Marginalis	0.020594011935541	0.132399931268863
10	lh_S_circular_insula_ant	-0.151186184258025	0.243682779852452
10	rh_S_circular_insula_ant	-0.0831520267715457	0.416077152370031
10	lh_S_circular_insula_inf	0.0321720996768683	0.422670718868009
10	rh_S_circular_insula_inf	0.157587477931126	0.330901292915384
10	lh_S_circular_insula_sup	0.201326112667831	0.235710640858936
10	rh_S_circular_insula_sup	0.081590211492994	0.576241201535277
10	lh_S_collat_transv_ant	0.116544991502914	0.263601761677551
10	rh_S_collat_transv_ant	-0.202148092239917	0.314313770322525
10	lh_S_collat_transv_post	0.0426164436413914	0.0939629292180358
10	rh_S_collat_transv_post	-0.0946848878572384	0.150874429968229
10	lh_S_front_inf	0.159335656555579	0.1890142225965
10	rh_S_front_inf	-0.0385696716831335	0.235702739403856
10	lh_S_front_middle	0.0250831767119136	0.135638824077351
10	rh_S_front_middle	0.0461671924860872	0.161910422511389
10	lh_S_front_sup	0.0187548847884235	0.0808228248778048
10	rh_S_front_sup	0.099295371993015	0.128911030352575
10	lh_S_interm_prim-Jensen	0.0524399343392745	0.267537142645651
10	rh_S_interm_prim-Jensen	-0.00279529761470845	0.12523848422031
10	lh_S_intrapariet_and_P_trans	0.0640606808590245	0.144427797535479
10	rh_S_intrapariet_and_P_trans	0.129739106949716	0.0855248298036858
10	lh_S_oc-temp_lat	-0.15289093386231	0.265667670737382
10	rh_S_oc-temp_lat	-0.114404914977225	0.532388287845704
10	lh_S_oc-temp_med_and_Lingual	-0.127046355653401	0.570176320332416
10	rh_S_oc-temp_med_and_Lingual	-0.0463102446211615	0.537415690831947
10	lh_S_oc_middle_and_Lunatus	0.0538102145791786	0.0769708283847782
10	rh_S_oc_middle_and_Lunatus	-0.0109243804535567	0.138157654020755
10	lh_S_oc_sup_and_transversal	0.0837425772055321	0.133193288322836
10	rh_S_oc_sup_and_transversal	-0.104022990725018	0.232472271859729
10	lh_S_occipital_ant	0.0739295502406822	0.164305332221714
10	rh_S_occipital_ant	-0.154990261507138	0.296698696215972
10	lh_S_orbital-H_Shaped	0.0749581792357398	0.331088474902841
10	rh_S_orbital-H_Shaped	0.0466650229661685	0.300694777953781
10	lh_S_orbital_lateral	-0.0727136399451403	0.0889810461369637
10	rh_S_orbital_lateral	-0.0327705660086962	0.204013545149055
10	lh_S_orbital_med-olfact	-0.0535459801637935	0.481639183132288
10	rh_S_orbital_med-olfact	-0.0749937324057535	0.471369591910885
10	lh_S_parieto_occipital	0.0741449802547689	0.128192148192942
10	rh_S_parieto_occipital	0.0644688752367406	0.261513252127874
10	lh_S_pericallosal	0.087871342391286	0.303231949607922
10	rh_S_pericallosal	0.0706282097182194	0.104013837246854
10	lh_S_postcentral	0.0285322385425557	0.429241399961406
10	rh_S_postcentral	-0.0528873005250458	0.505053258783987
10	lh_S_precentral-inf-part	0.0614497657352651	0.147930114924674
10	rh_S_precentral-inf-part	0.0335684521683602	0.233905957842159
10	lh_S_precentral-sup-part	-0.116389800451399	0.213794286173446
10	rh_S_precentral-sup-part	0.0533152073998706	0.291273303171641
10	lh_S_suborbital	-0.00509200406159872	0.158788642792423
10	rh_S_suborbital	-0.0461729220174384	0.193865853961119
10	lh_S_subparietal	0.0812174129130687	0.336522206562346
10	rh_S_subparietal	0.0755158847078074	0.322636868166454
10	lh_S_temporal_inf	-0.0547847034486548	0.56922556920713
10	rh_S_temporal_inf	-0.307890831296127	0.384159754873981
10	lh_S_temporal_sup	-0.010874797415462	0.352217910908222
10	rh_S_temporal_sup	-0.0403875553149649	0.666552435691196
10	lh_S_temporal_transverse	0.101930781237541	0.398245051481743
10	rh_S_temporal_transverse	-0.0512737347649495	0.741404813302001
11	lh_G_Ins_lg_and_S_cent_ins	-0.019267937115987	0.214983722481757
11	rh_G_Ins_lg_and_S_cent_ins	0.0410852861262234	0.13660193249055
11	lh_G_and_S_cingul-Ant	0.0307047040479042	0.0959723837765917
11	rh_G_and_S_cingul-Ant	0.00903990020942415	0.0686903404305446
11	lh_G_and_S_cingul-Mid-Ant	0.0846858391759518	0.0834596101416226
11	rh_G_and_S_cingul-Mid-Ant	-0.0410173969550229	0.110887552149397
11	lh_G_and_S_cingul-Mid-Post	-0.0589112189205271	0.0876713922934156
11	rh_G_and_S_cingul-Mid-Post	-0.0108721227762417	0.147888417139029
11	lh_G_and_S_frontomargin	-0.0144163985148995	0.0645975966223761
11	rh_G_and_S_frontomargin	0.0524489653225077	0.0849285964338827
11	lh_G_and_S_occipital_inf	-0.00367827032689046	0.0753602520262183
11	rh_G_and_S_occipital_inf	0.0512496793500569	0.110942672638815
11	lh_G_and_S_paracentral	-0.0390734084454843	0.0609881922667071
11	rh_G_and_S_paracentral	-0.0503317872624442	0.0662844754110378
11	lh_G_and_S_subcentral	-0.0347775562015006	0.512664397428252
11	rh_G_and_S_subcentral	0.019252578794165	0.586172447601213
11	lh_G_and_S_transv_frontopol	-0.0256717544934745	0.10805820164248
11	rh_G_and_S_transv_frontopol	0.0984952319890519	0.129316057304389
11	lh_G_cingul-Post-dorsal	-0.056769356687659	0.0596834643881466
11	rh_G_cingul-Post-dorsal	-0.0428010189857682	0.0599531336254697
11	lh_G_cingul-Post-ventral	-0.0272071628360417	0.169359532748264
11	rh_G_cingul-Post-ventral	0.0746005905919143	0.1560507917085
11	lh_G_cuneus	0.0603114465897781	0.0867907855524178
11	rh_G_cuneus	0.0197979956387307	0.0809537643576417
11	lh_G_front_inf-Opercular	0.163041626889234	0.240584378955804
11	rh_G_front_inf-Opercular	-0.0374716929819975	0.236986277516031
11	lh_G_front_inf-Orbital	-0.0337308805702506	0.128457779309162
11	rh_G_front_inf-Orbital	0.105671418951558	0.111291349777575
11	lh_G_front_inf-Triangul	-0.046307810410449	0.179043383862295
11	rh_G_front_inf-Triangul	-0.0779925426332373	0.166348204777399
11	lh_G_front_middle	-0.00798354279731773	0.070660480318828
11	rh_G_front_middle	-0.0387430016415807	0.1368682863908
11	lh_G_front_sup	0.00484857234141455	0.0848117557466478
11	rh_G_front_sup	-0.0756261447378645	0.118961390915815
11	lh_G_insular_short	0.0460858433635725	0.14290370901125
11	rh_G_insular_short	0.0133613088481829	0.145865348911522
11	lh_G_oc-temp_lat-fusifor	0.0346343868159796	0.165359725191191
11	rh_G_oc-temp_lat-fusifor	0.0968488203240035	0.187489132679428
11	lh_G_oc-temp_med-Lingual	0.0221450030262074	0.0848840156016127
11	rh_G_oc-temp_med-Lingual	0.0313241879221599	0.0976816704922301
11	lh_G_oc-temp_med-Parahip	0.0406203172276781	0.133969365191043
11	rh_G_oc-temp_med-Parahip	0.0688754114476269	0.21631569074845
11	lh_G_occipital_middle	0.00273552029619394	0.0566161617504496
11	rh_G_occipital_middle	-0.0577266155431844	0.0678671015941541
11	lh_G_occipital_sup	-0.00280186916490994	0.0773841786543038
11	rh_G_occipital_sup	0.0207173956981173	0.0455488588234698
11	lh_G_orbital	-0.0682507741853777	0.2865685597356
11	rh_G_orbital	0.044361845452225	0.40314321878123
11	lh_G_pariet_inf-Angular	0.00851633174253466	0.118844808778206
11	rh_G_pariet_inf-Angular	0.000940236517162907	0.279416130692571
11	lh_G_pariet_inf-Supramar	-0.0686329233483481	0.341730612246701
11	rh_G_pariet_inf-Supramar	0.0842119061977014	0.373494336697344
11	lh_G_parietal_sup	-0.00523925618421754	0.10002964698937
11	rh_G_parietal_sup	0.00215138904052051	0.0729260918674636
11	lh_G_postcentral	-0.0422507873902506	0.164728908417783
11	rh_G_postcentral	-0.0202498698414044	0.468899620570307
11	lh_G_precentral	0.0429868479791063	0.29376182686586
11	rh_G_precentral	0.0196262291419724	0.374392933671619
11	lh_G_precuneus	-0.0223839126163958	0.113471673329323
11	rh_G_precuneus	-0.0697407516136108	0.141239794130129
11	lh_G_rectus	0.00362739157384243	0.150377999653926
11	rh_G_rectus	0.0988217363520583	0.205946110229324
11	lh_G_subcallosal	-0.084297435212227	0.106443643307949
11	rh_G_subcallosal	0.0116261859560939	0.0938576613625785
11	lh_G_temp_sup-G_T_transv	-0.0193007737162443	0.541066540831297
11	rh_G_temp_sup-G_T_transv	0.074189923485111	0.613931426239725
11	lh_G_temp_sup-Lateral	-0.0629447037203895	0.182492201835643
11	rh_G_temp_sup-Lateral	-0.0381926026277915	0.258530058700334
11	lh_G_temp_sup-Plan_polar	-0.101268297286519	0.186889314148135
11	rh_G_temp_sup-Plan_polar	-0.132946556032944	0.194668402038204
11	lh_G_temp_sup-Plan_tempo	-0.067236861603671	0.452113854095834
11	rh_G_temp_sup-Plan_tempo	0.0203031251152187	0.505275560534834
11	lh_G_temporal_inf	0.118161561548118	0.141399851890991
11	rh_G_temporal_inf	0.11857022439464	0.180739938081585
11	lh_G_temporal_middle	-0.0947295275921303	0.142621628011974
11	rh_G_temporal_middle	-0.0124366612625927	0.375654127509152
11	lh_Lat_Fis-ant-Horizont	-0.0725314541666942	0.0628401096975912
11	rh_Lat_Fis-ant-Horizont	0.127894134680373	0.174395169642273
11	lh_Lat_Fis-ant-Vertical	-0.0881578303355322	0.163857783783085
11	rh_Lat_Fis-ant-Vertical	0.00268269500456436	0.329189089527582
11	lh_Lat_Fis-post	-0.0123703264411694	0.270395769906442
11	rh_Lat_Fis-post	0.0568869357375954	0.27529331775781
11	lh_Pole_occipital	0.0546390897109688	0.0493447671482136
11	rh_Pole_occipital	-0.0223314548516163	0.0833275181609446
11	lh_Pole_temporal	-0.0761229670100974	0.0908581920014946
11	rh_Pole_temporal	-0.0338352651111066	0.171346048166459
11	lh_S_calcarine	-0.0350675785120708	0.0934454425982473
11	rh_S_calcarine	0.0913894327986174	0.177493509233713
11	lh_S_central	0.0187136512260956	0.0903715717270819
11	rh_S_central	0.0450774247568743	0.191150365340532
11	lh_S_cingul-Marginalis	0.0111513938740806	0.0979144137829103
11	rh_S_cingul-Marginalis	-0.0593799442772698	0.129163999109915
11	lh_S_circular_insula_ant	-0.0784154350439226	0.0807398424455019
11	rh_S_circular_insula_ant	-0.0246445756070879	0.15983847454478
11	lh_S_circular_insula_inf	0.0597870951689176	0.436785609092555
11	rh_S_circular_insula_inf	0.0845984781531751	0.461182346538022
11	lh_S_circular_insula_sup	0.0606432721967861	0.246937362678407
11	rh_S_circular_insula_sup	-0.0029796210423238	0.325097566297435
11	lh_S_collat_transv_ant	0.0867229998080809	0.157176597406095
11	rh_S_collat_transv_ant	0.183198654791467	0.260433864957572
11	lh_S_collat_transv_post	0.078132800094224	0.0937145790356816
11	rh_S_collat_transv_post	0.046374989428864	0.0723337995511334
11	lh_S_front_inf	0.0641743226176766	0.181128728017184
11	rh_S_front_inf	-0.00610363744199582	0.266271568295535
11	lh_S_front_middle	0.0384885352766118	0.0575255335349477
11	rh_S_front_middle	0.0749782856758576	0.073932961579098
11	lh_S_front_sup	0.0193978538252117	0.075558388294958
11	rh_S_front_sup	0.0617303227363028	0.115440433442643
11	lh_S_interm_prim-Jensen	-0.00440756591573876	0.161815028179086
11	rh_S_interm_prim-Jensen	0.102153132541591	0.236988043808332
11	lh_S_intrapariet_and_P_trans	-0.00747671903897288	0.0852904754353873
11	rh_S_intrapariet_and_P_trans	0.013758189324118	0.177871566282735
11	lh_S_oc-temp_lat	0.0119630604141022	0.22837484912925
11	rh_S_oc-temp_lat	0.0805327411074529	0.194205131579652
11	lh_S_oc-temp_med_and_Lingual	0.0415437330331927	0.234581267783157
11	rh_S_oc-temp_med_and_Lingual	0.151238636905115	0.277192197207257
11	lh_S_oc_middle_and_Lunatus	0.0744786269316371	0.0834625061718837
11	rh_S_oc_middle_and_Lunatus	-0.00444803155553412	0.0691729447668939
11	lh_S_oc_sup_and_transversal	0.00162213269698476	0.0709713988674264
11	rh_S_oc_sup_and_transversal	0.010228357292776	0.104522155967992
11	lh_S_occipital_ant	0.0579418915291043	0.0854742661019748
11	rh_S_occipital_ant	0.00368906428339379	0.072490044113509
11	lh_S_orbital-H_Shaped	0.00207026787651166	0.261411358555087
11	rh_S_orbital-H_Shaped	0.12126619651165	0.329869877641621
11	lh_S_orbital_lateral	0.122140496545442	0.128902149452268
11	rh_S_orbital_lateral	-0.00361341682574237	0.147619961674902
11	lh_S_orbital_med-olfact	-0.170577061778034	0.297580906739567
11	rh_S_orbital_med-olfact	0.0781713204867944	0.35380652117413
11	lh_S_parieto_occipital	-0.0219759593267646	0.103396327090137
11	rh_S_parieto_occipital	0.0516520930142233	0.0820799099762687
11	lh_S_pericallosal	0.00940015887868659	0.0856589449902359
11	rh_S_pericallosal	0.0886494530977258	0.12516253480031
11	lh_S_postcentral	-0.0544537417676254	0.171059646620342
11	rh_S_postcentral	0.0748824863159737	0.230395442522795
11	lh_S_precentral-inf-part	0.0179156659490702	0.220561274453958
11	rh_S_precentral-inf-part	-0.004496838040107	0.193217416516145
11	lh_S_precentral-sup-part	-0.0208417822910496	0.129793616270609
11	rh_S_precentral-sup-part	-0.0741703310401706	0.081868178493547
11	lh_S_suborbital	0.0171342115509841	0.0931198020468533
11	rh_S_suborbital	-0.00922321074170353	0.066136840897009
11	lh_S_subparietal	-0.032680478448333	0.0881605392214697
11	rh_S_subparietal	0.016373245985308	0.0970014420523965
11	lh_S_temporal_inf	0.0129004662592275	0.17855193485944
11	rh_S_temporal_inf	0.0561910935769372	0.0975935888024081
11	lh_S_temporal_sup	0.0413514059321224	0.103198149410225
11	rh_S_temporal_sup	0.032815790437047	0.14770177398523
11	lh_S_temporal_transverse	-0.00193683990471577	0.279176337899746
11	rh_S_temporal_transverse	0.0158368013410534	0.617791821623647
12	lh_G_Ins_lg_and_S_cent_ins	-0.0311352676234772	0.208002736623054
12	rh_G_Ins_lg_and_S_cent_ins	0.0673433303092749	0.0901974297594323
12	lh_G_and_S_cingul-Ant	-0.0586016372699633	0.155488109863912
12	rh_G_and_S_cingul-Ant	0.0329232297724702	0.0833495149346021
12	lh_G_and_S_cingul-Mid-Ant	-0.0358883799691239	0.103294336905474
12	rh_G_and_S_cingul-Mid-Ant	-0.0159282428508659	0.166111315326445
12	lh_G_and_S_cingul-Mid-Post	0.050365146016723	0.0865859605867244
12	rh_G_and_S_cingul-Mid-Post	-0.0847202630062987	0.104520742250213
12	lh_G_and_S_frontomargin	0.0383833413971947	0.1165295143907
12	rh_G_and_S_frontomargin	0.0358107482509299	0.109701190570746
12	lh_G_and_S_occipital_inf	0.00624478872669693	0.0780857054438506
12	rh_G_and_S_occipital_inf	0.0145194352897067	0.0576942618836501
12	lh_G_and_S_paracentral	0.0469501390279935	0.0819951463231524
12	rh_G_and_S_paracentral	-0.0396441601681806	0.0982129866443413
12	lh_G_and_S_subcentral	0.102219256728014	0.27006015957887
12	rh_G_and_S_subcentral	-0.0589277254347714	0.552868893514757
12	lh_G_and_S_transv_frontopol	-0.0382609777154334	0.112502375294854
12	rh_G_and_S_transv_frontopol	0.00478522039214725	0.0958784044444363
12	lh_G_cingul-Post-dorsal	0.0385128278622185	0.134626075911524
12	rh_G_cingul-Post-dorsal	-0.0248650467729933	0.0822692316951751
12	lh_G_cingul-Post-ventral	0.0128692910449309	0.0905369378206365
12	rh_G_cingul-Post-ventral	-0.0937914847577087	0.222859118912118
12	lh_G_cuneus	-0.0405907073123619	0.0698613846862964
12	rh_G_cuneus	-0.0421138297724952	0.0627961139596045
12	lh_G_front_inf-Opercular	-0.194530121348119	0.344294005625267
12	rh_G_front_inf-Opercular	-0.197546937989645	0.143971293843226
12	lh_G_front_inf-Orbital	-0.101196030717803	0.203490952326895
12	rh_G_front_inf-Orbital	-0.0949451700515207	0.104560884101243
12	lh_G_front_inf-Triangul	0.05984901751992	0.1898401481862
12	rh_G_front_inf-Triangul	-0.087534271724309	0.0847970452830181
12	lh_G_front_middle	-0.0716954465615379	0.110548557095245
12	rh_G_front_middle	0.0407791418226661	0.0690390191558528
12	lh_G_front_sup	0.0244016814150852	0.118495674381245
12	rh_G_front_sup	-0.0821105171987472	0.106324727077686
12	lh_G_insular_short	0.0234044565324666	0.319148116287337
12	rh_G_insular_short	-0.114161490349841	0.102044500539256
12	lh_G_oc-temp_lat-fusifor	0.026683630214922	0.299840229323481
12	rh_G_oc-temp_lat-fusifor	-0.204615474819491	0.198522820612933
12	lh_G_oc-temp_med-Lingual	-0.0495417068489516	0.0588858196996505
12	rh_G_oc-temp_med-Lingual	0.0753854302656095	0.0867874828762122
12	lh_G_oc-temp_med-Parahip	0.0154376578867845	0.137035940432999
12	rh_G_oc-temp_med-Parahip	-0.0416744459134796	0.205655227056743
12	lh_G_occipital_middle	-0.000952136597765635	0.0887295680710223
12	rh_G_occipital_middle	-0.0764467427896556	0.103782454395508
12	lh_G_occipital_sup	-0.0140935738518439	0.0732350569713989
12	rh_G_occipital_sup	0.0278298917247702	0.0894902021667472
12	lh_G_orbital	-0.0427701264268994	0.187382733077056
12	rh_G_orbital	-0.0539132925791367	0.261120911777716
12	lh_G_pariet_inf-Angular	0.00141097731830553	0.0884373278886008
12	rh_G_pariet_inf-Angular	-0.0603106195835829	0.0900142109119083
12	lh_G_pariet_inf-Supramar	-0.043383314985129	0.211760955914462
12	rh_G_pariet_inf-Supramar	-0.146601866118935	0.160558157339794
12	lh_G_parietal_sup	-0.0683339117932418	0.0795698803033547
12	rh_G_parietal_sup	-0.0195552189684192	0.0945414109112439
12	lh_G_postcentral	0.08703199346612	0.165347236792871
12	rh_G_postcentral	-0.139091631992903	0.328209201676159
12	lh_G_precentral	0.0822958144766182	0.120100896832011
12	rh_G_precentral	-0.0673759287388987	0.116712243175953
12	lh_G_precuneus	-0.0317312333236256	0.106792166880713
12	rh_G_precuneus	-0.0508875556183218	0.0803004682205098
12	lh_G_rectus	-0.0948839376761435	0.168896127386722
12	rh_G_rectus	0.00273565635625256	0.140208976546289
12	lh_G_subcallosal	-0.076729559384263	0.206012770264816
12	rh_G_subcallosal	-0.0448121243368901	0.109355358078878
12	lh_G_temp_sup-G_T_transv	0.0121626661612921	0.435191069010374
12	rh_G_temp_sup-G_T_transv	-0.0397646446837884	0.490271068424371
12	lh_G_temp_sup-Lateral	0.120054627060049	0.24190510768377
12	rh_G_temp_sup-Lateral	-0.191332667365827	0.406458444070345
12	lh_G_temp_sup-Plan_polar	0.0836305318694288	0.227768687158037
12	rh_G_temp_sup-Plan_polar	0.00916226039313413	0.184054673398065
12	lh_G_temp_sup-Plan_tempo	-0.149354786789054	0.220333733438947
12	rh_G_temp_sup-Plan_tempo	-0.134763924091124	0.504887278142228
12	lh_G_temporal_inf	-0.109267222218882	0.259453328731514
12	rh_G_temporal_inf	-0.27209457603151	0.212183275174712
12	lh_G_temporal_middle	-0.120123848394675	0.367169479878574
12	rh_G_temporal_middle	-0.0611783902007138	0.167821461816333
12	lh_Lat_Fis-ant-Horizont	-0.0598966316148774	0.200523985841168
12	rh_Lat_Fis-ant-Horizont	-0.140760220070227	0.0800591192151071
12	lh_Lat_Fis-ant-Vertical	0.0277756562523296	0.128672790013479
12	rh_Lat_Fis-ant-Vertical	0.0416220009339291	0.169785334090602
12	lh_Lat_Fis-post	-0.0655458349117273	0.31837400384846
12	rh_Lat_Fis-post	-0.0976253833871246	0.215093066187543
12	lh_Pole_occipital	0.0323116825973889	0.091306749902972
12	rh_Pole_occipital	0.0772176031390173	0.0859549647344882
12	lh_Pole_temporal	0.0509134458901999	0.169948676796182
12	rh_Pole_temporal	0.010857369935342	0.115781421286894
12	lh_S_calcarine	-0.00451558299191222	0.118309221965362
12	rh_S_calcarine	-0.0169931520548367	0.0771010913120033
12	lh_S_central	0.122069127035832	0.286548811853073
12	rh_S_central	-0.0293935533363592	0.205367917798562
12	lh_S_cingul-Marginalis	0.131634696039774	0.179879064215836
12	rh_S_cingul-Marginalis	-0.109697888100616	0.122900896266424
12	lh_S_circular_insula_ant	-0.171527296738385	0.297465817675605
12	rh_S_circular_insula_ant	-0.0185532364702283	0.10961700312038
12	lh_S_circular_insula_inf	0.0552127809133535	0.268539801097587
12	rh_S_circular_insula_inf	0.0414529196409062	0.199593476624812
12	lh_S_circular_insula_sup	0.0051580530627186	0.286321794898771
12	rh_S_circular_insula_sup	0.0343096641830094	0.138996971801127
12	lh_S_collat_transv_ant	-0.0376367142186414	0.211586934004964
12	rh_S_collat_transv_ant	-0.151803344387909	0.229326117607865
12	lh_S_collat_transv_post	0.0383846524810976	0.085755512868417
12	rh_S_collat_transv_post	0.0150052041859589	0.0833141122934606
12	lh_S_front_inf	0.116457917389772	0.252475976760076
12	rh_S_front_inf	0.203087961209915	0.282068690720516
12	lh_S_front_middle	-0.0301930785632186	0.128770872888221
12	rh_S_front_middle	-0.0542702481825492	0.197320587725201
12	lh_S_front_sup	0.00582862416619769	0.0878095489681976
12	rh_S_front_sup	0.0604167524095922	0.112479508720059
12	lh_S_interm_prim-Jensen	0.00225618795577671	0.0966852185670121
12	rh_S_interm_prim-Jensen	0.0652543897705876	0.163225094266411
12	lh_S_intrapariet_and_P_trans	0.0496726507392217	0.0751133286674265
12	rh_S_intrapariet_and_P_trans	-0.0336979136405482	0.0736921664576895
12	lh_S_oc-temp_lat	-0.0490490879777371	0.265628588684618
12	rh_S_oc-temp_lat	-0.142781348266686	0.0994327989219171
12	lh_S_oc-temp_med_and_Lingual	0.0797307006801135	0.240993443413612
12	rh_S_oc-temp_med_and_Lingual	-0.229270456005131	0.279473913437486
12	lh_S_oc_middle_and_Lunatus	0.0956724680916141	0.0914655239142379
12	rh_S_oc_middle_and_Lunatus	-0.0128787287928258	0.0829838531541074
12	lh_S_oc_sup_and_transversal	0.0302723999466168	0.0775820487934576
12	rh_S_oc_sup_and_transversal	0.0830408849132533	0.0998179965237296
12	lh_S_occipital_ant	-0.0826324235253743	0.0753192621683045
12	rh_S_occipital_ant	-0.0445883027245298	0.12428145266362
12	lh_S_orbital-H_Shaped	0.0708546793281254	0.107867515947276
12	rh_S_orbital-H_Shaped	0.0256154895856836	0.159709377646547
12	lh_S_orbital_lateral	-0.12565037700754	0.135514801563138
12	rh_S_orbital_lateral	-0.0838510491146797	0.0692353081623655
12	lh_S_orbital_med-olfact	-0.101155569528024	0.333367906698816
12	rh_S_orbital_med-olfact	-0.0387888490001602	0.279119930874554
12	lh_S_parieto_occipital	-0.0320127056528312	0.093152650829732
12	rh_S_parieto_occipital	-0.0645561476354791	0.104592220148608
12	lh_S_pericallosal	0.0222536558660612	0.0656503527066053
12	rh_S_pericallosal	0.0148016677382787	0.0472341617841172
12	lh_S_postcentral	-0.053190343161995	0.262515719768895
12	rh_S_postcentral	0.082347290222939	0.287980837122768
12	lh_S_precentral-inf-part	0.184376340383307	0.378185399709473
12	rh_S_precentral-inf-part	0.118312355056269	0.154429768964986
12	lh_S_precentral-sup-part	0.17984550767181	0.143035272308281
12	rh_S_precentral-sup-part	0.0113975761306847	0.17142928102183
12	lh_S_suborbital	-0.0939446608193055	0.143072420076028
12	rh_S_suborbital	-0.00159918852815379	0.0750029839439751
12	lh_S_subparietal	-0.0614874695227982	0.112876915463696
12	rh_S_subparietal	-0.00623520245091772	0.069941251666466
12	lh_S_temporal_inf	-0.0631787582504889	0.100614284277842
12	rh_S_temporal_inf	-0.206840941813854	0.395155645037193
12	lh_S_temporal_sup	0.0721482434196488	0.32642781611398
12	rh_S_temporal_sup	-0.0828944144681081	0.310818357654764
12	lh_S_temporal_transverse	-0.0209471085575942	0.522951577266028
12	rh_S_temporal_transverse	-0.119069097483539	0.612014286618762
13	lh_G_Ins_lg_and_S_cent_ins	0.0520855031615117	0.0984172097257132
13	rh_G_Ins_lg_and_S_cent_ins	0.06553804394989	0.244202796387435
13	lh_G_and_S_cingul-Ant	0.103194759108319	0.0589208890763187
13	rh_G_and_S_cingul-Ant	-0.045894847250888	0.0876792301741976
13	lh_G_and_S_cingul-Mid-Ant	0.0783769634330638	0.103959818678475
13	rh_G_and_S_cingul-Mid-Ant	-0.0812433394662165	0.0775939957416759
13	lh_G_and_S_cingul-Mid-Post	0.120909323769322	0.0776336972036496
13	rh_G_and_S_cingul-Mid-Post	0.0322428788918051	0.0673568155680191
13	lh_G_and_S_frontomargin	-0.0610486295675096	0.0636057109316396
13	rh_G_and_S_frontomargin	0.07669455151726	0.0720488789292889
13	lh_G_and_S_occipital_inf	0.00628920083627611	0.0563918278894286
13	rh_G_and_S_occipital_inf	0.0722555522793756	0.0997152375356339
13	lh_G_and_S_paracentral	0.0599551486107208	0.0532664735444265
13	rh_G_and_S_paracentral	-0.0503642971257861	0.0578002648641531
13	lh_G_and_S_subcentral	0.0666158615321568	0.117722563779997
13	rh_G_and_S_subcentral	0.0740393194432102	0.164147997253364
13	lh_G_and_S_transv_frontopol	0.0424889819200428	0.0796319878537855
13	rh_G_and_S_transv_frontopol	0.0382976719522802	0.0898383300750467
13	lh_G_cingul-Post-dorsal	-0.00483411340289794	0.0722946806345354
13	rh_G_cingul-Post-dorsal	-0.00586851137798666	0.0593274245654368
13	lh_G_cingul-Post-ventral	0.0134140413895256	0.12669797168943
13	rh_G_cingul-Post-ventral	-0.0239572331751916	0.0473991904365584
13	lh_G_cuneus	0.0395445185082803	0.0846573355864735
13	rh_G_cuneus	0.0190732335128796	0.0852275242455949
13	lh_G_front_inf-Opercular	0.0228633722248507	0.072914900061214
13	rh_G_front_inf-Opercular	0.0575391985096727	0.102570213716971
13	lh_G_front_inf-Orbital	0.013865978177207	0.0562812546165961
13	rh_G_front_inf-Orbital	0.0208694313569526	0.105328409653607
13	lh_G_front_inf-Triangul	0.0369162908070159	0.100573763189196
13	rh_G_front_inf-Triangul	-0.050457301151395	0.148187212813633
13	lh_G_front_middle	0.092803392261632	0.0851633882894866
13	rh_G_front_middle	0.0442291045131513	0.0823307270652334
13	lh_G_front_sup	0.167614282009556	0.108135754169534
13	rh_G_front_sup	-0.0284364691745977	0.0614269016293426
13	lh_G_insular_short	-0.0325932040671547	0.0696490246108564
13	rh_G_insular_short	-0.0833335072379705	0.239368803388585
13	lh_G_oc-temp_lat-fusifor	0.119700145000518	0.176285934526369
13	rh_G_oc-temp_lat-fusifor	-0.0295035830558141	0.202820809511732
13	lh_G_oc-temp_med-Lingual	0.0915880938982262	0.0664225880474406
13	rh_G_oc-temp_med-Lingual	-0.0521707390440349	0.088796906498387
13	lh_G_oc-temp_med-Parahip	0.00438269922448809	0.0631096084047268
13	rh_G_oc-temp_med-Parahip	0.18892694010371	0.0938277086152277
13	lh_G_occipital_middle	-0.0355962289620252	0.0837129912722165
13	rh_G_occipital_middle	0.0246617955479096	0.0601218740877512
13	lh_G_occipital_sup	0.00928581013606516	0.0657758204063081
13	rh_G_occipital_sup	0.0153784234338558	0.068107805082833
13	lh_G_orbital	0.062317403288995	0.147029528918656
13	rh_G_orbital	-0.0712030001092113	0.205758933189363
13	lh_G_pariet_inf-Angular	-0.06480590088839	0.060951241105014
13	rh_G_pariet_inf-Angular	0.119862434749725	0.153386181003302
13	lh_G_pariet_inf-Supramar	0.11940004827232	0.175315516809675
13	rh_G_pariet_inf-Supramar	-0.0783532494425069	0.292459594411379
13	lh_G_parietal_sup	0.0185730470263151	0.0839885165794245
13	rh_G_parietal_sup	0.00907571969832765	0.0515690745885001
13	lh_G_postcentral	0.0183960775273975	0.0984332111100045
13	rh_G_postcentral	0.0673959081524015	0.126791017486083
13	lh_G_precentral	0.0239425445261137	0.0460127841933569
13	rh_G_precentral	-0.0268592341732691	0.0627317016716183
13	lh_G_precuneus	0.0220220977864426	0.109051542865502
13	rh_G_precuneus	-0.00484111847001906	0.0741462512181063
13	lh_G_rectus	0.0945398256913148	0.065440759476695
13	rh_G_rectus	-0.159647110122548	0.145246219087956
13	lh_G_subcallosal	0.104722767933906	0.131580898419964
13	rh_G_subcallosal	-0.118500150289432	0.137809475505047
13	lh_G_temp_sup-G_T_transv	0.123680872741557	0.235927230248549
13	rh_G_temp_sup-G_T_transv	-0.204196917891049	0.190968487121681
13	lh_G_temp_sup-Lateral	-0.0553570019683108	0.149704365478576
13	rh_G_temp_sup-Lateral	0.00164034332632466	0.0951144476696404
13	lh_G_temp_sup-Plan_polar	-0.0366067980949082	0.10256464380798
13	rh_G_temp_sup-Plan_polar	0.0420374647236426	0.13623242836412
13	lh_G_temp_sup-Plan_tempo	0.0784610573073945	0.182777880758981
13	rh_G_temp_sup-Plan_tempo	0.000396985059485488	0.357560884601293
13	lh_G_temporal_inf	-0.00242302491286447	0.100878482565595
13	rh_G_temporal_inf	-0.0521718281249811	0.114217336878225
13	lh_G_temporal_middle	-0.066025562907338	0.170217845349523
13	rh_G_temporal_middle	0.0377275916301241	0.100844605784991
13	lh_Lat_Fis-ant-Horizont	-0.0515592299705944	0.119650891009751
13	rh_Lat_Fis-ant-Horizont	0.0198556543039445	0.134306263342944
13	lh_Lat_Fis-ant-Vertical	0.0152363566683477	0.136003275413107
13	rh_Lat_Fis-ant-Vertical	-0.0698049405480997	0.0588254976273947
13	lh_Lat_Fis-post	0.0889230825182185	0.154188145612554
13	rh_Lat_Fis-post	0.160063245501282	0.19951191373138
13	lh_Pole_occipital	0.0180362692575834	0.0642709228510206
13	rh_Pole_occipital	0.0144500706627835	0.0675317973251125
13	lh_Pole_temporal	0.033557932574196	0.0763859596214031
13	rh_Pole_temporal	0.0218057926036134	0.0613255551461796
13	lh_S_calcarine	0.106673854081236	0.0868421445061895
13	rh_S_calcarine	0.00164079831600748	0.0991203678508619
13	lh_S_central	0.0989396821641222	0.187435092928816
13	rh_S_central	-0.0512828005310933	0.087730105804689
13	lh_S_cingul-Marginalis	0.0515720010653691	0.100197670129905
13	rh_S_cingul-Marginalis	-0.0565098402918001	0.0499074982390193
13	lh_S_circular_insula_ant	0.0809198930544249	0.0687220584021663
13	rh_S_circular_insula_ant	-0.00461860126243262	0.124061501487243
13	lh_S_circular_insula_inf	0.0802127859537996	0.0787370282586553
13	rh_S_circular_insula_inf	-0.0795554330519289	0.105966048196803
13	lh_S_circular_insula_sup	0.0852381386828591	0.104737768582149
13	rh_S_circular_insula_sup	-0.00607587612816712	0.127033371470295
13	lh_S_collat_transv_ant	0.0169361004291185	0.0437929114285239
13	rh_S_collat_transv_ant	-0.030274838413845	0.114608315326722
13	lh_S_collat_transv_post	0.0346380996487589	0.0610433313431736
13	rh_S_collat_transv_post	0.00594901702987859	0.0954052376709517
13	lh_S_front_inf	0.113056751337253	0.155144948473263
13	rh_S_front_inf	-0.0246540957805995	0.0743741015711956
13	lh_S_front_middle	0.0353496829002928	0.109938859718328
13	rh_S_front_middle	0.024279749506718	0.107293406261936
13	lh_S_front_sup	0.0984011840633676	0.134633466334806
13	rh_S_front_sup	-0.0283388361745033	0.0728725527425926
13	lh_S_interm_prim-Jensen	0.0557023293177728	0.160294052326401
13	rh_S_interm_prim-Jensen	0.0281475287193973	0.0868528041720948
13	lh_S_intrapariet_and_P_trans	-0.0402408366365113	0.0795493113749023
13	rh_S_intrapariet_and_P_trans	-0.00160429269361981	0.093679212714309
13	lh_S_oc-temp_lat	-0.0601044788874472	0.122871885611336
13	rh_S_oc-temp_lat	0.0501455451868716	0.188070987287258
13	lh_S_oc-temp_med_and_Lingual	0.130359257056392	0.134456969581923
13	rh_S_oc-temp_med_and_Lingual	-0.133896452826969	0.164422952513669
13	lh_S_oc_middle_and_Lunatus	0.0115688636845558	0.0815904885751518
13	rh_S_oc_middle_and_Lunatus	0.00755636169269641	0.0680449910416347
13	lh_S_oc_sup_and_transversal	0.0595209509225476	0.0604909578410509
13	rh_S_oc_sup_and_transversal	-0.0548507407518393	0.0889642675086504
13	lh_S_occipital_ant	0.0826149535902544	0.0605269147439035
13	rh_S_occipital_ant	0.0534536005143967	0.0860964064847931
13	lh_S_orbital-H_Shaped	0.000374148268117699	0.14211696302323
13	rh_S_orbital-H_Shaped	-0.0168358578837	0.134766660744909
13	lh_S_orbital_lateral	-0.0054354549765427	0.1172435401912
13	rh_S_orbital_lateral	0.0609940632334291	0.0997320376344442
13	lh_S_orbital_med-olfact	0.0672256609779439	0.147327196012474
13	rh_S_orbital_med-olfact	0.0573419468798387	0.203859397804132
13	lh_S_parieto_occipital	0.0458296966283281	0.0840073986967255
13	rh_S_parieto_occipital	0.0321700818003235	0.0955367687443868
13	lh_S_pericallosal	-0.0938869237374638	0.058387264642096
13	rh_S_pericallosal	0.0529845028019746	0.0945459723682052
13	lh_S_postcentral	0.0770558100410809	0.0907145771285959
13	rh_S_postcentral	0.0600640597950932	0.114254915952085
13	lh_S_precentral-inf-part	0.0471113002716146	0.175108812618913
13	rh_S_precentral-inf-part	-0.0984580082866556	0.145885149761679
13	lh_S_precentral-sup-part	0.0884710769124391	0.124658286438573
13	rh_S_precentral-sup-part	0.0575462769066367	0.0826800151248307
13	lh_S_suborbital	0.122807325872569	0.0592145241127051
13	rh_S_suborbital	-0.000302501189830981	0.0741785945526743
13	lh_S_subparietal	0.00314718830454376	0.114192935331368
13	rh_S_subparietal	-0.00392528281788863	0.0752279532696177
13	lh_S_temporal_inf	0.0472913702676352	0.126680804248587
13	rh_S_temporal_inf	0.182841244540042	0.164243185873945
13	lh_S_temporal_sup	0.0219029009564422	0.0725225800966474
13	rh_S_temporal_sup	-0.122949217836783	0.123127312363293
13	lh_S_temporal_transverse	0.0478101990959925	0.155886911631491
13	rh_S_temporal_transverse	0.0783000915497866	0.117301217428089
14	lh_G_Ins_lg_and_S_cent_ins	0.225053091271557	0.321287585536401
14	rh_G_Ins_lg_and_S_cent_ins	0.133316768307958	0.144559940247413
14	lh_G_and_S_cingul-Ant	0.0897102362305924	0.10368831722374
14	rh_G_and_S_cingul-Ant	-0.0109702783211457	0.0726008760955717
14	lh_G_and_S_cingul-Mid-Ant	0.0321833528278675	0.152955354849203
14	rh_G_and_S_cingul-Mid-Ant	0.178547078455725	0.197401171133128
14	lh_G_and_S_cingul-Mid-Post	0.196014893312067	0.297220192245838
14	rh_G_and_S_cingul-Mid-Post	0.116025586624755	0.107273787268958
14	lh_G_and_S_frontomargin	0.150056610731104	0.193157978789556
14	rh_G_and_S_frontomargin	0.0987494517117734	0.222579887273798
14	lh_G_and_S_occipital_inf	-0.11422812055436	0.0941045245671469
14	rh_G_and_S_occipital_inf	0.00728037105849301	0.0711920707857819
14	lh_G_and_S_paracentral	0.0869811595414474	0.164477792743129
14	rh_G_and_S_paracentral	-0.00637769124857672	0.0870535900662999
14	lh_G_and_S_subcentral	0.298234317942858	0.601746390869728
14	rh_G_and_S_subcentral	0.342459715330651	0.656582581714814
14	lh_G_and_S_transv_frontopol	-0.0178412326006741	0.0926136975183244
14	rh_G_and_S_transv_frontopol	0.203640658358737	0.190556401500423
14	lh_G_cingul-Post-dorsal	-0.0376773794615213	0.0639593484052685
14	rh_G_cingul-Post-dorsal	-0.0581888848834099	0.0911613859294907
14	lh_G_cingul-Post-ventral	0.102783515560575	0.0747454769237348
14	rh_G_cingul-Post-ventral	0.0812306832123009	0.220730921169154
14	lh_G_cuneus	0.0685707942550203	0.186864624682433
14	rh_G_cuneus	0.0716452329854395	0.172593073461008
14	lh_G_front_inf-Opercular	0.131308011638801	0.0685054849987475
14	rh_G_front_inf-Opercular	0.428287787674018	0.24548984610947
14	lh_G_front_inf-Orbital	0.0444423619686006	0.13809831283227
14	rh_G_front_inf-Orbital	0.00453103847519684	0.143940255250718
14	lh_G_front_inf-Triangul	0.117556076511326	0.303972129659202
14	rh_G_front_inf-Triangul	0.165903450110717	0.408099370321329
14	lh_G_front_middle	0.128849878135708	0.133019271384298
14	rh_G_front_middle	0.306490302256614	0.207706761470237
14	lh_G_front_sup	0.0543421270630274	0.186256943897736
14	rh_G_front_sup	0.0239620055797061	0.0648592337568365
14	lh_G_insular_short	-0.0624655714052049	0.158744128227962
14	rh_G_insular_short	0.012729078004624	0.116589073277606
14	lh_G_oc-temp_lat-fusifor	0.0685263855066487	0.26545811430899
14	rh_G_oc-temp_lat-fusifor	0.0119031747488801	0.195686258331173
14	lh_G_oc-temp_med-Lingual	-0.00131918501459621	0.0871086017629669
14	rh_G_oc-temp_med-Lingual	0.0453597717644432	0.082895771599698
14	lh_G_oc-temp_med-Parahip	0.10173182804705	0.230294614122011
14	rh_G_oc-temp_med-Parahip	0.126202555487795	0.342856451650931
14	lh_G_occipital_middle	-0.0768861461830588	0.0883357607590358
14	rh_G_occipital_middle	-0.0111408394452877	0.0663211601709714
14	lh_G_occipital_sup	0.080021612627938	0.108809689986396
14	rh_G_occipital_sup	-0.0223432132888643	0.0673868113212515
14	lh_G_orbital	0.107555950017259	0.311815286692939
14	rh_G_orbital	0.12336783008136	0.467085788889457
14	lh_G_pariet_inf-Angular	0.243594421732655	0.177005534604089
14	rh_G_pariet_inf-Angular	0.0881290003162547	0.134667845695498
14	lh_G_pariet_inf-Supramar	0.29683935300015	0.521506727722609
14	rh_G_pariet_inf-Supramar	0.187469778550034	0.331937738643875
14	lh_G_parietal_sup	0.0471686341357537	0.109669996953506
14	rh_G_parietal_sup	0.0113049132565091	0.0680768122413832
14	lh_G_postcentral	0.128012449259003	0.416784138768733
14	rh_G_postcentral	0.252595528005376	0.446961987153365
14	lh_G_precentral	0.289401739800358	0.205839821882514
14	rh_G_precentral	0.273868014936995	0.427063084801997
14	lh_G_precuneus	0.063694673077876	0.0932739023673289
14	rh_G_precuneus	-0.0490064717545386	0.0769284828190204
14	lh_G_rectus	0.10078066037979	0.124825903088982
14	rh_G_rectus	0.110423688077374	0.308432514066813
14	lh_G_subcallosal	-0.0301411918203055	0.0419815534131935
14	rh_G_subcallosal	-0.060223460274681	0.14298420625734
14	lh_G_temp_sup-G_T_transv	0.273479695964122	0.65188465985819
14	rh_G_temp_sup-G_T_transv	0.325118033380392	0.673529166832095
14	lh_G_temp_sup-Lateral	0.222699641119731	0.538388975428301
14	rh_G_temp_sup-Lateral	0.177717188606241	0.334903625835479
14	lh_G_temp_sup-Plan_polar	0.0334032188094776	0.291597071129763
14	rh_G_temp_sup-Plan_polar	0.117093249834552	0.29792903064913
14	lh_G_temp_sup-Plan_tempo	0.256874593537153	0.550862836523941
14	rh_G_temp_sup-Plan_tempo	0.236548204289502	0.406321919486782
14	lh_G_temporal_inf	0.0587186013312072	0.196962202169774
14	rh_G_temporal_inf	0.0025374892730512	0.413927822810738
14	lh_G_temporal_middle	-0.0631751254427645	0.0962534369803241
14	rh_G_temporal_middle	0.11634131901815	0.381771540506414
14	lh_Lat_Fis-ant-Horizont	0.101903925620888	0.17195611465223
14	rh_Lat_Fis-ant-Horizont	0.0914185118384967	0.145066450117689
14	lh_Lat_Fis-ant-Vertical	0.10898145980491	0.318147285351211
14	rh_Lat_Fis-ant-Vertical	0.138950314643874	0.281845897603091
14	lh_Lat_Fis-post	0.104206425949374	0.31562983571439
14	rh_Lat_Fis-post	0.305499968163249	0.451522022884564
14	lh_Pole_occipital	0.00259982277997809	0.0590879949549475
14	rh_Pole_occipital	0.0254717978801303	0.0827865731804594
14	lh_Pole_temporal	0.0733857372212651	0.0598278985143181
14	rh_Pole_temporal	0.260579055072798	0.340136925589453
14	lh_S_calcarine	0.0217919323451742	0.272164533196407
14	rh_S_calcarine	0.207670059144468	0.181116225498245
14	lh_S_central	0.290964401763559	0.606279973495177
14	rh_S_central	0.220189759672704	0.531566480471063
14	lh_S_cingul-Marginalis	-0.0369414519870461	0.0841782180825714
14	rh_S_cingul-Marginalis	-0.0481864443027297	0.0844885434054063
14	lh_S_circular_insula_ant	0.01622723325747	0.125511101916283
14	rh_S_circular_insula_ant	-0.119771613913576	0.256097614037246
14	lh_S_circular_insula_inf	0.273988855247344	0.268849067725937
14	rh_S_circular_insula_inf	0.357242248616673	0.602975650079771
14	lh_S_circular_insula_sup	0.374143516407063	0.389775645896557
14	rh_S_circular_insula_sup	0.406169821204874	0.292096266391479
14	lh_S_collat_transv_ant	0.165849644385964	0.215736468187754
14	rh_S_collat_transv_ant	0.0468601338163086	0.39967458925764
14	lh_S_collat_transv_post	0.0354146454235185	0.129144579484929
14	rh_S_collat_transv_post	-0.0585835813273156	0.0984579738967083
14	lh_S_front_inf	0.0772559269973443	0.329769494912308
14	rh_S_front_inf	0.0264657764836298	0.0862087799919854
14	lh_S_front_middle	0.0495628736859576	0.0720476724094879
14	rh_S_front_middle	-0.062613037795258	0.130590708590833
14	lh_S_front_sup	0.0980358317065165	0.131048266077664
14	rh_S_front_sup	0.0253418120619822	0.158157506392344
14	lh_S_interm_prim-Jensen	0.230028655795548	0.184987077258195
14	rh_S_interm_prim-Jensen	-0.0802250744120261	0.132712993600521
14	lh_S_intrapariet_and_P_trans	0.157710583728247	0.175918313167988
14	rh_S_intrapariet_and_P_trans	0.129580210127455	0.0759235830394667
14	lh_S_oc-temp_lat	0.138813780838754	0.213449690143507
14	rh_S_oc-temp_lat	0.0985264552191696	0.115137445519085
14	lh_S_oc-temp_med_and_Lingual	0.103387502376348	0.369199218501675
14	rh_S_oc-temp_med_and_Lingual	0.124673120761422	0.312900972116129
14	lh_S_oc_middle_and_Lunatus	0.0306969400875756	0.105549484114753
14	rh_S_oc_middle_and_Lunatus	0.0492932821192913	0.0814943111929108
14	lh_S_oc_sup_and_transversal	0.12899138221626	0.175904931566318
14	rh_S_oc_sup_and_transversal	0.19816875041955	0.215329778129834
14	lh_S_occipital_ant	0.00193314599512487	0.180809465179009
14	rh_S_occipital_ant	0.204864408296553	0.249732000135781
14	lh_S_orbital-H_Shaped	0.063352840104579	0.28011726610855
14	rh_S_orbital-H_Shaped	0.280904587945081	0.449615056665667
14	lh_S_orbital_lateral	0.0494160214063634	0.0798397238484114
14	rh_S_orbital_lateral	0.251473212560993	0.319357918372468
14	lh_S_orbital_med-olfact	0.151731943481532	0.339147112845337
14	rh_S_orbital_med-olfact	0.0803995344926356	0.383063989192176
14	lh_S_parieto_occipital	0.0433447914462518	0.0937330120933637
14	rh_S_parieto_occipital	-0.00582569827868207	0.156525218010749
14	lh_S_pericallosal	0.183501468190773	0.315842733565314
14	rh_S_pericallosal	0.0778894252451497	0.0969955099811065
14	lh_S_postcentral	0.207378078714571	0.264789492700266
14	rh_S_postcentral	0.249992272276187	0.196687566204898
14	lh_S_precentral-inf-part	0.186383189901437	0.404844555065484
14	rh_S_precentral-inf-part	0.23413847320075	0.468687401946499
14	lh_S_precentral-sup-part	0.275798389455038	0.339885994408513
14	rh_S_precentral-sup-part	0.127084138381531	0.209239640353985
14	lh_S_suborbital	0.0182013063011854	0.114168541320947
14	rh_S_suborbital	0.213929468957039	0.191584354186704
14	lh_S_subparietal	-0.0510744611208455	0.0826118128918316
14	rh_S_subparietal	0.0162723033357671	0.0992851885210964
14	lh_S_temporal_inf	0.119235272629741	0.294885247031672
14	rh_S_temporal_inf	0.0236895519399443	0.318668193714416
14	lh_S_temporal_sup	0.116142151793194	0.336895147699959
14	rh_S_temporal_sup	0.117339111547271	0.184823944715959
14	lh_S_temporal_transverse	0.0155857087135356	0.194151645966467
14	rh_S_temporal_transverse	0.306322532136183	0.677603586664634
15	lh_G_Ins_lg_and_S_cent_ins	-0.116210424850337	0.127098173401538
15	rh_G_Ins_lg_and_S_cent_ins	-0.0202346947443125	0.456957251073381
15	lh_G_and_S_cingul-Ant	-0.0617106128050476	0.133313455815789
15	rh_G_and_S_cingul-Ant	0.0687677357662068	0.081497791929922
15	lh_G_and_S_cingul-Mid-Ant	-0.0649232531096537	0.196797751982888
15	rh_G_and_S_cingul-Mid-Ant	-0.119102866311034	0.227912355995074
15	lh_G_and_S_cingul-Mid-Post	-0.0115882474289569	0.176632356997739
15	rh_G_and_S_cingul-Mid-Post	-0.00549494414498503	0.293532215620913
15	lh_G_and_S_frontomargin	-0.109955892376585	0.19303412361683
15	rh_G_and_S_frontomargin	-0.0364197940161005	0.184855466461741
15	lh_G_and_S_occipital_inf	-0.0323583245531871	0.0971099825802966
15	rh_G_and_S_occipital_inf	0.0301756783349218	0.05654241112451
15	lh_G_and_S_paracentral	-0.046239300350151	0.168991791935141
15	rh_G_and_S_paracentral	0.0922039463350458	0.159604773940241
15	lh_G_and_S_subcentral	0.0243346285872197	0.335971918592411
15	rh_G_and_S_subcentral	-0.030655462571581	0.740892190784624
15	lh_G_and_S_transv_frontopol	-0.143163376613005	0.152700015073372
15	rh_G_and_S_transv_frontopol	-0.0669998172255026	0.105419279404444
15	lh_G_cingul-Post-dorsal	0.0631692422968765	0.23590224102714
15	rh_G_cingul-Post-dorsal	0.0890680406787326	0.216518540674442
15	lh_G_cingul-Post-ventral	0.0142914863418068	0.205136598999307
15	rh_G_cingul-Post-ventral	-0.0654628586144998	0.176410040820846
15	lh_G_cuneus	0.015592355767561	0.0872373398343715
15	rh_G_cuneus	-0.0493748572324895	0.0899220213437193
15	lh_G_front_inf-Opercular	-0.0153969650821928	0.112182188873953
15	rh_G_front_inf-Opercular	-0.126781599380739	0.239235054255033
15	lh_G_front_inf-Orbital	0.0381891388365187	0.106946446225031
15	rh_G_front_inf-Orbital	-0.0103462407007442	0.102545023382784
15	lh_G_front_inf-Triangul	-0.0155542124360031	0.0775178659371897
15	rh_G_front_inf-Triangul	-0.0226919181207792	0.294371565804148
15	lh_G_front_middle	-0.0211887917120936	0.116905823561117
15	rh_G_front_middle	-0.133532003684357	0.197648288974447
15	lh_G_front_sup	-0.127107028506557	0.0889275175348002
15	rh_G_front_sup	-0.0052345370739118	0.0885435829927249
15	lh_G_insular_short	0.0132202699888159	0.0692539996670728
15	rh_G_insular_short	0.07496759601221	0.215209154050632
15	lh_G_oc-temp_lat-fusifor	-0.0126436965120952	0.194464619757165
15	rh_G_oc-temp_lat-fusifor	-0.0596258880444065	0.146118605614834
15	lh_G_oc-temp_med-Lingual	0.0279046944839388	0.133233195492286
15	rh_G_oc-temp_med-Lingual	0.0585106584545184	0.12954947785119
15	lh_G_oc-temp_med-Parahip	0.00298543784410736	0.118242158169244
15	rh_G_oc-temp_med-Parahip	-0.085610062742295	0.200887883013926
15	lh_G_occipital_middle	0.075217147708763	0.0638921649996758
15	rh_G_occipital_middle	0.0198994841267138	0.0793158634754066
15	lh_G_occipital_sup	-0.00857312571527086	0.0751636315769506
15	rh_G_occipital_sup	-0.0572044928458358	0.0880844840696617
15	lh_G_orbital	-0.0588349695682519	0.275244375930379
15	rh_G_orbital	-0.0971391971605693	0.371362515672999
15	lh_G_pariet_inf-Angular	0.0259758451937514	0.0681630372482064
15	rh_G_pariet_inf-Angular	-0.115917199203011	0.204306552046155
15	lh_G_pariet_inf-Supramar	-0.0450812498543754	0.196194633966333
15	rh_G_pariet_inf-Supramar	-0.0437984359152757	0.530107257860302
15	lh_G_parietal_sup	0.00846022214654753	0.0995621571558364
15	rh_G_parietal_sup	0.070241738339723	0.126459246589986
15	lh_G_postcentral	0.0568160613668997	0.126899599737817
15	rh_G_postcentral	-0.0203726939463456	0.454104734176635
15	lh_G_precentral	-0.0485364043465986	0.242879847314121
15	rh_G_precentral	-0.0152308168195003	0.149920271137956
15	lh_G_precuneus	0.00555367903072519	0.0933074897844326
15	rh_G_precuneus	0.0266576598806004	0.112963973737138
15	lh_G_rectus	-0.0722543502784708	0.152274183441696
15	rh_G_rectus	-0.139009453923346	0.247121110410338
15	lh_G_subcallosal	0.0666293760165236	0.233128899697853
15	rh_G_subcallosal	0.0698940498835326	0.132683969616438
15	lh_G_temp_sup-G_T_transv	-0.0398978413731547	0.443143119270697
15	rh_G_temp_sup-G_T_transv	-0.0365854538285039	0.753664631456044
15	lh_G_temp_sup-Lateral	-0.0609612614778023	0.0834900775856058
15	rh_G_temp_sup-Lateral	0.119426572510666	0.19351574848696
15	lh_G_temp_sup-Plan_polar	-0.115247473245372	0.0709165151544608
15	rh_G_temp_sup-Plan_polar	0.0766957711586243	0.154400901782644
15	lh_G_temp_sup-Plan_tempo	-0.0443936403136623	0.429629467276358
15	rh_G_temp_sup-Plan_tempo	-0.0530356357406984	0.363784147377346
15	lh_G_temporal_inf	0.00695397291919267	0.162527888105751
15	rh_G_temporal_inf	-0.0989451267579259	0.339836128113534
15	lh_G_temporal_middle	-0.0877986337241955	0.107218932538742
15	rh_G_temporal_middle	-0.128069154314659	0.387127985529184
15	lh_Lat_Fis-ant-Horizont	0.00692135288296615	0.117382430295142
15	rh_Lat_Fis-ant-Horizont	0.0241252679485104	0.256058026114424
15	lh_Lat_Fis-ant-Vertical	-0.00672778188213644	0.189294515558956
15	rh_Lat_Fis-ant-Vertical	0.0594714954812697	0.32000743328176
15	lh_Lat_Fis-post	0.199406949145945	0.150239491271497
15	rh_Lat_Fis-post	-0.00162883082023668	0.618183148875519
15	lh_Pole_occipital	0.0356177172678086	0.0818915247181627
15	rh_Pole_occipital	-0.0146357146076858	0.153523780503883
15	lh_Pole_temporal	0.00131450924803314	0.11595093196399
15	rh_Pole_temporal	0.121689349165101	0.187815584197268
15	lh_S_calcarine	0.0220590450055088	0.0945124499699077
15	rh_S_calcarine	-0.109039696918557	0.166606700939295
15	lh_S_central	-0.113084643296888	0.228728951889983
15	rh_S_central	0.0169482171628608	0.684303775521646
15	lh_S_cingul-Marginalis	0.0751800227956184	0.186852242473041
15	rh_S_cingul-Marginalis	0.0626256998375743	0.245228504514409
15	lh_S_circular_insula_ant	0.00252595301220279	0.0993919061275512
15	rh_S_circular_insula_ant	0.0170195956464305	0.139455687725304
15	lh_S_circular_insula_inf	-0.0289206610449937	0.171308250523349
15	rh_S_circular_insula_inf	-0.10905856422837	0.583182794460054
15	lh_S_circular_insula_sup	-0.0989044827642595	0.186160445899882
15	rh_S_circular_insula_sup	-0.103979490004545	0.372052354546702
15	lh_S_collat_transv_ant	0.0257496668763784	0.11635827678117
15	rh_S_collat_transv_ant	-0.16783129106724	0.241802822985661
15	lh_S_collat_transv_post	0.0606199074506413	0.0787445542104989
15	rh_S_collat_transv_post	0.0502740926120115	0.0945213394619494
15	lh_S_front_inf	0.0295720210674935	0.115456388656875
15	rh_S_front_inf	0.0296173184517723	0.428280976010287
15	lh_S_front_middle	-0.00282499260741031	0.0958160305331178
15	rh_S_front_middle	0.0304484210810175	0.122024809054189
15	lh_S_front_sup	-0.094943426773401	0.236787299342491
15	rh_S_front_sup	-0.120285360517023	0.306186907148415
15	lh_S_interm_prim-Jensen	0.108340594251939	0.121281596579412
15	rh_S_interm_prim-Jensen	-0.0604025432399751	0.302288071499046
15	lh_S_intrapariet_and_P_trans	0.0245206894473198	0.110069496480993
15	rh_S_intrapariet_and_P_trans	-0.0781548183977047	0.169834672325167
15	lh_S_oc-temp_lat	0.000873393541688416	0.251622676303929
15	rh_S_oc-temp_lat	0.0733530994330563	0.205354083215291
15	lh_S_oc-temp_med_and_Lingual	-0.0321382540738477	0.218852282517324
15	rh_S_oc-temp_med_and_Lingual	-0.149901228548503	0.315085270841394
15	lh_S_oc_middle_and_Lunatus	0.0222681902157915	0.0551192953620593
15	rh_S_oc_middle_and_Lunatus	-0.0680157334737359	0.0563105279112066
15	lh_S_oc_sup_and_transversal	-0.0365930446012146	0.0935613398963851
15	rh_S_oc_sup_and_transversal	0.0274896516695586	0.142647709972455
15	lh_S_occipital_ant	-0.0715388439880503	0.0958263745189044
15	rh_S_occipital_ant	-0.0951704678895405	0.221444677051144
15	lh_S_orbital-H_Shaped	-0.0412538126374805	0.194823155678867
15	rh_S_orbital-H_Shaped	-0.130734345801642	0.298380725207198
15	lh_S_orbital_lateral	-0.0382102323206038	0.136074040636974
15	rh_S_orbital_lateral	0.0205413180974434	0.171634345411126
15	lh_S_orbital_med-olfact	-0.0844806468803788	0.278517547236521
15	rh_S_orbital_med-olfact	-0.184977232533864	0.279860135279793
15	lh_S_parieto_occipital	0.0532423004891945	0.110759742342978
15	rh_S_parieto_occipital	-0.0547517005766671	0.127488883754133
15	lh_S_pericallosal	0.0954653315205248	0.185832395540425
15	rh_S_pericallosal	0.07151323632316	0.145660761479942
15	lh_S_postcentral	-0.0492000310406946	0.0663851271543648
15	rh_S_postcentral	-0.0764929824429681	0.494807877786632
15	lh_S_precentral-inf-part	-0.0347075461982332	0.312845271899327
15	rh_S_precentral-inf-part	0.00766717153953989	0.512491736522227
15	lh_S_precentral-sup-part	-0.00256046638051677	0.226646442745876
15	rh_S_precentral-sup-part	-0.161504242832643	0.478605164774979
15	lh_S_suborbital	0.0288696514482164	0.114346749352411
15	rh_S_suborbital	0.0427167035310078	0.174227733768067
15	lh_S_subparietal	0.0902845146343205	0.137521363100457
15	rh_S_subparietal	0.0967266076178677	0.151787521988257
15	lh_S_temporal_inf	0.02165410434097	0.152222519042307
15	rh_S_temporal_inf	-0.0150952315581832	0.420235381697723
15	lh_S_temporal_sup	0.0106376546043271	0.158473993262966
15	rh_S_temporal_sup	-0.062733916456235	0.400508314283739
15	lh_S_temporal_transverse	-0.0597365683225538	0.296166021243468
15	rh_S_temporal_transverse	0.0185081066554434	0.798294276156366
