Subj	ROI	Cond	Y
01	lh_G_Ins_lg_and_S_cent_ins	prestim	0.087306005954775
01	lh_G_Ins_lg_and_S_cent_ins	stim	0.265612190773846
01	lh_G_and_S_cingul-Ant	prestim	0.0791073792219672
01	lh_G_and_S_cingul-Ant	stim	0.0819720408310018
01	lh_G_and_S_cingul-Mid-Ant	prestim	0.0993059735360038
01	lh_G_and_S_cingul-Mid-Ant	stim	0.161820768950755
01	lh_G_and_S_cingul-Mid-Post	prestim	0.0663168769740587
01	lh_G_and_S_cingul-Mid-Post	stim	0.171612698062433
01	lh_G_and_S_frontomargin	prestim	0.0867098140405008
01	lh_G_and_S_frontomargin	stim	0.0930088331307643
01	lh_G_and_S_occipital_inf	prestim	0.074112868126274
01	lh_G_and_S_occipital_inf	stim	0.131534751036018
01	lh_G_and_S_paracentral	prestim	0.0644640384435375
01	lh_G_and_S_paracentral	stim	0.0966054002850923
01	lh_G_and_S_subcentral	prestim	0.0924241013969958
01	lh_G_and_S_subcentral	stim	0.282419499562665
01	lh_G_and_S_transv_frontopol	prestim	0.0551702407364977
01	lh_G_and_S_transv_frontopol	stim	0.0834845280497174
01	lh_G_cingul-Post-dorsal	prestim	0.0738225070176208
01	lh_G_cingul-Post-dorsal	stim	0.0886013629809301
01	lh_G_cingul-Post-ventral	prestim	0.0707842160405221
01	lh_G_cingul-Post-ventral	stim	0.20519551510501
01	lh_G_cuneus	prestim	0.0636810020829521
01	lh_G_cuneus	stim	0.0757695065282087
01	lh_G_front_inf-Opercular	prestim	0.0662735012329684
01	lh_G_front_inf-Opercular	stim	0.131159218354946
01	lh_G_front_inf-Orbital	prestim	0.0666888453209325
01	lh_G_front_inf-Orbital	stim	0.075501690974985
01	lh_G_front_inf-Triangul	prestim	0.0737630663968593
01	lh_G_front_inf-Triangul	stim	0.208771242327019
01	lh_G_front_middle	prestim	0.0665082873763192
01	lh_G_front_middle	stim	0.0999862904714016
01	lh_G_front_sup	prestim	0.0710178069629531
01	lh_G_front_sup	stim	0.111190045757758
01	lh_G_insular_short	prestim	0.0781746740007196
01	lh_G_insular_short	stim	0.198010018032863
01	lh_G_oc-temp_lat-fusifor	prestim	0.0756431107841098
01	lh_G_oc-temp_lat-fusifor	stim	0.181723630238737
01	lh_G_oc-temp_med-Lingual	prestim	0.081334767445844
01	lh_G_oc-temp_med-Lingual	stim	0.107135754894013
01	lh_G_oc-temp_med-Parahip	prestim	0.0616177933614516
01	lh_G_oc-temp_med-Parahip	stim	0.123664106583848
01	lh_G_occipital_middle	prestim	0.0556292623026725
01	lh_G_occipital_middle	stim	0.0773913556456324
01	lh_G_occipital_sup	prestim	0.0827381149178284
01	lh_G_occipital_sup	stim	0.10338285246828
01	lh_G_orbital	prestim	0.057290532337301
01	lh_G_orbital	stim	0.2087423906482
01	lh_G_pariet_inf-Angular	prestim	0.07113263381359
01	lh_G_pariet_inf-Angular	stim	0.136820238308534
01	lh_G_pariet_inf-Supramar	prestim	0.0621275794550401
01	lh_G_pariet_inf-Supramar	stim	0.381582032262622
01	lh_G_parietal_sup	prestim	0.0732696892121345
01	lh_G_parietal_sup	stim	0.0977514935245289
01	lh_G_postcentral	prestim	0.0819234592186318
01	lh_G_postcentral	stim	0.323183806667828
01	lh_G_precentral	prestim	0.0802827536984887
01	lh_G_precentral	stim	0.236794016465374
01	lh_G_precuneus	prestim	0.0677381316487615
01	lh_G_precuneus	stim	0.0829988868490975
01	lh_G_rectus	prestim	0.081224917091124
01	lh_G_rectus	stim	0.0745167821031891
01	lh_G_subcallosal	prestim	0.0544148805293407
01	lh_G_subcallosal	stim	0.0722206436176929
01	lh_G_temp_sup-G_T_transv	prestim	0.104990407524086
01	lh_G_temp_sup-G_T_transv	stim	0.447234715503559
01	lh_G_temp_sup-Lateral	prestim	0.072853074157605
01	lh_G_temp_sup-Lateral	stim	0.111525897593115
01	lh_G_temp_sup-Plan_polar	prestim	0.0805354776383918
01	lh_G_temp_sup-Plan_polar	stim	0.207973400773098
01	lh_G_temp_sup-Plan_tempo	prestim	0.0653706179507955
01	lh_G_temp_sup-Plan_tempo	stim	0.295379258053993
01	lh_G_temporal_inf	prestim	0.0733877428174504
01	lh_G_temporal_inf	stim	0.170236936088025
01	lh_G_temporal_middle	prestim	0.076861186797196
01	lh_G_temporal_middle	stim	0.174948062068169
01	lh_Lat_Fis-ant-Horizont	prestim	0.0709864244112273
01	lh_Lat_Fis-ant-Horizont	stim	0.0868895048548239
01	lh_Lat_Fis-ant-Vertical	prestim	0.0795801926830403
01	lh_Lat_Fis-ant-Vertical	stim	0.255370249642779
01	lh_Lat_Fis-post	prestim	0.0852100304822289
01	lh_Lat_Fis-post	stim	0.123212994640762
01	lh_Pole_occipital	prestim	0.075819044214223
01	lh_Pole_occipital	stim	0.0816853334425169
01	lh_Pole_temporal	prestim	0.065739318379125
01	lh_Pole_temporal	stim	0.109661226886116
01	lh_S_calcarine	prestim	0.0705684189241669
01	lh_S_calcarine	stim	0.162211508450684
01	lh_S_central	prestim	0.0666503949752627
01	lh_S_central	stim	0.159599286072093
01	lh_S_cingul-Marginalis	prestim	0.0649904604665729
01	lh_S_cingul-Marginalis	stim	0.126033920931214
01	lh_S_circular_insula_ant	prestim	0.0770556157987545
01	lh_S_circular_insula_ant	stim	0.0933704569226287
01	lh_S_circular_insula_inf	prestim	0.0678561921515522
01	lh_S_circular_insula_inf	stim	0.109830922696761
01	lh_S_circular_insula_sup	prestim	0.0904013208276439
01	lh_S_circular_insula_sup	stim	0.229928363659938
01	lh_S_collat_transv_ant	prestim	0.0683157798456294
01	lh_S_collat_transv_ant	stim	0.162036338500868
01	lh_S_collat_transv_post	prestim	0.0623099818116354
01	lh_S_collat_transv_post	stim	0.110764531047982
01	lh_S_front_inf	prestim	0.068084019449125
01	lh_S_front_inf	stim	0.297859549768904
01	lh_S_front_middle	prestim	0.051602106000193
01	lh_S_front_middle	stim	0.112087297077418
01	lh_S_front_sup	prestim	0.0911248950361734
01	lh_S_front_sup	stim	0.116757398938637
01	lh_S_interm_prim-Jensen	prestim	0.0834043633829967
01	lh_S_interm_prim-Jensen	stim	0.0941357475343392
01	lh_S_intrapariet_and_P_trans	prestim	0.0669285475909117
01	lh_S_intrapariet_and_P_trans	stim	0.10057361007942
01	lh_S_oc-temp_lat	prestim	0.08263386677501
01	lh_S_oc-temp_lat	stim	0.281294622502665
01	lh_S_oc-temp_med_and_Lingual	prestim	0.0662417246451917
01	lh_S_oc-temp_med_and_Lingual	stim	0.216599529339305
01	lh_S_oc_middle_and_Lunatus	prestim	0.0962167259229871
01	lh_S_oc_middle_and_Lunatus	stim	0.0888406738287447
01	lh_S_oc_sup_and_transversal	prestim	0.0755651800512595
01	lh_S_oc_sup_and_transversal	stim	0.0638530063926392
01	lh_S_occipital_ant	prestim	0.0682046676825503
01	lh_S_occipital_ant	stim	0.112148848070848
01	lh_S_orbital-H_Shaped	prestim	0.0651865770062316
01	lh_S_orbital-H_Shaped	stim	0.177882643295941
01	lh_S_orbital_lateral	prestim	0.0857140195590022
01	lh_S_orbital_lateral	stim	0.0806023452601179
01	lh_S_orbital_med-olfact	prestim	0.0723687692659335
01	lh_S_orbital_med-olfact	stim	0.256927749786696
01	lh_S_parieto_occipital	prestim	0.0714222747537741
01	lh_S_parieto_occipital	stim	0.095909334063113
01	lh_S_pericallosal	prestim	0.0738289051568131
01	lh_S_pericallosal	stim	0.138480505912832
01	lh_S_postcentral	prestim	0.069962373989021
01	lh_S_postcentral	stim	0.142327792839639
01	lh_S_precentral-inf-part	prestim	0.0914983249175405
01	lh_S_precentral-inf-part	stim	0.336277176117314
01	lh_S_precentral-sup-part	prestim	0.0962188122896719
01	lh_S_precentral-sup-part	stim	0.0639631092126899
01	lh_S_suborbital	prestim	0.0676336831701009
01	lh_S_suborbital	stim	0.0705459570139492
01	lh_S_subparietal	prestim	0.0712465661558327
01	lh_S_subparietal	stim	0.119104868399286
01	lh_S_temporal_inf	prestim	0.0642338690977321
01	lh_S_temporal_inf	stim	0.147411168951922
01	lh_S_temporal_sup	prestim	0.0525785639865537
01	lh_S_temporal_sup	stim	0.141201848101326
01	lh_S_temporal_transverse	prestim	0.0814760062522732
01	lh_S_temporal_transverse	stim	0.446093965647957
01	rh_G_Ins_lg_and_S_cent_ins	prestim	0.0974240977628157
01	rh_G_Ins_lg_and_S_cent_ins	stim	0.107150940629571
01	rh_G_and_S_cingul-Ant	prestim	0.0703528926864532
01	rh_G_and_S_cingul-Ant	stim	0.0811961262737946
01	rh_G_and_S_cingul-Mid-Ant	prestim	0.0867273300126353
01	rh_G_and_S_cingul-Mid-Ant	stim	0.11597120698388
01	rh_G_and_S_cingul-Mid-Post	prestim	0.0530508169021214
01	rh_G_and_S_cingul-Mid-Post	stim	0.0766758634184057
01	rh_G_and_S_frontomargin	prestim	0.0684035220182898
01	rh_G_and_S_frontomargin	stim	0.110961821870929
01	rh_G_and_S_occipital_inf	prestim	0.0603875824185719
01	rh_G_and_S_occipital_inf	stim	0.0803562117890007
01	rh_G_and_S_paracentral	prestim	0.0831659861627938
01	rh_G_and_S_paracentral	stim	0.101687867858002
01	rh_G_and_S_subcentral	prestim	0.0899188990061595
01	rh_G_and_S_subcentral	stim	0.331722040025758
01	rh_G_and_S_transv_frontopol	prestim	0.0646912727378513
01	rh_G_and_S_transv_frontopol	stim	0.0816486234730678
01	rh_G_cingul-Post-dorsal	prestim	0.0712806950609453
01	rh_G_cingul-Post-dorsal	stim	0.097574321938957
01	rh_G_cingul-Post-ventral	prestim	0.0908236081162165
01	rh_G_cingul-Post-ventral	stim	0.133760897329593
01	rh_G_cuneus	prestim	0.0721071495514419
01	rh_G_cuneus	stim	0.0716461535939552
01	rh_G_front_inf-Opercular	prestim	0.0787624554324926
01	rh_G_front_inf-Opercular	stim	0.119625523544586
01	rh_G_front_inf-Orbital	prestim	0.0819869795341764
01	rh_G_front_inf-Orbital	stim	0.131184161347025
01	rh_G_front_inf-Triangul	prestim	0.0731312636702305
01	rh_G_front_inf-Triangul	stim	0.150926695093217
01	rh_G_front_middle	prestim	0.0586270594827302
01	rh_G_front_middle	stim	0.110401539169372
01	rh_G_front_sup	prestim	0.0579774783648341
01	rh_G_front_sup	stim	0.0999743798583069
01	rh_G_insular_short	prestim	0.0935698694844578
01	rh_G_insular_short	stim	0.077848209503382
01	rh_G_oc-temp_lat-fusifor	prestim	0.089943575402956
01	rh_G_oc-temp_lat-fusifor	stim	0.105886548710997
01	rh_G_oc-temp_med-Lingual	prestim	0.0593585381971967
01	rh_G_oc-temp_med-Lingual	stim	0.071004766934208
01	rh_G_oc-temp_med-Parahip	prestim	0.102291271444085
01	rh_G_oc-temp_med-Parahip	stim	0.0866175752102424
01	rh_G_occipital_middle	prestim	0.0677345092903007
01	rh_G_occipital_middle	stim	0.0707708431602696
01	rh_G_occipital_sup	prestim	0.0567366574917831
01	rh_G_occipital_sup	stim	0.0736598852160951
01	rh_G_orbital	prestim	0.0843626393514845
01	rh_G_orbital	stim	0.20633814313315
01	rh_G_pariet_inf-Angular	prestim	0.0664929228177174
01	rh_G_pariet_inf-Angular	stim	0.0710475378875097
01	rh_G_pariet_inf-Supramar	prestim	0.0743251879333462
01	rh_G_pariet_inf-Supramar	stim	0.275205926690471
01	rh_G_parietal_sup	prestim	0.0621381151626781
01	rh_G_parietal_sup	stim	0.0702986814820088
01	rh_G_postcentral	prestim	0.0780720007376095
01	rh_G_postcentral	stim	0.274254011358468
01	rh_G_precentral	prestim	0.0833493675611648
01	rh_G_precentral	stim	0.202998358069971
01	rh_G_precuneus	prestim	0.0713332063613949
01	rh_G_precuneus	stim	0.105130916984028
01	rh_G_rectus	prestim	0.0703542957906899
01	rh_G_rectus	stim	0.114822648635223
01	rh_G_subcallosal	prestim	0.0994392053914665
01	rh_G_subcallosal	stim	0.173607194758678
01	rh_G_temp_sup-G_T_transv	prestim	0.084080149486859
01	rh_G_temp_sup-G_T_transv	stim	0.393484372774964
01	rh_G_temp_sup-Lateral	prestim	0.0744235112289717
01	rh_G_temp_sup-Lateral	stim	0.125341148321318
01	rh_G_temp_sup-Plan_polar	prestim	0.0859529157225948
01	rh_G_temp_sup-Plan_polar	stim	0.135648157529962
01	rh_G_temp_sup-Plan_tempo	prestim	0.0764452688339084
01	rh_G_temp_sup-Plan_tempo	stim	0.233468822929139
01	rh_G_temporal_inf	prestim	0.0862927236963926
01	rh_G_temporal_inf	stim	0.16589586970633
01	rh_G_temporal_middle	prestim	0.0857759848627877
01	rh_G_temporal_middle	stim	0.0949446732289147
01	rh_Lat_Fis-ant-Horizont	prestim	0.0675454154580621
01	rh_Lat_Fis-ant-Horizont	stim	0.107565403754503
01	rh_Lat_Fis-ant-Vertical	prestim	0.0864350287922016
01	rh_Lat_Fis-ant-Vertical	stim	0.169144290252406
01	rh_Lat_Fis-post	prestim	0.0873480363318924
01	rh_Lat_Fis-post	stim	0.102412968435522
01	rh_Pole_occipital	prestim	0.0486319774098656
01	rh_Pole_occipital	stim	0.0738241610584885
01	rh_Pole_temporal	prestim	0.0914126215430123
01	rh_Pole_temporal	stim	0.0848631767996862
01	rh_S_calcarine	prestim	0.0719481706954693
01	rh_S_calcarine	stim	0.113953812040936
01	rh_S_central	prestim	0.0719838666088519
01	rh_S_central	stim	0.0945177121480506
01	rh_S_cingul-Marginalis	prestim	0.0722047713344369
01	rh_S_cingul-Marginalis	stim	0.125386435254485
01	rh_S_circular_insula_ant	prestim	0.0939709178918142
01	rh_S_circular_insula_ant	stim	0.126112366416647
01	rh_S_circular_insula_inf	prestim	0.0926576609739646
01	rh_S_circular_insula_inf	stim	0.228417611621245
01	rh_S_circular_insula_sup	prestim	0.0766143956849513
01	rh_S_circular_insula_sup	stim	0.177230707487284
01	rh_S_collat_transv_ant	prestim	0.0846344986511286
01	rh_S_collat_transv_ant	stim	0.109348743591253
01	rh_S_collat_transv_post	prestim	0.0661599125052109
01	rh_S_collat_transv_post	stim	0.0525425919161938
01	rh_S_front_inf	prestim	0.0638158405274352
01	rh_S_front_inf	stim	0.218006461724042
01	rh_S_front_middle	prestim	0.0761554011610949
01	rh_S_front_middle	stim	0.0960257775533898
01	rh_S_front_sup	prestim	0.0849825439729629
01	rh_S_front_sup	stim	0.0820682726506909
01	rh_S_interm_prim-Jensen	prestim	0.10088787936704
01	rh_S_interm_prim-Jensen	stim	0.0722808785798186
01	rh_S_intrapariet_and_P_trans	prestim	0.0830500323349225
01	rh_S_intrapariet_and_P_trans	stim	0.0788199626376541
01	rh_S_oc-temp_lat	prestim	0.0918763297120879
01	rh_S_oc-temp_lat	stim	0.138845488106346
01	rh_S_oc-temp_med_and_Lingual	prestim	0.10104166886304
01	rh_S_oc-temp_med_and_Lingual	stim	0.164402093102415
01	rh_S_oc_middle_and_Lunatus	prestim	0.0699426101258597
01	rh_S_oc_middle_and_Lunatus	stim	0.0738369070025597
01	rh_S_oc_sup_and_transversal	prestim	0.0660373055435873
01	rh_S_oc_sup_and_transversal	stim	0.0845276726178187
01	rh_S_occipital_ant	prestim	0.0813717912928344
01	rh_S_occipital_ant	stim	0.0906278156457246
01	rh_S_orbital-H_Shaped	prestim	0.0891569302056898
01	rh_S_orbital-H_Shaped	stim	0.163292136304784
01	rh_S_orbital_lateral	prestim	0.056173181330159
01	rh_S_orbital_lateral	stim	0.0659525164136482
01	rh_S_orbital_med-olfact	prestim	0.0946660870360772
01	rh_S_orbital_med-olfact	stim	0.247390880361751
01	rh_S_parieto_occipital	prestim	0.0763002426332135
01	rh_S_parieto_occipital	stim	0.0601069149715021
01	rh_S_pericallosal	prestim	0.0701937865110421
01	rh_S_pericallosal	stim	0.0714413218848824
01	rh_S_postcentral	prestim	0.079165813385936
01	rh_S_postcentral	stim	0.108283205309998
01	rh_S_precentral-inf-part	prestim	0.0761228681494033
01	rh_S_precentral-inf-part	stim	0.299180594976592
01	rh_S_precentral-sup-part	prestim	0.0608793417841847
01	rh_S_precentral-sup-part	stim	0.103368573199565
01	rh_S_suborbital	prestim	0.0787951148203309
01	rh_S_suborbital	stim	0.0883763996094655
01	rh_S_subparietal	prestim	0.0657298012408036
01	rh_S_subparietal	stim	0.119012106798625
01	rh_S_temporal_inf	prestim	0.0877357720902627
01	rh_S_temporal_inf	stim	0.16438495858498
01	rh_S_temporal_sup	prestim	0.094682131597225
01	rh_S_temporal_sup	stim	0.0783061735271243
01	rh_S_temporal_transverse	prestim	0.0636693348880992
01	rh_S_temporal_transverse	stim	0.381733645043819
02	lh_G_Ins_lg_and_S_cent_ins	prestim	0.0860917515696476
02	lh_G_Ins_lg_and_S_cent_ins	stim	0.221144620042438
02	lh_G_and_S_cingul-Ant	prestim	0.0915400884106563
02	lh_G_and_S_cingul-Ant	stim	0.0887344604732055
02	lh_G_and_S_cingul-Mid-Ant	prestim	0.0729668750323886
02	lh_G_and_S_cingul-Mid-Ant	stim	0.0901080635651872
02	lh_G_and_S_cingul-Mid-Post	prestim	0.0774392178169117
02	lh_G_and_S_cingul-Mid-Post	stim	0.078846733316229
02	lh_G_and_S_frontomargin	prestim	0.0938266782001315
02	lh_G_and_S_frontomargin	stim	0.099922426953978
02	lh_G_and_S_occipital_inf	prestim	0.100341813869445
02	lh_G_and_S_occipital_inf	stim	0.0879189418697414
02	lh_G_and_S_paracentral	prestim	0.0652975293392359
02	lh_G_and_S_paracentral	stim	0.0959958167294616
02	lh_G_and_S_subcentral	prestim	0.061089249959763
02	lh_G_and_S_subcentral	stim	0.157168914384559
02	lh_G_and_S_transv_frontopol	prestim	0.0773654121612357
02	lh_G_and_S_transv_frontopol	stim	0.0814499786432488
02	lh_G_cingul-Post-dorsal	prestim	0.0726585095274166
02	lh_G_cingul-Post-dorsal	stim	0.094676665295579
02	lh_G_cingul-Post-ventral	prestim	0.0669488573744124
02	lh_G_cingul-Post-ventral	stim	0.105469870145099
02	lh_G_cuneus	prestim	0.0907373792345509
02	lh_G_cuneus	stim	0.0843444971544498
02	lh_G_front_inf-Opercular	prestim	0.0885565001126743
02	lh_G_front_inf-Opercular	stim	0.0803026377756863
02	lh_G_front_inf-Orbital	prestim	0.10280750985149
02	lh_G_front_inf-Orbital	stim	0.137677793801729
02	lh_G_front_inf-Triangul	prestim	0.111502559132382
02	lh_G_front_inf-Triangul	stim	0.0834136746500797
02	lh_G_front_middle	prestim	0.089657206380009
02	lh_G_front_middle	stim	0.0822788380626416
02	lh_G_front_sup	prestim	0.0964436199563161
02	lh_G_front_sup	stim	0.0894064407413204
02	lh_G_insular_short	prestim	0.0927375249764429
02	lh_G_insular_short	stim	0.130428949207494
02	lh_G_oc-temp_lat-fusifor	prestim	0.0600844060509345
02	lh_G_oc-temp_lat-fusifor	stim	0.133269431430122
02	lh_G_oc-temp_med-Lingual	prestim	0.0764445844178312
02	lh_G_oc-temp_med-Lingual	stim	0.0958671707849811
02	lh_G_oc-temp_med-Parahip	prestim	0.0641577918698228
02	lh_G_oc-temp_med-Parahip	stim	0.11644664036913
02	lh_G_occipital_middle	prestim	0.0664706452923569
02	lh_G_occipital_middle	stim	0.101427090611718
02	lh_G_occipital_sup	prestim	0.0923668223766344
02	lh_G_occipital_sup	stim	0.0887804946199078
02	lh_G_orbital	prestim	0.0697032225936537
02	lh_G_orbital	stim	0.17187785800177
02	lh_G_pariet_inf-Angular	prestim	0.066322487471576
02	lh_G_pariet_inf-Angular	stim	0.0740265415519403
02	lh_G_pariet_inf-Supramar	prestim	0.0759759025403003
02	lh_G_pariet_inf-Supramar	stim	0.159379196194068
02	lh_G_parietal_sup	prestim	0.0472729545013508
02	lh_G_parietal_sup	stim	0.0685623306383354
02	lh_G_postcentral	prestim	0.0486972861562761
02	lh_G_postcentral	stim	0.103309011412259
02	lh_G_precentral	prestim	0.0831543245221385
02	lh_G_precentral	stim	0.073034244251113
02	lh_G_precuneus	prestim	0.0647849805429118
02	lh_G_precuneus	stim	0.0886089544821812
02	lh_G_rectus	prestim	0.0659068209650696
02	lh_G_rectus	stim	0.071867584824201
02	lh_G_subcallosal	prestim	0.0744657694910051
02	lh_G_subcallosal	stim	0.115600609020411
02	lh_G_temp_sup-G_T_transv	prestim	0.0554917299381637
02	lh_G_temp_sup-G_T_transv	stim	0.199949489452282
02	lh_G_temp_sup-Lateral	prestim	0.0714420330228283
02	lh_G_temp_sup-Lateral	stim	0.143128570456071
02	lh_G_temp_sup-Plan_polar	prestim	0.0674836077422644
02	lh_G_temp_sup-Plan_polar	stim	0.0904021757268199
02	lh_G_temp_sup-Plan_tempo	prestim	0.0632424586198027
02	lh_G_temp_sup-Plan_tempo	stim	0.20939055883214
02	lh_G_temporal_inf	prestim	0.0669438131796679
02	lh_G_temporal_inf	stim	0.152098829653558
02	lh_G_temporal_middle	prestim	0.0838632256660311
02	lh_G_temporal_middle	stim	0.091905854890554
02	lh_Lat_Fis-ant-Horizont	prestim	0.11637903497052
02	lh_Lat_Fis-ant-Horizont	stim	0.161059229507127
02	lh_Lat_Fis-ant-Vertical	prestim	0.0618526926950407
02	lh_Lat_Fis-ant-Vertical	stim	0.0826510508639265
02	lh_Lat_Fis-post	prestim	0.0875105700781067
02	lh_Lat_Fis-post	stim	0.1600235741056
02	lh_Pole_occipital	prestim	0.0912716697352397
02	lh_Pole_occipital	stim	0.073994649171366
02	lh_Pole_temporal	prestim	0.0717190024926383
02	lh_Pole_temporal	stim	0.0761355614921302
02	lh_S_calcarine	prestim	0.0812962430231092
02	lh_S_calcarine	stim	0.0871282412476523
02	lh_S_central	prestim	0.075061790411125
02	lh_S_central	stim	0.13570668597732
02	lh_S_cingul-Marginalis	prestim	0.0765242038711494
02	lh_S_cingul-Marginalis	stim	0.102796497371463
02	lh_S_circular_insula_ant	prestim	0.0937029300984119
02	lh_S_circular_insula_ant	stim	0.134819297555489
02	lh_S_circular_insula_inf	prestim	0.0844703203175338
02	lh_S_circular_insula_inf	stim	0.15914166384976
02	lh_S_circular_insula_sup	prestim	0.0725358174319729
02	lh_S_circular_insula_sup	stim	0.145884281617516
02	lh_S_collat_transv_ant	prestim	0.0650674561422664
02	lh_S_collat_transv_ant	stim	0.132193708732119
02	lh_S_collat_transv_post	prestim	0.106884118567891
02	lh_S_collat_transv_post	stim	0.0859140569082044
02	lh_S_front_inf	prestim	0.0714034132752078
02	lh_S_front_inf	stim	0.0666890061038825
02	lh_S_front_middle	prestim	0.0828016511149374
02	lh_S_front_middle	stim	0.0757061660659994
02	lh_S_front_sup	prestim	0.0575099782056753
02	lh_S_front_sup	stim	0.081344573038638
02	lh_S_interm_prim-Jensen	prestim	0.0609821946778995
02	lh_S_interm_prim-Jensen	stim	0.0994532617771863
02	lh_S_intrapariet_and_P_trans	prestim	0.0574454883778008
02	lh_S_intrapariet_and_P_trans	stim	0.113825728782905
02	lh_S_oc-temp_lat	prestim	0.0843354272352789
02	lh_S_oc-temp_lat	stim	0.152355078831237
02	lh_S_oc-temp_med_and_Lingual	prestim	0.0711431086117456
02	lh_S_oc-temp_med_and_Lingual	stim	0.172035713017541
02	lh_S_oc_middle_and_Lunatus	prestim	0.0678179378937114
02	lh_S_oc_middle_and_Lunatus	stim	0.0744012457611375
02	lh_S_oc_sup_and_transversal	prestim	0.0734559071320828
02	lh_S_oc_sup_and_transversal	stim	0.0924046991774213
02	lh_S_occipital_ant	prestim	0.0851912376963133
02	lh_S_occipital_ant	stim	0.0927254847645863
02	lh_S_orbital-H_Shaped	prestim	0.0819171578432054
02	lh_S_orbital-H_Shaped	stim	0.170134208179522
02	lh_S_orbital_lateral	prestim	0.0507405158152548
02	lh_S_orbital_lateral	stim	0.0889024543640036
02	lh_S_orbital_med-olfact	prestim	0.0875608709244136
02	lh_S_orbital_med-olfact	stim	0.172902630597606
02	lh_S_parieto_occipital	prestim	0.0660139145034557
02	lh_S_parieto_occipital	stim	0.103898736861542
02	lh_S_pericallosal	prestim	0.0659283842938672
02	lh_S_pericallosal	stim	0.068090142802877
02	lh_S_postcentral	prestim	0.0864667677108644
02	lh_S_postcentral	stim	0.0910993749911766
02	lh_S_precentral-inf-part	prestim	0.0690654146295625
02	lh_S_precentral-inf-part	stim	0.130051947268054
02	lh_S_precentral-sup-part	prestim	0.0629883019565232
02	lh_S_precentral-sup-part	stim	0.0920104013850019
02	lh_S_suborbital	prestim	0.0732561135188398
02	lh_S_suborbital	stim	0.071250112006403
02	lh_S_subparietal	prestim	0.0720797093637883
02	lh_S_subparietal	stim	0.107974070571976
02	lh_S_temporal_inf	prestim	0.0667214829130987
02	lh_S_temporal_inf	stim	0.106067739200039
02	lh_S_temporal_sup	prestim	0.0661037231411841
02	lh_S_temporal_sup	stim	0.0889952771377073
02	lh_S_temporal_transverse	prestim	0.0635061539160879
02	lh_S_temporal_transverse	stim	0.233084013500045
02	rh_G_Ins_lg_and_S_cent_ins	prestim	0.0910495705576125
02	rh_G_Ins_lg_and_S_cent_ins	stim	0.115625535109045
02	rh_G_and_S_cingul-Ant	prestim	0.0820805017613054
02	rh_G_and_S_cingul-Ant	stim	0.0617512788623742
02	rh_G_and_S_cingul-Mid-Ant	prestim	0.0991924690305269
02	rh_G_and_S_cingul-Mid-Ant	stim	0.087025558035091
02	rh_G_and_S_cingul-Mid-Post	prestim	0.085363750747556
02	rh_G_and_S_cingul-Mid-Post	stim	0.0769082061901181
02	rh_G_and_S_frontomargin	prestim	0.0780935689631708
02	rh_G_and_S_frontomargin	stim	0.0590951116255772
02	rh_G_and_S_occipital_inf	prestim	0.0595445445474006
02	rh_G_and_S_occipital_inf	stim	0.0764974829728485
02	rh_G_and_S_paracentral	prestim	0.0717736404160778
02	rh_G_and_S_paracentral	stim	0.0743025455014322
02	rh_G_and_S_subcentral	prestim	0.0727358849824535
02	rh_G_and_S_subcentral	stim	0.218869417358912
02	rh_G_and_S_transv_frontopol	prestim	0.0706178534702981
02	rh_G_and_S_transv_frontopol	stim	0.0973668383596109
02	rh_G_cingul-Post-dorsal	prestim	0.0720967090680066
02	rh_G_cingul-Post-dorsal	stim	0.07300311528846
02	rh_G_cingul-Post-ventral	prestim	0.0719227112147647
02	rh_G_cingul-Post-ventral	stim	0.0695613818712171
02	rh_G_cuneus	prestim	0.055191018090986
02	rh_G_cuneus	stim	0.0689549710822868
02	rh_G_front_inf-Opercular	prestim	0.0810905744634192
02	rh_G_front_inf-Opercular	stim	0.135244616209545
02	rh_G_front_inf-Orbital	prestim	0.0879501922859478
02	rh_G_front_inf-Orbital	stim	0.116955607883124
02	rh_G_front_inf-Triangul	prestim	0.0501280508216801
02	rh_G_front_inf-Triangul	stim	0.103161167671063
02	rh_G_front_middle	prestim	0.05756060185215
02	rh_G_front_middle	stim	0.062163144287572
02	rh_G_front_sup	prestim	0.0983532576811453
02	rh_G_front_sup	stim	0.0710354442186638
02	rh_G_insular_short	prestim	0.0513445425213817
02	rh_G_insular_short	stim	0.0923811087660851
02	rh_G_oc-temp_lat-fusifor	prestim	0.0655441811102734
02	rh_G_oc-temp_lat-fusifor	stim	0.094693094042316
02	rh_G_oc-temp_med-Lingual	prestim	0.0763746574812256
02	rh_G_oc-temp_med-Lingual	stim	0.0966935314006635
02	rh_G_oc-temp_med-Parahip	prestim	0.0592921107480871
02	rh_G_oc-temp_med-Parahip	stim	0.106381271062937
02	rh_G_occipital_middle	prestim	0.0793236953707315
02	rh_G_occipital_middle	stim	0.0838518564986864
02	rh_G_occipital_sup	prestim	0.071432187943786
02	rh_G_occipital_sup	stim	0.0938254112971169
02	rh_G_orbital	prestim	0.0636903377315051
02	rh_G_orbital	stim	0.167270743819453
02	rh_G_pariet_inf-Angular	prestim	0.0847982727533726
02	rh_G_pariet_inf-Angular	stim	0.0833604018076078
02	rh_G_pariet_inf-Supramar	prestim	0.0805425960401919
02	rh_G_pariet_inf-Supramar	stim	0.202791773639541
02	rh_G_parietal_sup	prestim	0.0749958429434664
02	rh_G_parietal_sup	stim	0.064003944528718
02	rh_G_postcentral	prestim	0.0645339676358056
02	rh_G_postcentral	stim	0.189142778586141
02	rh_G_precentral	prestim	0.0766010827617219
02	rh_G_precentral	stim	0.0875686070421754
02	rh_G_precuneus	prestim	0.0557581892122187
02	rh_G_precuneus	stim	0.105403345364238
02	rh_G_rectus	prestim	0.0719085402775694
02	rh_G_rectus	stim	0.0830581713521411
02	rh_G_subcallosal	prestim	0.0584348987027604
02	rh_G_subcallosal	stim	0.0684236051138606
02	rh_G_temp_sup-G_T_transv	prestim	0.086014674896249
02	rh_G_temp_sup-G_T_transv	stim	0.266147667128618
02	rh_G_temp_sup-Lateral	prestim	0.0793762672549161
02	rh_G_temp_sup-Lateral	stim	0.219525754425115
02	rh_G_temp_sup-Plan_polar	prestim	0.0915029918762549
02	rh_G_temp_sup-Plan_polar	stim	0.120515579673207
02	rh_G_temp_sup-Plan_tempo	prestim	0.0743591632916993
02	rh_G_temp_sup-Plan_tempo	stim	0.233247712356106
02	rh_G_temporal_inf	prestim	0.0667984144514863
02	rh_G_temporal_inf	stim	0.190025908197243
02	rh_G_temporal_middle	prestim	0.0849033235941032
02	rh_G_temporal_middle	stim	0.141893569427283
02	rh_Lat_Fis-ant-Horizont	prestim	0.0536997406665111
02	rh_Lat_Fis-ant-Horizont	stim	0.0817758138401712
02	rh_Lat_Fis-ant-Vertical	prestim	0.0589472805442942
02	rh_Lat_Fis-ant-Vertical	stim	0.11557776804559
02	rh_Lat_Fis-post	prestim	0.0604407617165364
02	rh_Lat_Fis-post	stim	0.0939352326821464
02	rh_Pole_occipital	prestim	0.0929540391336663
02	rh_Pole_occipital	stim	0.0940383527573645
02	rh_Pole_temporal	prestim	0.0927699385395826
02	rh_Pole_temporal	stim	0.0731867503952733
02	rh_S_calcarine	prestim	0.0700594182152855
02	rh_S_calcarine	stim	0.0816493619953483
02	rh_S_central	prestim	0.0739401798603807
02	rh_S_central	stim	0.0877061233839793
02	rh_S_cingul-Marginalis	prestim	0.0732635301397264
02	rh_S_cingul-Marginalis	stim	0.0976187998452659
02	rh_S_circular_insula_ant	prestim	0.0644503597670311
02	rh_S_circular_insula_ant	stim	0.0905346275955979
02	rh_S_circular_insula_inf	prestim	0.0883537086285314
02	rh_S_circular_insula_inf	stim	0.136024938793283
02	rh_S_circular_insula_sup	prestim	0.0945238079574977
02	rh_S_circular_insula_sup	stim	0.124059192802697
02	rh_S_collat_transv_ant	prestim	0.0807514838567278
02	rh_S_collat_transv_ant	stim	0.12390411627365
02	rh_S_collat_transv_post	prestim	0.0809837885509255
02	rh_S_collat_transv_post	stim	0.0864496757879539
02	rh_S_front_inf	prestim	0.0703444390974398
02	rh_S_front_inf	stim	0.125922995524686
02	rh_S_front_middle	prestim	0.0859911409823747
02	rh_S_front_middle	stim	0.085079997805656
02	rh_S_front_sup	prestim	0.0826863845205714
02	rh_S_front_sup	stim	0.106920562109883
02	rh_S_interm_prim-Jensen	prestim	0.0717386803439294
02	rh_S_interm_prim-Jensen	stim	0.0864869161594102
02	rh_S_intrapariet_and_P_trans	prestim	0.0752483775226807
02	rh_S_intrapariet_and_P_trans	stim	0.0792678721876457
02	rh_S_oc-temp_lat	prestim	0.101689036350198
02	rh_S_oc-temp_lat	stim	0.0919721488785355
02	rh_S_oc-temp_med_and_Lingual	prestim	0.0784702008779626
02	rh_S_oc-temp_med_and_Lingual	stim	0.133298970480623
02	rh_S_oc_middle_and_Lunatus	prestim	0.0762300849734732
02	rh_S_oc_middle_and_Lunatus	stim	0.0716706710359965
02	rh_S_oc_sup_and_transversal	prestim	0.0791731779956144
02	rh_S_oc_sup_and_transversal	stim	0.0983733314804458
02	rh_S_occipital_ant	prestim	0.069942075762624
02	rh_S_occipital_ant	stim	0.10244711548737
02	rh_S_orbital-H_Shaped	prestim	0.0616796940690935
02	rh_S_orbital-H_Shaped	stim	0.148283941763591
02	rh_S_orbital_lateral	prestim	0.0699064409175253
02	rh_S_orbital_lateral	stim	0.0829872241855671
02	rh_S_orbital_med-olfact	prestim	0.0869660789386838
02	rh_S_orbital_med-olfact	stim	0.179860696466665
02	rh_S_parieto_occipital	prestim	0.0765325703868907
02	rh_S_parieto_occipital	stim	0.0721289607865345
02	rh_S_pericallosal	prestim	0.0829829157493177
02	rh_S_pericallosal	stim	0.077433549085018
02	rh_S_postcentral	prestim	0.0734301174384602
02	rh_S_postcentral	stim	0.149035049294926
02	rh_S_precentral-inf-part	prestim	0.0907343180836583
02	rh_S_precentral-inf-part	stim	0.186780490053596
02	rh_S_precentral-sup-part	prestim	0.0779179447542163
02	rh_S_precentral-sup-part	stim	0.115033759830134
02	rh_S_suborbital	prestim	0.0632992380831675
02	rh_S_suborbital	stim	0.0759406424867295
02	rh_S_subparietal	prestim	0.0673653870393871
02	rh_S_subparietal	stim	0.0887663882004545
02	rh_S_temporal_inf	prestim	0.0821596490038638
02	rh_S_temporal_inf	stim	0.113553166669599
02	rh_S_temporal_sup	prestim	0.0802110363413065
02	rh_S_temporal_sup	stim	0.115890423060406
02	rh_S_temporal_transverse	prestim	0.0891097794961302
02	rh_S_temporal_transverse	stim	0.326714942043164
03	lh_G_Ins_lg_and_S_cent_ins	prestim	0.0680656242224703
03	lh_G_Ins_lg_and_S_cent_ins	stim	0.100067154341015
03	lh_G_and_S_cingul-Ant	prestim	0.0569873290671401
03	lh_G_and_S_cingul-Ant	stim	0.0704853513295621
03	lh_G_and_S_cingul-Mid-Ant	prestim	0.0569353556640149
03	lh_G_and_S_cingul-Mid-Ant	stim	0.087893288003185
03	lh_G_and_S_cingul-Mid-Post	prestim	0.0641244180741897
03	lh_G_and_S_cingul-Mid-Post	stim	0.0904157283790425
03	lh_G_and_S_frontomargin	prestim	0.0930334687089965
03	lh_G_and_S_frontomargin	stim	0.0674539284785632
03	lh_G_and_S_occipital_inf	prestim	0.0916642485108015
03	lh_G_and_S_occipital_inf	stim	0.0855858809804346
03	lh_G_and_S_paracentral	prestim	0.0768538856235108
03	lh_G_and_S_paracentral	stim	0.0800799929248633
03	lh_G_and_S_subcentral	prestim	0.0896384503358945
03	lh_G_and_S_subcentral	stim	0.088260002055328
03	lh_G_and_S_transv_frontopol	prestim	0.0801581880116807
03	lh_G_and_S_transv_frontopol	stim	0.0919585193585649
03	lh_G_cingul-Post-dorsal	prestim	0.0545037219421201
03	lh_G_cingul-Post-dorsal	stim	0.082106663973753
03	lh_G_cingul-Post-ventral	prestim	0.0634037068649103
03	lh_G_cingul-Post-ventral	stim	0.102872245715123
03	lh_G_cuneus	prestim	0.0566729664786209
03	lh_G_cuneus	stim	0.07924872555041
03	lh_G_front_inf-Opercular	prestim	0.0854176180418801
03	lh_G_front_inf-Opercular	stim	0.152356271322594
03	lh_G_front_inf-Orbital	prestim	0.0623213800457391
03	lh_G_front_inf-Orbital	stim	0.136521073449973
03	lh_G_front_inf-Triangul	prestim	0.06549594225625
03	lh_G_front_inf-Triangul	stim	0.103520589735124
03	lh_G_front_middle	prestim	0.0471548574151738
03	lh_G_front_middle	stim	0.0889648632326414
03	lh_G_front_sup	prestim	0.065334242823241
03	lh_G_front_sup	stim	0.0771793555997312
03	lh_G_insular_short	prestim	0.0666255494222295
03	lh_G_insular_short	stim	0.207005196657037
03	lh_G_oc-temp_lat-fusifor	prestim	0.0631257602876939
03	lh_G_oc-temp_lat-fusifor	stim	0.171604559676117
03	lh_G_oc-temp_med-Lingual	prestim	0.0441087859505994
03	lh_G_oc-temp_med-Lingual	stim	0.0719571015774244
03	lh_G_oc-temp_med-Parahip	prestim	0.0746352243081124
03	lh_G_oc-temp_med-Parahip	stim	0.0732802964046267
03	lh_G_occipital_middle	prestim	0.100027973817205
03	lh_G_occipital_middle	stim	0.0696944391264438
03	lh_G_occipital_sup	prestim	0.074540202585849
03	lh_G_occipital_sup	stim	0.0665834749130078
03	lh_G_orbital	prestim	0.0738285785153502
03	lh_G_orbital	stim	0.261870756104496
03	lh_G_pariet_inf-Angular	prestim	0.0650089027753622
03	lh_G_pariet_inf-Angular	stim	0.0682732455813088
03	lh_G_pariet_inf-Supramar	prestim	0.0826043813026287
03	lh_G_pariet_inf-Supramar	stim	0.199054449567771
03	lh_G_parietal_sup	prestim	0.05972821665291
03	lh_G_parietal_sup	stim	0.0917776942819577
03	lh_G_postcentral	prestim	0.0659371206117875
03	lh_G_postcentral	stim	0.105355213515976
03	lh_G_precentral	prestim	0.0757109892223235
03	lh_G_precentral	stim	0.122855980047804
03	lh_G_precuneus	prestim	0.0794086054404783
03	lh_G_precuneus	stim	0.0774229336167049
03	lh_G_rectus	prestim	0.0512031999028581
03	lh_G_rectus	stim	0.101362575209356
03	lh_G_subcallosal	prestim	0.0713402150922178
03	lh_G_subcallosal	stim	0.141575115276901
03	lh_G_temp_sup-G_T_transv	prestim	0.075698135041361
03	lh_G_temp_sup-G_T_transv	stim	0.25976196530981
03	lh_G_temp_sup-Lateral	prestim	0.0569240413225973
03	lh_G_temp_sup-Lateral	stim	0.363137129649512
03	lh_G_temp_sup-Plan_polar	prestim	0.0681976051211294
03	lh_G_temp_sup-Plan_polar	stim	0.273732546917949
03	lh_G_temp_sup-Plan_tempo	prestim	0.097840613466679
03	lh_G_temp_sup-Plan_tempo	stim	0.342573393573471
03	lh_G_temporal_inf	prestim	0.098276000245237
03	lh_G_temporal_inf	stim	0.248870396389952
03	lh_G_temporal_middle	prestim	0.089939826845472
03	lh_G_temporal_middle	stim	0.158653667408993
03	lh_Lat_Fis-ant-Horizont	prestim	0.061840737269119
03	lh_Lat_Fis-ant-Horizont	stim	0.117004484777827
03	lh_Lat_Fis-ant-Vertical	prestim	0.0753889298258031
03	lh_Lat_Fis-ant-Vertical	stim	0.259693598122842
03	lh_Lat_Fis-post	prestim	0.0575153214307298
03	lh_Lat_Fis-post	stim	0.263796648338466
03	lh_Pole_occipital	prestim	0.0578739598150549
03	lh_Pole_occipital	stim	0.0730180870450719
03	lh_Pole_temporal	prestim	0.0833407970271443
03	lh_Pole_temporal	stim	0.0757249566171839
03	lh_S_calcarine	prestim	0.0538020644421583
03	lh_S_calcarine	stim	0.0862220149664116
03	lh_S_central	prestim	0.0601166743320339
03	lh_S_central	stim	0.0991904568360574
03	lh_S_cingul-Marginalis	prestim	0.0624784367201557
03	lh_S_cingul-Marginalis	stim	0.0786324082460196
03	lh_S_circular_insula_ant	prestim	0.0710369811438318
03	lh_S_circular_insula_ant	stim	0.106595602801242
03	lh_S_circular_insula_inf	prestim	0.0783164244293822
03	lh_S_circular_insula_inf	stim	0.117108370193357
03	lh_S_circular_insula_sup	prestim	0.0570263015471043
03	lh_S_circular_insula_sup	stim	0.0917780234830124
03	lh_S_collat_transv_ant	prestim	0.0776566410354389
03	lh_S_collat_transv_ant	stim	0.0926256418696904
03	lh_S_collat_transv_post	prestim	0.0648013405772507
03	lh_S_collat_transv_post	stim	0.0896562809407053
03	lh_S_front_inf	prestim	0.0702488336451799
03	lh_S_front_inf	stim	0.231653649782379
03	lh_S_front_middle	prestim	0.082053725756598
03	lh_S_front_middle	stim	0.119948764909089
03	lh_S_front_sup	prestim	0.0995861159351892
03	lh_S_front_sup	stim	0.0675567058461919
03	lh_S_interm_prim-Jensen	prestim	0.0688568844975045
03	lh_S_interm_prim-Jensen	stim	0.0924600808930086
03	lh_S_intrapariet_and_P_trans	prestim	0.0707150365633064
03	lh_S_intrapariet_and_P_trans	stim	0.106544445911947
03	lh_S_oc-temp_lat	prestim	0.0662421034694094
03	lh_S_oc-temp_lat	stim	0.0996748481441017
03	lh_S_oc-temp_med_and_Lingual	prestim	0.080847355282046
03	lh_S_oc-temp_med_and_Lingual	stim	0.245378949891794
03	lh_S_oc_middle_and_Lunatus	prestim	0.0597202571142371
03	lh_S_oc_middle_and_Lunatus	stim	0.0685535169816284
03	lh_S_oc_sup_and_transversal	prestim	0.0721579603891574
03	lh_S_oc_sup_and_transversal	stim	0.0794590367153416
03	lh_S_occipital_ant	prestim	0.0543896880161271
03	lh_S_occipital_ant	stim	0.0997339905991358
03	lh_S_orbital-H_Shaped	prestim	0.0738166375347191
03	lh_S_orbital-H_Shaped	stim	0.238602995055344
03	lh_S_orbital_lateral	prestim	0.0576994774853043
03	lh_S_orbital_lateral	stim	0.0677596598637494
03	lh_S_orbital_med-olfact	prestim	0.0759424301557052
03	lh_S_orbital_med-olfact	stim	0.306333079666016
03	lh_S_parieto_occipital	prestim	0.0631336212362677
03	lh_S_parieto_occipital	stim	0.0787135011715487
03	lh_S_pericallosal	prestim	0.0669257326162854
03	lh_S_pericallosal	stim	0.0770162287521554
03	lh_S_postcentral	prestim	0.0669798172184174
03	lh_S_postcentral	stim	0.130188588686625
03	lh_S_precentral-inf-part	prestim	0.0716034929691654
03	lh_S_precentral-inf-part	stim	0.313161482140568
03	lh_S_precentral-sup-part	prestim	0.0996920895846978
03	lh_S_precentral-sup-part	stim	0.0988466965778736
03	lh_S_suborbital	prestim	0.0617119880529405
03	lh_S_suborbital	stim	0.0977188245508129
03	lh_S_subparietal	prestim	0.0639377395221674
03	lh_S_subparietal	stim	0.106495567492115
03	lh_S_temporal_inf	prestim	0.0739283021485624
03	lh_S_temporal_inf	stim	0.196374699726911
03	lh_S_temporal_sup	prestim	0.0725338090007404
03	lh_S_temporal_sup	stim	0.0813123259468757
03	lh_S_temporal_transverse	prestim	0.0670619043574657
03	lh_S_temporal_transverse	stim	0.416436903375279
03	rh_G_Ins_lg_and_S_cent_ins	prestim	0.0646238970025359
03	rh_G_Ins_lg_and_S_cent_ins	stim	0.0711249273451086
03	rh_G_and_S_cingul-Ant	prestim	0.0579094863907138
03	rh_G_and_S_cingul-Ant	stim	0.158103960651101
03	rh_G_and_S_cingul-Mid-Ant	prestim	0.0585602306100154
03	rh_G_and_S_cingul-Mid-Ant	stim	0.127161964996119
03	rh_G_and_S_cingul-Mid-Post	prestim	0.068035161016046
03	rh_G_and_S_cingul-Mid-Post	stim	0.127933095909588
03	rh_G_and_S_frontomargin	prestim	0.0598984310885548
03	rh_G_and_S_frontomargin	stim	0.074845383901963
03	rh_G_and_S_occipital_inf	prestim	0.07846937900812
03	rh_G_and_S_occipital_inf	stim	0.127210825371441
03	rh_G_and_S_paracentral	prestim	0.0788916069283447
03	rh_G_and_S_paracentral	stim	0.0727105380780294
03	rh_G_and_S_subcentral	prestim	0.0489325831091433
03	rh_G_and_S_subcentral	stim	0.157474722246756
03	rh_G_and_S_transv_frontopol	prestim	0.0775184519583321
03	rh_G_and_S_transv_frontopol	stim	0.0834344354638139
03	rh_G_cingul-Post-dorsal	prestim	0.0530366239710453
03	rh_G_cingul-Post-dorsal	stim	0.0873233672924412
03	rh_G_cingul-Post-ventral	prestim	0.0571625932867108
03	rh_G_cingul-Post-ventral	stim	0.172972627743641
03	rh_G_cuneus	prestim	0.0524305319482362
03	rh_G_cuneus	stim	0.0657423991159993
03	rh_G_front_inf-Opercular	prestim	0.0612426416280663
03	rh_G_front_inf-Opercular	stim	0.16314072360253
03	rh_G_front_inf-Orbital	prestim	0.0664810524857065
03	rh_G_front_inf-Orbital	stim	0.270427653066797
03	rh_G_front_inf-Triangul	prestim	0.0503742392565215
03	rh_G_front_inf-Triangul	stim	0.112004292969029
03	rh_G_front_middle	prestim	0.0770663176167339
03	rh_G_front_middle	stim	0.0681642684003849
03	rh_G_front_sup	prestim	0.0751607332623072
03	rh_G_front_sup	stim	0.145274395436943
03	rh_G_insular_short	prestim	0.0641171959659785
03	rh_G_insular_short	stim	0.0663770349180154
03	rh_G_oc-temp_lat-fusifor	prestim	0.0799695487272433
03	rh_G_oc-temp_lat-fusifor	stim	0.150725758853611
03	rh_G_oc-temp_med-Lingual	prestim	0.0682244629114079
03	rh_G_oc-temp_med-Lingual	stim	0.0798415965785798
03	rh_G_oc-temp_med-Parahip	prestim	0.0586474722910414
03	rh_G_oc-temp_med-Parahip	stim	0.114033382584946
03	rh_G_occipital_middle	prestim	0.0805646302347252
03	rh_G_occipital_middle	stim	0.0606592115828057
03	rh_G_occipital_sup	prestim	0.0615158677885875
03	rh_G_occipital_sup	stim	0.0683918588845176
03	rh_G_orbital	prestim	0.0718157338915714
03	rh_G_orbital	stim	0.286293134062418
03	rh_G_pariet_inf-Angular	prestim	0.0580241164385232
03	rh_G_pariet_inf-Angular	stim	0.0794504095678192
03	rh_G_pariet_inf-Supramar	prestim	0.0691638407599968
03	rh_G_pariet_inf-Supramar	stim	0.35806644603448
03	rh_G_parietal_sup	prestim	0.0530411673047997
03	rh_G_parietal_sup	stim	0.0820782983042979
03	rh_G_postcentral	prestim	0.0619306151736913
03	rh_G_postcentral	stim	0.284223596244713
03	rh_G_precentral	prestim	0.0738076234242407
03	rh_G_precentral	stim	0.25618977807298
03	rh_G_precuneus	prestim	0.0655154262112086
03	rh_G_precuneus	stim	0.0983480471646967
03	rh_G_rectus	prestim	0.0779491999945128
03	rh_G_rectus	stim	0.241473340897381
03	rh_G_subcallosal	prestim	0.0754746986442926
03	rh_G_subcallosal	stim	0.155018262858325
03	rh_G_temp_sup-G_T_transv	prestim	0.0565464093288382
03	rh_G_temp_sup-G_T_transv	stim	0.387118974419278
03	rh_G_temp_sup-Lateral	prestim	0.072012331864584
03	rh_G_temp_sup-Lateral	stim	0.362237258604495
03	rh_G_temp_sup-Plan_polar	prestim	0.0705321718729259
03	rh_G_temp_sup-Plan_polar	stim	0.305678395953677
03	rh_G_temp_sup-Plan_tempo	prestim	0.0909555883419911
03	rh_G_temp_sup-Plan_tempo	stim	0.217518059271299
03	rh_G_temporal_inf	prestim	0.0635181065901439
03	rh_G_temporal_inf	stim	0.182585639279249
03	rh_G_temporal_middle	prestim	0.0518859634215609
03	rh_G_temporal_middle	stim	0.135472384837592
03	rh_Lat_Fis-ant-Horizont	prestim	0.0808360509371213
03	rh_Lat_Fis-ant-Horizont	stim	0.159229730067019
03	rh_Lat_Fis-ant-Vertical	prestim	0.0593209846482743
03	rh_Lat_Fis-ant-Vertical	stim	0.172407215788442
03	rh_Lat_Fis-post	prestim	0.0803776829974814
03	rh_Lat_Fis-post	stim	0.124532863699786
03	rh_Pole_occipital	prestim	0.0728566160400375
03	rh_Pole_occipital	stim	0.0999216855219881
03	rh_Pole_temporal	prestim	0.0518997849243457
03	rh_Pole_temporal	stim	0.220764204075083
03	rh_S_calcarine	prestim	0.0617614505148858
03	rh_S_calcarine	stim	0.10206771837147
03	rh_S_central	prestim	0.0692718324451816
03	rh_S_central	stim	0.0875521066995437
03	rh_S_cingul-Marginalis	prestim	0.0627365835451048
03	rh_S_cingul-Marginalis	stim	0.0800258413122202
03	rh_S_circular_insula_ant	prestim	0.0659563190169677
03	rh_S_circular_insula_ant	stim	0.109365822583914
03	rh_S_circular_insula_inf	prestim	0.0698672084107665
03	rh_S_circular_insula_inf	stim	0.112345666701176
03	rh_S_circular_insula_sup	prestim	0.0590119305557343
03	rh_S_circular_insula_sup	stim	0.0993455141240061
03	rh_S_collat_transv_ant	prestim	0.0850378673814379
03	rh_S_collat_transv_ant	stim	0.106189100223567
03	rh_S_collat_transv_post	prestim	0.0772897335573601
03	rh_S_collat_transv_post	stim	0.0749232526174996
03	rh_S_front_inf	prestim	0.0790345301776949
03	rh_S_front_inf	stim	0.302417999764384
03	rh_S_front_middle	prestim	0.0749590400167394
03	rh_S_front_middle	stim	0.068870652395925
03	rh_S_front_sup	prestim	0.0695871682015423
03	rh_S_front_sup	stim	0.0978833948938377
03	rh_S_interm_prim-Jensen	prestim	0.0932631725769317
03	rh_S_interm_prim-Jensen	stim	0.0793951574223483
03	rh_S_intrapariet_and_P_trans	prestim	0.0650868247372383
03	rh_S_intrapariet_and_P_trans	stim	0.0751981476726814
03	rh_S_oc-temp_lat	prestim	0.0751724580231214
03	rh_S_oc-temp_lat	stim	0.0977926037214302
03	rh_S_oc-temp_med_and_Lingual	prestim	0.0680102942529627
03	rh_S_oc-temp_med_and_Lingual	stim	0.161685204780245
03	rh_S_oc_middle_and_Lunatus	prestim	0.0720272141744229
03	rh_S_oc_middle_and_Lunatus	stim	0.0761976015948972
03	rh_S_oc_sup_and_transversal	prestim	0.0573128150032716
03	rh_S_oc_sup_and_transversal	stim	0.0685674250907926
03	rh_S_occipital_ant	prestim	0.0658643983415227
03	rh_S_occipital_ant	stim	0.161935214465327
03	rh_S_orbital-H_Shaped	prestim	0.0726129895000547
03	rh_S_orbital-H_Shaped	stim	0.170001543479892
03	rh_S_orbital_lateral	prestim	0.0653977035375427
03	rh_S_orbital_lateral	stim	0.0748874682300704
03	rh_S_orbital_med-olfact	prestim	0.0794039782152087
03	rh_S_orbital_med-olfact	stim	0.332997907483498
03	rh_S_parieto_occipital	prestim	0.0646277184530374
03	rh_S_parieto_occipital	stim	0.0899578194504762
03	rh_S_pericallosal	prestim	0.054078642786596
03	rh_S_pericallosal	stim	0.0726375912779993
03	rh_S_postcentral	prestim	0.0820434883267649
03	rh_S_postcentral	stim	0.153633982606427
03	rh_S_precentral-inf-part	prestim	0.0703205429731826
03	rh_S_precentral-inf-part	stim	0.291500251566499
03	rh_S_precentral-sup-part	prestim	0.065943794246183
03	rh_S_precentral-sup-part	stim	0.100646769635291
03	rh_S_subparietal	prestim	0.0709129656312229
03	rh_S_subparietal	stim	0.138077115356724
03	rh_S_temporal_inf	prestim	0.0567081425507421
03	rh_S_temporal_inf	stim	0.228732609743709
03	rh_S_temporal_sup	prestim	0.0442110175441419
03	rh_S_temporal_sup	stim	0.208108918339528
03	rh_S_temporal_transverse	prestim	0.073096903976797
03	rh_S_temporal_transverse	stim	0.407582973253603
04	lh_G_Ins_lg_and_S_cent_ins	prestim	0.08637102761826
04	lh_G_Ins_lg_and_S_cent_ins	stim	0.160460330025274
04	lh_G_and_S_cingul-Ant	prestim	0.0618728767214044
04	lh_G_and_S_cingul-Ant	stim	0.0677600284530361
04	lh_G_and_S_cingul-Mid-Ant	prestim	0.0792292454014742
04	lh_G_and_S_cingul-Mid-Ant	stim	0.11071878719985
04	lh_G_and_S_cingul-Mid-Post	prestim	0.0615081234724782
04	lh_G_and_S_cingul-Mid-Post	stim	0.117259378260507
04	lh_G_and_S_frontomargin	prestim	0.104280115067559
04	lh_G_and_S_frontomargin	stim	0.0718595581251048
04	lh_G_and_S_occipital_inf	prestim	0.0738953797781994
04	lh_G_and_S_occipital_inf	stim	0.0767630837198288
04	lh_G_and_S_paracentral	prestim	0.0638175048515491
04	lh_G_and_S_paracentral	stim	0.0778856318832505
04	lh_G_and_S_subcentral	prestim	0.0555928633714764
04	lh_G_and_S_subcentral	stim	0.135349792185538
04	lh_G_and_S_transv_frontopol	prestim	0.0861135568585947
04	lh_G_and_S_transv_frontopol	stim	0.0719649551935802
04	lh_G_cingul-Post-dorsal	prestim	0.0683327230171919
04	lh_G_cingul-Post-dorsal	stim	0.0901231499106762
04	lh_G_cingul-Post-ventral	prestim	0.0883136503873676
04	lh_G_cingul-Post-ventral	stim	0.115118313327232
04	lh_G_cuneus	prestim	0.0808074585568025
04	lh_G_cuneus	stim	0.0928641087384962
04	lh_G_front_inf-Opercular	prestim	0.0782835239137518
04	lh_G_front_inf-Opercular	stim	0.0729846564215824
04	lh_G_front_inf-Orbital	prestim	0.0714709728572318
04	lh_G_front_inf-Orbital	stim	0.0795816411736361
04	lh_G_front_inf-Triangul	prestim	0.0676944485067959
04	lh_G_front_inf-Triangul	stim	0.118142077077382
04	lh_G_front_middle	prestim	0.0697425667073613
04	lh_G_front_middle	stim	0.0781510035685408
04	lh_G_front_sup	prestim	0.0695718301213415
04	lh_G_front_sup	stim	0.110521613425464
04	lh_G_insular_short	prestim	0.0823353028368699
04	lh_G_insular_short	stim	0.118349171267073
04	lh_G_oc-temp_lat-fusifor	prestim	0.0648712813642686
04	lh_G_oc-temp_lat-fusifor	stim	0.0931336180727704
04	lh_G_oc-temp_med-Lingual	prestim	0.08966568635431
04	lh_G_oc-temp_med-Lingual	stim	0.108095120040781
04	lh_G_oc-temp_med-Parahip	prestim	0.0714259296261919
04	lh_G_oc-temp_med-Parahip	stim	0.0822384121964644
04	lh_G_occipital_middle	prestim	0.0708610654065206
04	lh_G_occipital_middle	stim	0.0659804486908998
04	lh_G_occipital_sup	prestim	0.0749029029405914
04	lh_G_occipital_sup	stim	0.0727290293192322
04	lh_G_orbital	prestim	0.0837178901203867
04	lh_G_orbital	stim	0.0936269351633038
04	lh_G_pariet_inf-Angular	prestim	0.0855223241022535
04	lh_G_pariet_inf-Angular	stim	0.082940129312194
04	lh_G_pariet_inf-Supramar	prestim	0.0678589966732979
04	lh_G_pariet_inf-Supramar	stim	0.110691536540929
04	lh_G_parietal_sup	prestim	0.0811144138626799
04	lh_G_parietal_sup	stim	0.0756418996916986
04	lh_G_postcentral	prestim	0.0778411371452661
04	lh_G_postcentral	stim	0.109153373487457
04	lh_G_precentral	prestim	0.0662750304115158
04	lh_G_precentral	stim	0.106016027643898
04	lh_G_precuneus	prestim	0.0612862529731182
04	lh_G_precuneus	stim	0.0799242267844096
04	lh_G_rectus	prestim	0.0863528908011559
04	lh_G_rectus	stim	0.0822978491996431
04	lh_G_subcallosal	prestim	0.0839835160384343
04	lh_G_subcallosal	stim	0.113484398495978
04	lh_G_temp_sup-G_T_transv	prestim	0.0720001371041907
04	lh_G_temp_sup-G_T_transv	stim	0.143851523471401
04	lh_G_temp_sup-Lateral	prestim	0.0761071995384448
04	lh_G_temp_sup-Lateral	stim	0.128402324669047
04	lh_G_temp_sup-Plan_polar	prestim	0.0828103906057141
04	lh_G_temp_sup-Plan_polar	stim	0.0791122985006272
04	lh_G_temp_sup-Plan_tempo	prestim	0.0739564087597451
04	lh_G_temp_sup-Plan_tempo	stim	0.120770063908742
04	lh_G_temporal_inf	prestim	0.0820773792618198
04	lh_G_temporal_inf	stim	0.0653383144203516
04	lh_G_temporal_middle	prestim	0.0444688221121553
04	lh_G_temporal_middle	stim	0.0914838278085011
04	lh_Lat_Fis-ant-Horizont	prestim	0.066434912206708
04	lh_Lat_Fis-ant-Horizont	stim	0.0767336646267112
04	lh_Lat_Fis-ant-Vertical	prestim	0.0692492376865319
04	lh_Lat_Fis-ant-Vertical	stim	0.152011712034703
04	lh_Lat_Fis-post	prestim	0.0554425459676491
04	lh_Lat_Fis-post	stim	0.138125536152929
04	lh_Pole_occipital	prestim	0.0787675072415942
04	lh_Pole_occipital	stim	0.0669935146004891
04	lh_Pole_temporal	prestim	0.0684076978631133
04	lh_Pole_temporal	stim	0.0838472310957299
04	lh_S_calcarine	prestim	0.0961558440152412
04	lh_S_calcarine	stim	0.0961960561894625
04	lh_S_central	prestim	0.0619766864018106
04	lh_S_central	stim	0.103617697098615
04	lh_S_cingul-Marginalis	prestim	0.0601922818303621
04	lh_S_cingul-Marginalis	stim	0.105345597414588
04	lh_S_circular_insula_ant	prestim	0.0907396292383961
04	lh_S_circular_insula_ant	stim	0.076071535354856
04	lh_S_circular_insula_inf	prestim	0.0691211842733856
04	lh_S_circular_insula_inf	stim	0.088372390294198
04	lh_S_circular_insula_sup	prestim	0.0549653283661286
04	lh_S_circular_insula_sup	stim	0.0853427493617068
04	lh_S_collat_transv_ant	prestim	0.0639375413710339
04	lh_S_collat_transv_ant	stim	0.0608938984079405
04	lh_S_collat_transv_post	prestim	0.0944528098422609
04	lh_S_collat_transv_post	stim	0.108126455076561
04	lh_S_front_inf	prestim	0.0736700374824209
04	lh_S_front_inf	stim	0.138608681259139
04	lh_S_front_middle	prestim	0.0935836554665776
04	lh_S_front_middle	stim	0.0746033165668242
04	lh_S_front_sup	prestim	0.0774718146506566
04	lh_S_front_sup	stim	0.0894659910620441
04	lh_S_interm_prim-Jensen	prestim	0.0756720345503273
04	lh_S_interm_prim-Jensen	stim	0.0996633485307316
04	lh_S_intrapariet_and_P_trans	prestim	0.0693359626305035
04	lh_S_intrapariet_and_P_trans	stim	0.080174905295555
04	lh_S_oc-temp_lat	prestim	0.0703887662496018
04	lh_S_oc-temp_lat	stim	0.0908425125956115
04	lh_S_oc-temp_med_and_Lingual	prestim	0.0857684560597513
04	lh_S_oc-temp_med_and_Lingual	stim	0.129020449019869
04	lh_S_oc_middle_and_Lunatus	prestim	0.0879710833010166
04	lh_S_oc_middle_and_Lunatus	stim	0.0896378394625931
04	lh_S_oc_sup_and_transversal	prestim	0.0671523361969216
04	lh_S_oc_sup_and_transversal	stim	0.0936881567510623
04	lh_S_occipital_ant	prestim	0.0680559353246774
04	lh_S_occipital_ant	stim	0.0875762308007847
04	lh_S_orbital-H_Shaped	prestim	0.0757185948966269
04	lh_S_orbital-H_Shaped	stim	0.0944407189742218
04	lh_S_orbital_lateral	prestim	0.0784814491364976
04	lh_S_orbital_lateral	stim	0.0701506269131302
04	lh_S_orbital_med-olfact	prestim	0.0583963354428209
04	lh_S_orbital_med-olfact	stim	0.108792063149375
04	lh_S_parieto_occipital	prestim	0.0608810444513581
04	lh_S_parieto_occipital	stim	0.0781569088749926
04	lh_S_pericallosal	prestim	0.0689282870866704
04	lh_S_pericallosal	stim	0.0770089906962754
04	lh_S_postcentral	prestim	0.0855587679980392
04	lh_S_postcentral	stim	0.105689606384159
04	lh_S_precentral-inf-part	prestim	0.0676879552735261
04	lh_S_precentral-inf-part	stim	0.126123750184994
04	lh_S_precentral-sup-part	prestim	0.0855750084944966
04	lh_S_precentral-sup-part	stim	0.101272060355244
04	lh_S_suborbital	prestim	0.0729826461855462
04	lh_S_suborbital	stim	0.0758823307127287
04	lh_S_subparietal	prestim	0.0687868492068306
04	lh_S_subparietal	stim	0.112224360771907
04	lh_S_temporal_inf	prestim	0.0917406130428641
04	lh_S_temporal_inf	stim	0.0810016617046092
04	lh_S_temporal_sup	prestim	0.060395511746267
04	lh_S_temporal_sup	stim	0.0723581337217426
04	lh_S_temporal_transverse	prestim	0.0775832993737525
04	lh_S_temporal_transverse	stim	0.110750480094523
04	rh_G_Ins_lg_and_S_cent_ins	prestim	0.0652568385233672
04	rh_G_Ins_lg_and_S_cent_ins	stim	0.0867473896843893
04	rh_G_and_S_cingul-Ant	prestim	0.0792124418869451
04	rh_G_and_S_cingul-Ant	stim	0.0811906248524902
04	rh_G_and_S_cingul-Mid-Ant	prestim	0.0738122138771713
04	rh_G_and_S_cingul-Mid-Ant	stim	0.0658745000672411
04	rh_G_and_S_cingul-Mid-Post	prestim	0.0780606924517007
04	rh_G_and_S_cingul-Mid-Post	stim	0.0926434621713589
04	rh_G_and_S_frontomargin	prestim	0.0726242514577417
04	rh_G_and_S_frontomargin	stim	0.0682463317631964
04	rh_G_and_S_occipital_inf	prestim	0.0748350355769841
04	rh_G_and_S_occipital_inf	stim	0.0886767007709854
04	rh_G_and_S_paracentral	prestim	0.0774942508642849
04	rh_G_and_S_paracentral	stim	0.0653658247043813
04	rh_G_and_S_subcentral	prestim	0.0731090376543779
04	rh_G_and_S_subcentral	stim	0.182739611587965
04	rh_G_and_S_transv_frontopol	prestim	0.0773304376207
04	rh_G_and_S_transv_frontopol	stim	0.0720629364862553
04	rh_G_cingul-Post-dorsal	prestim	0.0670819124593242
04	rh_G_cingul-Post-dorsal	stim	0.0771358914495307
04	rh_G_cingul-Post-ventral	prestim	0.0812531734052821
04	rh_G_cingul-Post-ventral	stim	0.0939619118305801
04	rh_G_cuneus	prestim	0.0675855182254116
04	rh_G_cuneus	stim	0.098838418586128
04	rh_G_front_inf-Opercular	prestim	0.0749987028626714
04	rh_G_front_inf-Opercular	stim	0.116210121669174
04	rh_G_front_inf-Orbital	prestim	0.0829989241591647
04	rh_G_front_inf-Orbital	stim	0.110089800490777
04	rh_G_front_inf-Triangul	prestim	0.0712099232368464
04	rh_G_front_inf-Triangul	stim	0.0920921770192008
04	rh_G_front_middle	prestim	0.0811763609767088
04	rh_G_front_middle	stim	0.0780294045396716
04	rh_G_front_sup	prestim	0.0641180285198269
04	rh_G_front_sup	stim	0.086057810416343
04	rh_G_insular_short	prestim	0.0714315876473612
04	rh_G_insular_short	stim	0.0682653742863776
04	rh_G_oc-temp_lat-fusifor	prestim	0.0888229503422468
04	rh_G_oc-temp_lat-fusifor	stim	0.109609295193425
04	rh_G_oc-temp_med-Lingual	prestim	0.0713629458264446
04	rh_G_oc-temp_med-Lingual	stim	0.075295663594835
04	rh_G_oc-temp_med-Parahip	prestim	0.0844244229023427
04	rh_G_oc-temp_med-Parahip	stim	0.096934982411581
04	rh_G_occipital_middle	prestim	0.0788994813303744
04	rh_G_occipital_middle	stim	0.0711298451574125
04	rh_G_occipital_sup	prestim	0.0610378715431262
04	rh_G_occipital_sup	stim	0.0771643164418627
04	rh_G_orbital	prestim	0.0844010866647066
04	rh_G_orbital	stim	0.132993200415242
04	rh_G_pariet_inf-Angular	prestim	0.0869435856857014
04	rh_G_pariet_inf-Angular	stim	0.158043827349247
04	rh_G_pariet_inf-Supramar	prestim	0.0712498071114703
04	rh_G_pariet_inf-Supramar	stim	0.251869417703151
04	rh_G_parietal_sup	prestim	0.0734653894607649
04	rh_G_parietal_sup	stim	0.0745828509771356
04	rh_G_postcentral	prestim	0.0854140438872885
04	rh_G_postcentral	stim	0.213772569737635
04	rh_G_precentral	prestim	0.0593497376801661
04	rh_G_precentral	stim	0.138081015921934
04	rh_G_precuneus	prestim	0.0679350645832604
04	rh_G_precuneus	stim	0.0909543708077857
04	rh_G_rectus	prestim	0.099375368943522
04	rh_G_rectus	stim	0.118684594477372
04	rh_G_subcallosal	prestim	0.0709003867457893
04	rh_G_subcallosal	stim	0.0973195726976513
04	rh_G_temp_sup-G_T_transv	prestim	0.0579054025939503
04	rh_G_temp_sup-G_T_transv	stim	0.250530559148676
04	rh_G_temp_sup-Lateral	prestim	0.0707463488378271
04	rh_G_temp_sup-Lateral	stim	0.156841627970282
04	rh_G_temp_sup-Plan_polar	prestim	0.0992259214837372
04	rh_G_temp_sup-Plan_polar	stim	0.129392111335831
04	rh_G_temp_sup-Plan_tempo	prestim	0.0821805897041452
04	rh_G_temp_sup-Plan_tempo	stim	0.248000292135933
04	rh_G_temporal_inf	prestim	0.10252018570276
04	rh_G_temporal_inf	stim	0.124660317649426
04	rh_G_temporal_middle	prestim	0.0567917302215187
04	rh_G_temporal_middle	stim	0.107353228382102
04	rh_Lat_Fis-ant-Horizont	prestim	0.0844548504091131
04	rh_Lat_Fis-ant-Horizont	stim	0.0730376002589624
04	rh_Lat_Fis-ant-Vertical	prestim	0.0481463006626422
04	rh_Lat_Fis-ant-Vertical	stim	0.176408195771051
04	rh_Lat_Fis-post	prestim	0.057009120689018
04	rh_Lat_Fis-post	stim	0.133065535705358
04	rh_Pole_occipital	prestim	0.0743768599288475
04	rh_Pole_occipital	stim	0.0695172125089506
04	rh_Pole_temporal	prestim	0.0966296595267656
04	rh_Pole_temporal	stim	0.071738689516784
04	rh_S_calcarine	prestim	0.0890459571592805
04	rh_S_calcarine	stim	0.0981286221352096
04	rh_S_central	prestim	0.101284353741147
04	rh_S_central	stim	0.127037434609256
04	rh_S_cingul-Marginalis	prestim	0.0774848339834953
04	rh_S_cingul-Marginalis	stim	0.0748954013376771
04	rh_S_circular_insula_ant	prestim	0.0922768120269544
04	rh_S_circular_insula_ant	stim	0.139911885589602
04	rh_S_circular_insula_inf	prestim	0.0942831453851129
04	rh_S_circular_insula_inf	stim	0.0895624797601565
04	rh_S_circular_insula_sup	prestim	0.0730585195695319
04	rh_S_circular_insula_sup	stim	0.0939195444900394
04	rh_S_collat_transv_ant	prestim	0.0955054082662906
04	rh_S_collat_transv_ant	stim	0.0876709016751921
04	rh_S_collat_transv_post	prestim	0.0693735778310517
04	rh_S_collat_transv_post	stim	0.0744148513506438
04	rh_S_front_inf	prestim	0.081118665845334
04	rh_S_front_inf	stim	0.209665410374504
04	rh_S_front_middle	prestim	0.0792386806824813
04	rh_S_front_middle	stim	0.0997858010630538
04	rh_S_front_sup	prestim	0.073385963225955
04	rh_S_front_sup	stim	0.0637899166941174
04	rh_S_interm_prim-Jensen	prestim	0.0644146164417249
04	rh_S_interm_prim-Jensen	stim	0.0894906740712677
04	rh_S_intrapariet_and_P_trans	prestim	0.0707710761323835
04	rh_S_intrapariet_and_P_trans	stim	0.0772024462143565
04	rh_S_oc-temp_lat	prestim	0.103771964493282
04	rh_S_oc-temp_lat	stim	0.139372602823663
04	rh_S_oc-temp_med_and_Lingual	prestim	0.102687509425798
04	rh_S_oc-temp_med_and_Lingual	stim	0.0997456100861702
04	rh_S_oc_middle_and_Lunatus	prestim	0.0641634014129984
04	rh_S_oc_middle_and_Lunatus	stim	0.0745967072000287
04	rh_S_oc_sup_and_transversal	prestim	0.0682530989183387
04	rh_S_oc_sup_and_transversal	stim	0.0911150982588876
04	rh_S_occipital_ant	prestim	0.0815633119436303
04	rh_S_occipital_ant	stim	0.0747662827598543
04	rh_S_orbital-H_Shaped	prestim	0.0634931669089918
04	rh_S_orbital-H_Shaped	stim	0.119039396180486
04	rh_S_orbital_lateral	prestim	0.0880188888762281
04	rh_S_orbital_lateral	stim	0.0768821295940012
04	rh_S_orbital_med-olfact	prestim	0.0767465858365518
04	rh_S_orbital_med-olfact	stim	0.116737745310799
04	rh_S_parieto_occipital	prestim	0.0834986597239685
04	rh_S_parieto_occipital	stim	0.122718144953971
04	rh_S_pericallosal	prestim	0.0782178898300047
04	rh_S_pericallosal	stim	0.0760135515765014
04	rh_S_postcentral	prestim	0.0979839092040082
04	rh_S_postcentral	stim	0.0912434429663626
04	rh_S_precentral-inf-part	prestim	0.0953919665008119
04	rh_S_precentral-inf-part	stim	0.158796601293688
04	rh_S_precentral-sup-part	prestim	0.103794630692303
04	rh_S_precentral-sup-part	stim	0.0647692260953913
04	rh_S_suborbital	prestim	0.0872445679245242
04	rh_S_suborbital	stim	0.0760208680849589
04	rh_S_subparietal	prestim	0.0660663505972951
04	rh_S_subparietal	stim	0.0979801831609083
04	rh_S_temporal_inf	prestim	0.0602538540756817
04	rh_S_temporal_inf	stim	0.0963285863819451
04	rh_S_temporal_sup	prestim	0.0839038345932497
04	rh_S_temporal_sup	stim	0.101253321610868
04	rh_S_temporal_transverse	prestim	0.0673460822588114
04	rh_S_temporal_transverse	stim	0.274533689520423
05	lh_G_Ins_lg_and_S_cent_ins	prestim	0.0762066891992075
05	lh_G_Ins_lg_and_S_cent_ins	stim	0.151423741770076
05	lh_G_and_S_cingul-Ant	prestim	0.0636918198905798
05	lh_G_and_S_cingul-Ant	stim	0.090684632411329
05	lh_G_and_S_cingul-Mid-Ant	prestim	0.0658986333626337
05	lh_G_and_S_cingul-Mid-Ant	stim	0.0871628720695571
05	lh_G_and_S_cingul-Mid-Post	prestim	0.0708785341012264
05	lh_G_and_S_cingul-Mid-Post	stim	0.0706464943223632
05	lh_G_and_S_frontomargin	prestim	0.0512546872013418
05	lh_G_and_S_frontomargin	stim	0.080327243127316
05	lh_G_and_S_occipital_inf	prestim	0.098252589396509
05	lh_G_and_S_occipital_inf	stim	0.0800167073672614
05	lh_G_and_S_paracentral	prestim	0.0677673963202889
05	lh_G_and_S_paracentral	stim	0.0925428644015008
05	lh_G_and_S_subcentral	prestim	0.0668974624594963
05	lh_G_and_S_subcentral	stim	0.177174431376639
05	lh_G_and_S_transv_frontopol	prestim	0.0881792194641403
05	lh_G_and_S_transv_frontopol	stim	0.0829384712418607
05	lh_G_cingul-Post-dorsal	prestim	0.0631116090332481
05	lh_G_cingul-Post-dorsal	stim	0.112113187645553
05	lh_G_cingul-Post-ventral	prestim	0.069981025705233
05	lh_G_cingul-Post-ventral	stim	0.124658696427208
05	lh_G_cuneus	prestim	0.0857998944024386
05	lh_G_cuneus	stim	0.101061668958001
05	lh_G_front_inf-Opercular	prestim	0.0700128394481934
05	lh_G_front_inf-Opercular	stim	0.103876878943443
05	lh_G_front_inf-Orbital	prestim	0.0740958186256399
05	lh_G_front_inf-Orbital	stim	0.141353087489778
05	lh_G_front_inf-Triangul	prestim	0.0824987083994842
05	lh_G_front_inf-Triangul	stim	0.0797168441015915
05	lh_G_front_middle	prestim	0.0755540023667774
05	lh_G_front_middle	stim	0.10162071516151
05	lh_G_front_sup	prestim	0.0733821051854597
05	lh_G_front_sup	stim	0.109009243902773
05	lh_G_insular_short	prestim	0.0754338005579777
05	lh_G_insular_short	stim	0.121129946164197
05	lh_G_oc-temp_lat-fusifor	prestim	0.0674523588045339
05	lh_G_oc-temp_lat-fusifor	stim	0.0712067657255789
05	lh_G_oc-temp_med-Lingual	prestim	0.0786568017014588
05	lh_G_oc-temp_med-Lingual	stim	0.0707130495393097
05	lh_G_oc-temp_med-Parahip	prestim	0.0576228225799436
05	lh_G_oc-temp_med-Parahip	stim	0.132281041857328
05	lh_G_occipital_middle	prestim	0.0702852015764335
05	lh_G_occipital_middle	stim	0.10132105654387
05	lh_G_occipital_sup	prestim	0.0665506239221905
05	lh_G_occipital_sup	stim	0.118202603442388
05	lh_G_orbital	prestim	0.0593554976288737
05	lh_G_orbital	stim	0.19560486076453
05	lh_G_pariet_inf-Angular	prestim	0.0832337097348599
05	lh_G_pariet_inf-Angular	stim	0.0660749492705026
05	lh_G_pariet_inf-Supramar	prestim	0.0592527408185701
05	lh_G_pariet_inf-Supramar	stim	0.228354492479025
05	lh_G_parietal_sup	prestim	0.0770044785167793
05	lh_G_parietal_sup	stim	0.127183943676894
05	lh_G_postcentral	prestim	0.0664945025793331
05	lh_G_postcentral	stim	0.133619668921422
05	lh_G_precentral	prestim	0.0682905035480299
05	lh_G_precentral	stim	0.0991228936684338
05	lh_G_precuneus	prestim	0.0869162216910313
05	lh_G_precuneus	stim	0.128042040880957
05	lh_G_rectus	prestim	0.0531592491779892
05	lh_G_rectus	stim	0.126511804369306
05	lh_G_subcallosal	prestim	0.0847985444397434
05	lh_G_subcallosal	stim	0.0956893462541632
05	lh_G_temp_sup-G_T_transv	prestim	0.0766140676349361
05	lh_G_temp_sup-G_T_transv	stim	0.353900724623777
05	lh_G_temp_sup-Lateral	prestim	0.0795494237153417
05	lh_G_temp_sup-Lateral	stim	0.246947878157228
05	lh_G_temp_sup-Plan_polar	prestim	0.0729382994514367
05	lh_G_temp_sup-Plan_polar	stim	0.142664448526908
05	lh_G_temp_sup-Plan_tempo	prestim	0.0577597557467622
05	lh_G_temp_sup-Plan_tempo	stim	0.257081667117423
05	lh_G_temporal_inf	prestim	0.08058189457572
05	lh_G_temporal_inf	stim	0.156930706813001
05	lh_G_temporal_middle	prestim	0.0753351479964316
05	lh_G_temporal_middle	stim	0.121291789558431
05	lh_Lat_Fis-ant-Horizont	prestim	0.0560732840701525
05	lh_Lat_Fis-ant-Horizont	stim	0.114914032482464
05	lh_Lat_Fis-ant-Vertical	prestim	0.0575233309517039
05	lh_Lat_Fis-ant-Vertical	stim	0.113546987057909
05	lh_Lat_Fis-post	prestim	0.0966951302550068
05	lh_Lat_Fis-post	stim	0.109155640037759
05	lh_Pole_occipital	prestim	0.077401143705433
05	lh_Pole_occipital	stim	0.0540238793452954
05	lh_Pole_temporal	prestim	0.092208646415507
05	lh_Pole_temporal	stim	0.0892234772478225
05	lh_S_calcarine	prestim	0.0618136532870664
05	lh_S_calcarine	stim	0.0889791631455683
05	lh_S_central	prestim	0.0876500577647569
05	lh_S_central	stim	0.119390828747066
05	lh_S_cingul-Marginalis	prestim	0.0751400102055332
05	lh_S_cingul-Marginalis	stim	0.11216911394679
05	lh_S_circular_insula_ant	prestim	0.076336318394798
05	lh_S_circular_insula_ant	stim	0.0936135517649036
05	lh_S_circular_insula_inf	prestim	0.0612596552574633
05	lh_S_circular_insula_inf	stim	0.0940773818928287
05	lh_S_circular_insula_sup	prestim	0.0662149073125032
05	lh_S_circular_insula_sup	stim	0.0946817856116308
05	lh_S_collat_transv_ant	prestim	0.0877747934249028
05	lh_S_collat_transv_ant	stim	0.114660276323276
05	lh_S_collat_transv_post	prestim	0.0682598138760006
05	lh_S_collat_transv_post	stim	0.0633329586703902
05	lh_S_front_inf	prestim	0.0778976674101799
05	lh_S_front_inf	stim	0.0618139902733757
05	lh_S_front_middle	prestim	0.0821818473458208
05	lh_S_front_middle	stim	0.105246507444295
05	lh_S_front_sup	prestim	0.0764708790507384
05	lh_S_front_sup	stim	0.0851635307281887
05	lh_S_interm_prim-Jensen	prestim	0.0845372684241379
05	lh_S_interm_prim-Jensen	stim	0.126077637209976
05	lh_S_intrapariet_and_P_trans	prestim	0.0747450431345566
05	lh_S_intrapariet_and_P_trans	stim	0.134883677304594
05	lh_S_oc-temp_lat	prestim	0.0799221811514029
05	lh_S_oc-temp_lat	stim	0.156512928960763
05	lh_S_oc-temp_med_and_Lingual	prestim	0.0773938989629464
05	lh_S_oc-temp_med_and_Lingual	stim	0.144952744340359
05	lh_S_oc_middle_and_Lunatus	prestim	0.0763214807925501
05	lh_S_oc_middle_and_Lunatus	stim	0.11657624437494
05	lh_S_oc_sup_and_transversal	prestim	0.0537105124463172
05	lh_S_oc_sup_and_transversal	stim	0.139630777137669
05	lh_S_occipital_ant	prestim	0.0683112887465325
05	lh_S_occipital_ant	stim	0.0991911228521908
05	lh_S_orbital-H_Shaped	prestim	0.0641601390002886
05	lh_S_orbital-H_Shaped	stim	0.197050412780457
05	lh_S_orbital_lateral	prestim	0.0855284938220431
05	lh_S_orbital_lateral	stim	0.0690505033149575
05	lh_S_orbital_med-olfact	prestim	0.0619031145962683
05	lh_S_orbital_med-olfact	stim	0.269192988181269
05	lh_S_parieto_occipital	prestim	0.109953586189068
05	lh_S_parieto_occipital	stim	0.0869299621493588
05	lh_S_pericallosal	prestim	0.101018173850465
05	lh_S_pericallosal	stim	0.107826054825056
05	lh_S_postcentral	prestim	0.0831563626666071
05	lh_S_postcentral	stim	0.0776839811734576
05	lh_S_precentral-inf-part	prestim	0.0863322071616607
05	lh_S_precentral-inf-part	stim	0.160418274779527
05	lh_S_precentral-sup-part	prestim	0.0765424437367346
05	lh_S_precentral-sup-part	stim	0.0860661175696504
05	lh_S_suborbital	prestim	0.0714927845400311
05	lh_S_suborbital	stim	0.141184165631198
05	lh_S_subparietal	prestim	0.0725899467321125
05	lh_S_subparietal	stim	0.137452117062609
05	lh_S_temporal_inf	prestim	0.0693877955890625
05	lh_S_temporal_inf	stim	0.0842618266063038
05	lh_S_temporal_sup	prestim	0.0889439935620192
05	lh_S_temporal_sup	stim	0.127498128680423
05	lh_S_temporal_transverse	prestim	0.0713309805593104
05	lh_S_temporal_transverse	stim	0.349125926856648
05	rh_G_Ins_lg_and_S_cent_ins	prestim	0.0833444826828492
05	rh_G_Ins_lg_and_S_cent_ins	stim	0.169953136244195
05	rh_G_and_S_cingul-Ant	prestim	0.067627069111248
05	rh_G_and_S_cingul-Ant	stim	0.164705105526704
05	rh_G_and_S_cingul-Mid-Ant	prestim	0.0820698952807619
05	rh_G_and_S_cingul-Mid-Ant	stim	0.139470612951977
05	rh_G_and_S_cingul-Mid-Post	prestim	0.0695680260349153
05	rh_G_and_S_cingul-Mid-Post	stim	0.179377182124883
05	rh_G_and_S_frontomargin	prestim	0.0603766721761772
05	rh_G_and_S_frontomargin	stim	0.101774193470785
05	rh_G_and_S_occipital_inf	prestim	0.102130733112701
05	rh_G_and_S_occipital_inf	stim	0.0820578189144536
05	rh_G_and_S_paracentral	prestim	0.0526249016095363
05	rh_G_and_S_paracentral	stim	0.114094528618858
05	rh_G_and_S_subcentral	prestim	0.0690582206405359
05	rh_G_and_S_subcentral	stim	0.384905745932488
05	rh_G_and_S_transv_frontopol	prestim	0.0745558115577722
05	rh_G_and_S_transv_frontopol	stim	0.102664259455435
05	rh_G_cingul-Post-dorsal	prestim	0.0608047392595873
05	rh_G_cingul-Post-dorsal	stim	0.134124555927847
05	rh_G_cingul-Post-ventral	prestim	0.0836299544620936
05	rh_G_cingul-Post-ventral	stim	0.183907134754495
05	rh_G_cuneus	prestim	0.0711263628456844
05	rh_G_cuneus	stim	0.113977871568302
05	rh_G_front_inf-Opercular	prestim	0.0751886395830926
05	rh_G_front_inf-Opercular	stim	0.128568439208562
05	rh_G_front_inf-Orbital	prestim	0.0862243110817516
05	rh_G_front_inf-Orbital	stim	0.100378891166903
05	rh_G_front_inf-Triangul	prestim	0.0852727045301869
05	rh_G_front_inf-Triangul	stim	0.108776069571801
05	rh_G_front_middle	prestim	0.0699531126256312
05	rh_G_front_middle	stim	0.103929806185045
05	rh_G_front_sup	prestim	0.0680253922174178
05	rh_G_front_sup	stim	0.122473049802715
05	rh_G_insular_short	prestim	0.0792321862588364
05	rh_G_insular_short	stim	0.0882563688520486
05	rh_G_oc-temp_lat-fusifor	prestim	0.0561250461522862
05	rh_G_oc-temp_lat-fusifor	stim	0.263773037607389
05	rh_G_oc-temp_med-Lingual	prestim	0.0953360154555838
05	rh_G_oc-temp_med-Lingual	stim	0.0762657822769219
05	rh_G_oc-temp_med-Parahip	prestim	0.091312431108711
05	rh_G_oc-temp_med-Parahip	stim	0.151091057910697
05	rh_G_occipital_middle	prestim	0.0563423471601618
05	rh_G_occipital_middle	stim	0.0988215478264087
05	rh_G_occipital_sup	prestim	0.0824218644699521
05	rh_G_occipital_sup	stim	0.0835564596775767
05	rh_G_orbital	prestim	0.0571321644146844
05	rh_G_orbital	stim	0.219068114241871
05	rh_G_pariet_inf-Angular	prestim	0.0837702079954904
05	rh_G_pariet_inf-Angular	stim	0.357152443652021
05	rh_G_pariet_inf-Supramar	prestim	0.0645746158942576
05	rh_G_pariet_inf-Supramar	stim	0.313278716462735
05	rh_G_parietal_sup	prestim	0.0785445929583714
05	rh_G_parietal_sup	stim	0.0717461127189098
05	rh_G_postcentral	prestim	0.0767220083415831
05	rh_G_postcentral	stim	0.278162180036698
05	rh_G_precentral	prestim	0.0574165992550787
05	rh_G_precentral	stim	0.245657152086835
05	rh_G_precuneus	prestim	0.0695144328755022
05	rh_G_precuneus	stim	0.124919030406339
05	rh_G_rectus	prestim	0.090867853124186
05	rh_G_rectus	stim	0.20995915882337
05	rh_G_subcallosal	prestim	0.0613409352511233
05	rh_G_subcallosal	stim	0.136771013491005
05	rh_G_temp_sup-G_T_transv	prestim	0.0489447003574827
05	rh_G_temp_sup-G_T_transv	stim	0.494921292350077
05	rh_G_temp_sup-Lateral	prestim	0.0788771932209513
05	rh_G_temp_sup-Lateral	stim	0.260965338545437
05	rh_G_temp_sup-Plan_polar	prestim	0.106031754907354
05	rh_G_temp_sup-Plan_polar	stim	0.175897797593384
05	rh_G_temp_sup-Plan_tempo	prestim	0.0836965470028901
05	rh_G_temp_sup-Plan_tempo	stim	0.502925806017645
05	rh_G_temporal_inf	prestim	0.109772611340116
05	rh_G_temporal_inf	stim	0.202007918478084
05	rh_G_temporal_middle	prestim	0.10417199968812
05	rh_G_temporal_middle	stim	0.196767556857631
05	rh_Lat_Fis-ant-Horizont	prestim	0.0887140049760773
05	rh_Lat_Fis-ant-Horizont	stim	0.0891167113406734
05	rh_Lat_Fis-ant-Vertical	prestim	0.0856029478049017
05	rh_Lat_Fis-ant-Vertical	stim	0.221675840897439
05	rh_Lat_Fis-post	prestim	0.08261361297282
05	rh_Lat_Fis-post	stim	0.302401698861947
05	rh_Pole_occipital	prestim	0.0716398132612778
05	rh_Pole_occipital	stim	0.0766917475428773
05	rh_Pole_temporal	prestim	0.0603522402037332
05	rh_Pole_temporal	stim	0.091006612176036
05	rh_S_calcarine	prestim	0.0611037838261279
05	rh_S_calcarine	stim	0.131383434465485
05	rh_S_central	prestim	0.0688010485008012
05	rh_S_central	stim	0.143415870993861
05	rh_S_cingul-Marginalis	prestim	0.0585091606999564
05	rh_S_cingul-Marginalis	stim	0.154314955708954
05	rh_S_circular_insula_ant	prestim	0.053605445336106
05	rh_S_circular_insula_ant	stim	0.115514939383725
05	rh_S_circular_insula_inf	prestim	0.0683192531849302
05	rh_S_circular_insula_inf	stim	0.208530924105758
05	rh_S_circular_insula_sup	prestim	0.0803211938146388
05	rh_S_circular_insula_sup	stim	0.228245193701038
05	rh_S_collat_transv_ant	prestim	0.0899891154672557
05	rh_S_collat_transv_ant	stim	0.253380161484006
05	rh_S_collat_transv_post	prestim	0.0928632707245342
05	rh_S_collat_transv_post	stim	0.101178710854428
05	rh_S_front_inf	prestim	0.0777436822255696
05	rh_S_front_inf	stim	0.212655358167032
05	rh_S_front_middle	prestim	0.0879211886392156
05	rh_S_front_middle	stim	0.112398935376406
05	rh_S_front_sup	prestim	0.0703728977958645
05	rh_S_front_sup	stim	0.0846821731940114
05	rh_S_interm_prim-Jensen	prestim	0.0859652867358575
05	rh_S_interm_prim-Jensen	stim	0.184368712861937
05	rh_S_intrapariet_and_P_trans	prestim	0.0646685614841411
05	rh_S_intrapariet_and_P_trans	stim	0.153851463595412
05	rh_S_oc-temp_lat	prestim	0.0743331331351441
05	rh_S_oc-temp_lat	stim	0.245763627119385
05	rh_S_oc-temp_med_and_Lingual	prestim	0.0557588413048499
05	rh_S_oc-temp_med_and_Lingual	stim	0.292880356737104
05	rh_S_oc_middle_and_Lunatus	prestim	0.0679787448713478
05	rh_S_oc_middle_and_Lunatus	stim	0.0654004984035375
05	rh_S_oc_sup_and_transversal	prestim	0.0624402399571851
05	rh_S_oc_sup_and_transversal	stim	0.177176746495929
05	rh_S_occipital_ant	prestim	0.0989680621717964
05	rh_S_occipital_ant	stim	0.134153317677308
05	rh_S_orbital-H_Shaped	prestim	0.0685783314884511
05	rh_S_orbital-H_Shaped	stim	0.193820489969421
05	rh_S_orbital_lateral	prestim	0.0730904099117314
05	rh_S_orbital_lateral	stim	0.0992719270917196
05	rh_S_orbital_med-olfact	prestim	0.0696104153263429
05	rh_S_orbital_med-olfact	stim	0.270593238884458
05	rh_S_parieto_occipital	prestim	0.0885767822554738
05	rh_S_parieto_occipital	stim	0.096518400236935
05	rh_S_pericallosal	prestim	0.0875974791527029
05	rh_S_pericallosal	stim	0.160465282995391
05	rh_S_postcentral	prestim	0.0623207270328918
05	rh_S_postcentral	stim	0.293306078616483
05	rh_S_precentral-inf-part	prestim	0.0854223620736369
05	rh_S_precentral-inf-part	stim	0.309655337941426
05	rh_S_precentral-sup-part	prestim	0.0674319256232207
05	rh_S_precentral-sup-part	stim	0.18662134761457
05	rh_S_suborbital	prestim	0.0599274271233217
05	rh_S_suborbital	stim	0.111722129890517
05	rh_S_subparietal	prestim	0.0731099392165349
05	rh_S_subparietal	stim	0.125428224978021
05	rh_S_temporal_inf	prestim	0.0980130871463518
05	rh_S_temporal_inf	stim	0.275665110672812
05	rh_S_temporal_sup	prestim	0.067908745287808
05	rh_S_temporal_sup	stim	0.198470065478712
05	rh_S_temporal_transverse	prestim	0.0604630633860481
05	rh_S_temporal_transverse	stim	0.522913507772188
06	lh_G_Ins_lg_and_S_cent_ins	prestim	0.0766260280921514
06	lh_G_Ins_lg_and_S_cent_ins	stim	0.0968475100468454
06	lh_G_and_S_cingul-Ant	prestim	0.0760171912363517
06	lh_G_and_S_cingul-Ant	stim	0.0994285899123701
06	lh_G_and_S_cingul-Mid-Ant	prestim	0.0652419026593005
06	lh_G_and_S_cingul-Mid-Ant	stim	0.103812229054852
06	lh_G_and_S_cingul-Mid-Post	prestim	0.0754368886609428
06	lh_G_and_S_cingul-Mid-Post	stim	0.263511239904014
06	lh_G_and_S_frontomargin	prestim	0.0566761498096861
06	lh_G_and_S_frontomargin	stim	0.0962805345277878
06	lh_G_and_S_occipital_inf	prestim	0.0670350950726886
06	lh_G_and_S_occipital_inf	stim	0.0592994298447835
06	lh_G_and_S_paracentral	prestim	0.0876817321890783
06	lh_G_and_S_paracentral	stim	0.119066385085998
06	lh_G_and_S_subcentral	prestim	0.0894846899905077
06	lh_G_and_S_subcentral	stim	0.500226508910286
06	lh_G_and_S_transv_frontopol	prestim	0.069493421190492
06	lh_G_and_S_transv_frontopol	stim	0.0998789977942624
06	lh_G_cingul-Post-dorsal	prestim	0.0573347549185811
06	lh_G_cingul-Post-dorsal	stim	0.187088843724743
06	lh_G_cingul-Post-ventral	prestim	0.0635417083690408
06	lh_G_cingul-Post-ventral	stim	0.169769852165296
06	lh_G_cuneus	prestim	0.0731330963721367
06	lh_G_cuneus	stim	0.0835220792439234
06	lh_G_front_inf-Opercular	prestim	0.0730449346925979
06	lh_G_front_inf-Opercular	stim	0.21976064527326
06	lh_G_front_inf-Orbital	prestim	0.0838605171452187
06	lh_G_front_inf-Orbital	stim	0.152206376563411
06	lh_G_front_inf-Triangul	prestim	0.0772542271657675
06	lh_G_front_inf-Triangul	stim	0.183782242931987
06	lh_G_front_middle	prestim	0.0740006590608549
06	lh_G_front_middle	stim	0.0955212626930344
06	lh_G_front_sup	prestim	0.100199019911895
06	lh_G_front_sup	stim	0.139825473793481
06	lh_G_insular_short	prestim	0.0835823623477099
06	lh_G_insular_short	stim	0.143990333983028
06	lh_G_oc-temp_lat-fusifor	prestim	0.0722002397275929
06	lh_G_oc-temp_lat-fusifor	stim	0.117526915780103
06	lh_G_oc-temp_med-Lingual	prestim	0.0695097146878942
06	lh_G_oc-temp_med-Lingual	stim	0.0772772222126801
06	lh_G_oc-temp_med-Parahip	prestim	0.0618589139450994
06	lh_G_oc-temp_med-Parahip	stim	0.136956520448839
06	lh_G_occipital_middle	prestim	0.0815827002650267
06	lh_G_occipital_middle	stim	0.0857033826789691
06	lh_G_occipital_sup	prestim	0.0972192152918187
06	lh_G_occipital_sup	stim	0.081224008414215
06	lh_G_orbital	prestim	0.0743009252411746
06	lh_G_orbital	stim	0.289397657194902
06	lh_G_pariet_inf-Angular	prestim	0.0819916757365415
06	lh_G_pariet_inf-Angular	stim	0.145086218119452
06	lh_G_pariet_inf-Supramar	prestim	0.0837223493514387
06	lh_G_pariet_inf-Supramar	stim	0.359324166373494
06	lh_G_parietal_sup	prestim	0.0661827223252217
06	lh_G_parietal_sup	stim	0.116030553917684
06	lh_G_postcentral	prestim	0.079814588146328
06	lh_G_postcentral	stim	0.325412948015134
06	lh_G_precentral	prestim	0.0659423553312607
06	lh_G_precentral	stim	0.234503678326219
06	lh_G_precuneus	prestim	0.0595178627072095
06	lh_G_precuneus	stim	0.0710500387701503
06	lh_G_rectus	prestim	0.0997231857499487
06	lh_G_rectus	stim	0.0869061231593428
06	lh_G_subcallosal	prestim	0.0750249930315269
06	lh_G_subcallosal	stim	0.17484631613165
06	lh_G_temp_sup-G_T_transv	prestim	0.0669211754663278
06	lh_G_temp_sup-G_T_transv	stim	0.540892097119889
06	lh_G_temp_sup-Lateral	prestim	0.0822669285327651
06	lh_G_temp_sup-Lateral	stim	0.188416039459935
06	lh_G_temp_sup-Plan_polar	prestim	0.067876852277883
06	lh_G_temp_sup-Plan_polar	stim	0.31097024748762
06	lh_G_temp_sup-Plan_tempo	prestim	0.065834428152899
06	lh_G_temp_sup-Plan_tempo	stim	0.380251681077797
06	lh_G_temporal_inf	prestim	0.0593485084940769
06	lh_G_temporal_inf	stim	0.171822095669295
06	lh_G_temporal_middle	prestim	0.0814636700247767
06	lh_G_temporal_middle	stim	0.287319437165841
06	lh_Lat_Fis-ant-Horizont	prestim	0.066438694671922
06	lh_Lat_Fis-ant-Horizont	stim	0.160428284941362
06	lh_Lat_Fis-ant-Vertical	prestim	0.0783228094841078
06	lh_Lat_Fis-ant-Vertical	stim	0.244830537685978
06	lh_Lat_Fis-post	prestim	0.0629915529646708
06	lh_Lat_Fis-post	stim	0.21085357214446
06	lh_Pole_occipital	prestim	0.10020531650222
06	lh_Pole_occipital	stim	0.0655047101957701
06	lh_Pole_temporal	prestim	0.0649757605013233
06	lh_Pole_temporal	stim	0.274780335047033
06	lh_S_calcarine	prestim	0.0785451614448846
06	lh_S_calcarine	stim	0.100212254041333
06	lh_S_central	prestim	0.0538567581117127
06	lh_S_central	stim	0.169315646314016
06	lh_S_cingul-Marginalis	prestim	0.0610625360695611
06	lh_S_cingul-Marginalis	stim	0.10114321503032
06	lh_S_circular_insula_ant	prestim	0.0728471843969233
06	lh_S_circular_insula_ant	stim	0.18805334721432
06	lh_S_circular_insula_inf	prestim	0.0553602000130257
06	lh_S_circular_insula_inf	stim	0.286165193563791
06	lh_S_circular_insula_sup	prestim	0.0803223901899334
06	lh_S_circular_insula_sup	stim	0.334037763417445
06	lh_S_collat_transv_ant	prestim	0.0627340238089345
06	lh_S_collat_transv_ant	stim	0.157923189847484
06	lh_S_collat_transv_post	prestim	0.0589866817159946
06	lh_S_collat_transv_post	stim	0.0862679015820579
06	lh_S_front_inf	prestim	0.0749255226254312
06	lh_S_front_inf	stim	0.246326291092264
06	lh_S_front_middle	prestim	0.0745675778813596
06	lh_S_front_middle	stim	0.0781791395777919
06	lh_S_front_sup	prestim	0.0759963032738473
06	lh_S_front_sup	stim	0.0880806120380047
06	lh_S_interm_prim-Jensen	prestim	0.0900514604911113
06	lh_S_interm_prim-Jensen	stim	0.112083509355056
06	lh_S_intrapariet_and_P_trans	prestim	0.0607886984919246
06	lh_S_intrapariet_and_P_trans	stim	0.103757633211516
06	lh_S_oc-temp_lat	prestim	0.0706386840755833
06	lh_S_oc-temp_lat	stim	0.121668900465272
06	lh_S_oc-temp_med_and_Lingual	prestim	0.0704532726728316
06	lh_S_oc-temp_med_and_Lingual	stim	0.177998108767942
06	lh_S_oc_middle_and_Lunatus	prestim	0.0639561947930158
06	lh_S_oc_middle_and_Lunatus	stim	0.0724308111964315
06	lh_S_oc_sup_and_transversal	prestim	0.0626936887548504
06	lh_S_oc_sup_and_transversal	stim	0.0970211684999179
06	lh_S_occipital_ant	prestim	0.0677289030456628
06	lh_S_occipital_ant	stim	0.0936712214808699
06	lh_S_orbital-H_Shaped	prestim	0.0733152786463011
06	lh_S_orbital-H_Shaped	stim	0.269577327091712
06	lh_S_orbital_lateral	prestim	0.0787200332374128
06	lh_S_orbital_lateral	stim	0.0821673609881832
06	lh_S_orbital_med-olfact	prestim	0.0918922941476171
06	lh_S_orbital_med-olfact	stim	0.228371697160919
06	lh_S_parieto_occipital	prestim	0.0564402575684271
06	lh_S_parieto_occipital	stim	0.107117127996736
06	lh_S_pericallosal	prestim	0.0666172543365563
06	lh_S_pericallosal	stim	0.161418061159983
06	lh_S_postcentral	prestim	0.0916503710883529
06	lh_S_postcentral	stim	0.1289016844277
06	lh_S_precentral-inf-part	prestim	0.0942478732716334
06	lh_S_precentral-inf-part	stim	0.283677949937058
06	lh_S_precentral-sup-part	prestim	0.0752135237788225
06	lh_S_precentral-sup-part	stim	0.108000006929555
06	lh_S_suborbital	prestim	0.0975390945182395
06	lh_S_suborbital	stim	0.077522545197354
06	lh_S_subparietal	prestim	0.0618341935655674
06	lh_S_subparietal	stim	0.0713148481993678
06	lh_S_temporal_inf	prestim	0.0730151720758682
06	lh_S_temporal_inf	stim	0.141330657057577
06	lh_S_temporal_sup	prestim	0.0809301191894633
06	lh_S_temporal_sup	stim	0.0932038349119537
06	lh_S_temporal_transverse	prestim	0.0890512788437886
06	lh_S_temporal_transverse	stim	0.575829862420145
06	rh_G_Ins_lg_and_S_cent_ins	prestim	0.0952414296530178
06	rh_G_Ins_lg_and_S_cent_ins	stim	0.152025872768957
06	rh_G_and_S_cingul-Ant	prestim	0.0690092209484543
06	rh_G_and_S_cingul-Ant	stim	0.0868836299812305
06	rh_G_and_S_cingul-Mid-Ant	prestim	0.0724653049090111
06	rh_G_and_S_cingul-Mid-Ant	stim	0.193209947943176
06	rh_G_and_S_cingul-Mid-Post	prestim	0.0712258721629475
06	rh_G_and_S_cingul-Mid-Post	stim	0.119847400789215
06	rh_G_and_S_frontomargin	prestim	0.0823065728387701
06	rh_G_and_S_frontomargin	stim	0.209631815578353
06	rh_G_and_S_occipital_inf	prestim	0.0732299229117925
06	rh_G_and_S_occipital_inf	stim	0.0880194713859311
06	rh_G_and_S_paracentral	prestim	0.0841830808627958
06	rh_G_and_S_paracentral	stim	0.0721396419836166
06	rh_G_and_S_subcentral	prestim	0.0652790245806572
06	rh_G_and_S_subcentral	stim	0.656819817375674
06	rh_G_and_S_transv_frontopol	prestim	0.075982178362187
06	rh_G_and_S_transv_frontopol	stim	0.119823949875437
06	rh_G_cingul-Post-dorsal	prestim	0.0642130936766002
06	rh_G_cingul-Post-dorsal	stim	0.184341999561613
06	rh_G_cingul-Post-ventral	prestim	0.062591377854973
06	rh_G_cingul-Post-ventral	stim	0.257628571176182
06	rh_G_cuneus	prestim	0.0757226409801872
06	rh_G_cuneus	stim	0.0702555972518641
06	rh_G_front_inf-Opercular	prestim	0.0701798896984918
06	rh_G_front_inf-Opercular	stim	0.201093741998244
06	rh_G_front_inf-Orbital	prestim	0.068723813600969
06	rh_G_front_inf-Orbital	stim	0.297892251003961
06	rh_G_front_inf-Triangul	prestim	0.0820645997098537
06	rh_G_front_inf-Triangul	stim	0.156783349315098
06	rh_G_front_middle	prestim	0.0676111453561981
06	rh_G_front_middle	stim	0.139229899981208
06	rh_G_front_sup	prestim	0.0801924001947718
06	rh_G_front_sup	stim	0.115164215547918
06	rh_G_insular_short	prestim	0.0835662625805104
06	rh_G_insular_short	stim	0.0763678876825118
06	rh_G_oc-temp_lat-fusifor	prestim	0.078480284612119
06	rh_G_oc-temp_lat-fusifor	stim	0.213294260652539
06	rh_G_oc-temp_med-Lingual	prestim	0.0537462033015648
06	rh_G_oc-temp_med-Lingual	stim	0.080276839879424
06	rh_G_oc-temp_med-Parahip	prestim	0.0763597699427119
06	rh_G_oc-temp_med-Parahip	stim	0.0776641131675945
06	rh_G_occipital_middle	prestim	0.062208854058133
06	rh_G_occipital_middle	stim	0.089086522790612
06	rh_G_occipital_sup	prestim	0.0881724396842164
06	rh_G_occipital_sup	stim	0.0712887003854197
06	rh_G_orbital	prestim	0.0848289265865469
06	rh_G_orbital	stim	0.396453811064128
06	rh_G_pariet_inf-Angular	prestim	0.0533045935509557
06	rh_G_pariet_inf-Angular	stim	0.209505045713136
06	rh_G_pariet_inf-Supramar	prestim	0.077016201010234
06	rh_G_pariet_inf-Supramar	stim	0.463950117511497
06	rh_G_parietal_sup	prestim	0.0685805712484707
06	rh_G_parietal_sup	stim	0.0970848681804505
06	rh_G_postcentral	prestim	0.060271878097559
06	rh_G_postcentral	stim	0.399410967029008
06	rh_G_precentral	prestim	0.0773158576054054
06	rh_G_precentral	stim	0.227078612156737
06	rh_G_precuneus	prestim	0.0671981554395181
06	rh_G_precuneus	stim	0.0958820098730217
06	rh_G_rectus	prestim	0.0780373840410662
06	rh_G_rectus	stim	0.185162813449491
06	rh_G_subcallosal	prestim	0.0716205966774456
06	rh_G_subcallosal	stim	0.33344933117796
06	rh_G_temp_sup-G_T_transv	prestim	0.0830634896873438
06	rh_G_temp_sup-G_T_transv	stim	0.618160082854151
06	rh_G_temp_sup-Lateral	prestim	0.0837299271362523
06	rh_G_temp_sup-Lateral	stim	0.371888045347304
06	rh_G_temp_sup-Plan_polar	prestim	0.0775762086748352
06	rh_G_temp_sup-Plan_polar	stim	0.311321036486453
06	rh_G_temp_sup-Plan_tempo	prestim	0.0828140191178965
06	rh_G_temp_sup-Plan_tempo	stim	0.469731321347997
06	rh_G_temporal_inf	prestim	0.0641057119684355
06	rh_G_temporal_inf	stim	0.220853799211966
06	rh_G_temporal_middle	prestim	0.0618956703905757
06	rh_G_temporal_middle	stim	0.181996550578631
06	rh_Lat_Fis-ant-Horizont	prestim	0.0701285260407204
06	rh_Lat_Fis-ant-Horizont	stim	0.101974612404779
06	rh_Lat_Fis-ant-Vertical	prestim	0.0990526711217865
06	rh_Lat_Fis-ant-Vertical	stim	0.319843327531789
06	rh_Lat_Fis-post	prestim	0.0840715555969613
06	rh_Lat_Fis-post	stim	0.210392679952293
06	rh_Pole_occipital	prestim	0.0872024448833525
06	rh_Pole_occipital	stim	0.0902452509332538
06	rh_Pole_temporal	prestim	0.0785700019186132
06	rh_Pole_temporal	stim	0.188365751161928
06	rh_S_calcarine	prestim	0.0536762909649268
06	rh_S_calcarine	stim	0.155000874158559
06	rh_S_central	prestim	0.0855057964413834
06	rh_S_central	stim	0.29640167466776
06	rh_S_cingul-Marginalis	prestim	0.0742441516126496
06	rh_S_cingul-Marginalis	stim	0.112218723977081
06	rh_S_circular_insula_ant	prestim	0.0589156044648844
06	rh_S_circular_insula_ant	stim	0.244543309806931
06	rh_S_circular_insula_inf	prestim	0.0832676350267056
06	rh_S_circular_insula_inf	stim	0.515277835130737
06	rh_S_circular_insula_sup	prestim	0.0808843574801522
06	rh_S_circular_insula_sup	stim	0.292039182691808
06	rh_S_collat_transv_ant	prestim	0.0727181033008115
06	rh_S_collat_transv_ant	stim	0.123548292923141
06	rh_S_collat_transv_post	prestim	0.0800230039835599
06	rh_S_collat_transv_post	stim	0.116005252979084
06	rh_S_front_inf	prestim	0.084963682775232
06	rh_S_front_inf	stim	0.336062436802247
06	rh_S_front_middle	prestim	0.0805563618092622
06	rh_S_front_middle	stim	0.0865275284922852
06	rh_S_front_sup	prestim	0.0733339216317284
06	rh_S_front_sup	stim	0.137650663914517
06	rh_S_interm_prim-Jensen	prestim	0.0740538433905362
06	rh_S_interm_prim-Jensen	stim	0.15520114986191
06	rh_S_intrapariet_and_P_trans	prestim	0.0822884556560417
06	rh_S_intrapariet_and_P_trans	stim	0.0844986166481691
06	rh_S_oc-temp_lat	prestim	0.0689018185798003
06	rh_S_oc-temp_lat	stim	0.18167233238654
06	rh_S_oc-temp_med_and_Lingual	prestim	0.0732584712325948
06	rh_S_oc-temp_med_and_Lingual	stim	0.212224135900794
06	rh_S_oc_middle_and_Lunatus	prestim	0.0739784670180521
06	rh_S_oc_middle_and_Lunatus	stim	0.0756333324309266
06	rh_S_oc_sup_and_transversal	prestim	0.0649561132343082
06	rh_S_oc_sup_and_transversal	stim	0.0832077222224309
06	rh_S_occipital_ant	prestim	0.0669366600154807
06	rh_S_occipital_ant	stim	0.101996158029373
06	rh_S_orbital-H_Shaped	prestim	0.0918794625290536
06	rh_S_orbital-H_Shaped	stim	0.410362910670379
06	rh_S_orbital_lateral	prestim	0.0784646257303245
06	rh_S_orbital_lateral	stim	0.0985824973936187
06	rh_S_orbital_med-olfact	prestim	0.089694630531848
06	rh_S_orbital_med-olfact	stim	0.416613375592684
06	rh_S_parieto_occipital	prestim	0.0580375008581651
06	rh_S_parieto_occipital	stim	0.0980636046235527
06	rh_S_pericallosal	prestim	0.0695421569778011
06	rh_S_pericallosal	stim	0.187644410770074
06	rh_S_postcentral	prestim	0.0803647160051249
06	rh_S_postcentral	stim	0.0869486925532294
06	rh_S_precentral-inf-part	prestim	0.0688336515915672
06	rh_S_precentral-inf-part	stim	0.274598589732185
06	rh_S_precentral-sup-part	prestim	0.0927765377549782
06	rh_S_precentral-sup-part	stim	0.34146205148569
06	rh_S_suborbital	prestim	0.0826005977609074
06	rh_S_suborbital	stim	0.174008060715652
06	rh_S_subparietal	prestim	0.0627923771836937
06	rh_S_subparietal	stim	0.163432026959105
06	rh_S_temporal_inf	prestim	0.0591081954175215
06	rh_S_temporal_inf	stim	0.0792926545838142
06	rh_S_temporal_sup	prestim	0.0632634360291893
06	rh_S_temporal_sup	stim	0.205425228120241
06	rh_S_temporal_transverse	prestim	0.0767614245569338
06	rh_S_temporal_transverse	stim	0.595896417774892
07	lh_G_Ins_lg_and_S_cent_ins	prestim	0.0692844751600604
07	lh_G_Ins_lg_and_S_cent_ins	stim	0.100568851537777
07	lh_G_and_S_cingul-Ant	prestim	0.0675382145136327
07	lh_G_and_S_cingul-Ant	stim	0.0765201332144626
07	lh_G_and_S_cingul-Mid-Ant	prestim	0.0776445338278843
07	lh_G_and_S_cingul-Mid-Ant	stim	0.0820036961853419
07	lh_G_and_S_cingul-Mid-Post	prestim	0.0689985933860162
07	lh_G_and_S_cingul-Mid-Post	stim	0.0910728909570756
07	lh_G_and_S_frontomargin	prestim	0.0675965044084004
07	lh_G_and_S_frontomargin	stim	0.0854640410739793
07	lh_G_and_S_occipital_inf	prestim	0.0916076573889227
07	lh_G_and_S_occipital_inf	stim	0.115669861073025
07	lh_G_and_S_paracentral	prestim	0.0672823078032676
07	lh_G_and_S_paracentral	stim	0.0879108192336267
07	lh_G_and_S_subcentral	prestim	0.0760226339806225
07	lh_G_and_S_subcentral	stim	0.140409779933518
07	lh_G_and_S_transv_frontopol	prestim	0.060030100666382
07	lh_G_and_S_transv_frontopol	stim	0.0904308167434376
07	lh_G_cingul-Post-dorsal	prestim	0.053592670102002
07	lh_G_cingul-Post-dorsal	stim	0.145733450683578
07	lh_G_cingul-Post-ventral	prestim	0.0523082515696065
07	lh_G_cingul-Post-ventral	stim	0.133039856291227
07	lh_G_cuneus	prestim	0.07326709199765
07	lh_G_cuneus	stim	0.071170386650835
07	lh_G_front_inf-Opercular	prestim	0.0917244800353294
07	lh_G_front_inf-Opercular	stim	0.1447680869007
07	lh_G_front_inf-Orbital	prestim	0.0779857303923117
07	lh_G_front_inf-Orbital	stim	0.14454664928866
07	lh_G_front_inf-Triangul	prestim	0.0609586617803982
07	lh_G_front_inf-Triangul	stim	0.0632552865253826
07	lh_G_front_middle	prestim	0.0578236832499838
07	lh_G_front_middle	stim	0.0637996754784256
07	lh_G_front_sup	prestim	0.0702780242739901
07	lh_G_front_sup	stim	0.0789575101078001
07	lh_G_insular_short	prestim	0.0523136150924831
07	lh_G_insular_short	stim	0.168537864577603
07	lh_G_oc-temp_lat-fusifor	prestim	0.0687224357459048
07	lh_G_oc-temp_lat-fusifor	stim	0.15350475764846
07	lh_G_oc-temp_med-Lingual	prestim	0.0954031079158259
07	lh_G_oc-temp_med-Lingual	stim	0.0759659010134857
07	lh_G_oc-temp_med-Parahip	prestim	0.0757934072273568
07	lh_G_oc-temp_med-Parahip	stim	0.124616937086502
07	lh_G_occipital_middle	prestim	0.0736638164574053
07	lh_G_occipital_middle	stim	0.0727340372716349
07	lh_G_occipital_sup	prestim	0.0627514311312624
07	lh_G_occipital_sup	stim	0.0734101378854532
07	lh_G_orbital	prestim	0.0738358294856152
07	lh_G_orbital	stim	0.128348413707502
07	lh_G_pariet_inf-Angular	prestim	0.0642054230363759
07	lh_G_pariet_inf-Angular	stim	0.0877355509911088
07	lh_G_pariet_inf-Supramar	prestim	0.0764979158446794
07	lh_G_pariet_inf-Supramar	stim	0.190764521541045
07	lh_G_parietal_sup	prestim	0.0923901077075215
07	lh_G_parietal_sup	stim	0.0627952891403558
07	lh_G_postcentral	prestim	0.077162789485635
07	lh_G_postcentral	stim	0.164418553145062
07	lh_G_precentral	prestim	0.0847921945134088
07	lh_G_precentral	stim	0.164159687657777
07	lh_G_precuneus	prestim	0.0609285487494146
07	lh_G_precuneus	stim	0.094929555182668
07	lh_G_rectus	prestim	0.0638908079803459
07	lh_G_rectus	stim	0.114095061914928
07	lh_G_subcallosal	prestim	0.0573406004426741
07	lh_G_subcallosal	stim	0.0858976150513379
07	lh_G_temp_sup-G_T_transv	prestim	0.0874364490160037
07	lh_G_temp_sup-G_T_transv	stim	0.167874723644984
07	lh_G_temp_sup-Lateral	prestim	0.0670249295204867
07	lh_G_temp_sup-Lateral	stim	0.0840891907640135
07	lh_G_temp_sup-Plan_polar	prestim	0.0631484241473572
07	lh_G_temp_sup-Plan_polar	stim	0.101375066723524
07	lh_G_temp_sup-Plan_tempo	prestim	0.0658292350449043
07	lh_G_temp_sup-Plan_tempo	stim	0.277287041050263
07	lh_G_temporal_inf	prestim	0.0677722169913646
07	lh_G_temporal_inf	stim	0.113110269138405
07	lh_G_temporal_middle	prestim	0.0752663925283752
07	lh_G_temporal_middle	stim	0.131358603485056
07	lh_Lat_Fis-ant-Horizont	prestim	0.0657806099846878
07	lh_Lat_Fis-ant-Horizont	stim	0.0990985013727884
07	lh_Lat_Fis-ant-Vertical	prestim	0.0780130903065188
07	lh_Lat_Fis-ant-Vertical	stim	0.155943442306995
07	lh_Lat_Fis-post	prestim	0.0627573877722167
07	lh_Lat_Fis-post	stim	0.157194938674307
07	lh_Pole_occipital	prestim	0.085315906946552
07	lh_Pole_occipital	stim	0.0776417026502725
07	lh_Pole_temporal	prestim	0.054393556383562
07	lh_Pole_temporal	stim	0.0793686035858305
07	lh_S_calcarine	prestim	0.0771368315761035
07	lh_S_calcarine	stim	0.0923605904136129
07	lh_S_central	prestim	0.076920694648289
07	lh_S_central	stim	0.206227556374631
07	lh_S_cingul-Marginalis	prestim	0.0542585107700771
07	lh_S_cingul-Marginalis	stim	0.125818090469923
07	lh_S_circular_insula_ant	prestim	0.0844402775623928
07	lh_S_circular_insula_ant	stim	0.102003622701384
07	lh_S_circular_insula_inf	prestim	0.065990940526145
07	lh_S_circular_insula_inf	stim	0.0844272841196151
07	lh_S_circular_insula_sup	prestim	0.0613200084727762
07	lh_S_circular_insula_sup	stim	0.0752558192790913
07	lh_S_collat_transv_ant	prestim	0.0718292806840422
07	lh_S_collat_transv_ant	stim	0.0981298282866855
07	lh_S_collat_transv_post	prestim	0.0808769022550958
07	lh_S_collat_transv_post	stim	0.0990896532748243
07	lh_S_front_inf	prestim	0.0694524106529147
07	lh_S_front_inf	stim	0.156717525382765
07	lh_S_front_middle	prestim	0.0697983589645114
07	lh_S_front_middle	stim	0.061016416890854
07	lh_S_front_sup	prestim	0.0736711070534346
07	lh_S_front_sup	stim	0.0945058044896994
07	lh_S_interm_prim-Jensen	prestim	0.0696864544212247
07	lh_S_interm_prim-Jensen	stim	0.132548704495416
07	lh_S_intrapariet_and_P_trans	prestim	0.0947435915626835
07	lh_S_intrapariet_and_P_trans	stim	0.100127364112277
07	lh_S_oc-temp_lat	prestim	0.0574719212443162
07	lh_S_oc-temp_lat	stim	0.14188254592256
07	lh_S_oc-temp_med_and_Lingual	prestim	0.0651687739654819
07	lh_S_oc-temp_med_and_Lingual	stim	0.158655798332651
07	lh_S_oc_middle_and_Lunatus	prestim	0.0760184635397914
07	lh_S_oc_middle_and_Lunatus	stim	0.0699441777781604
07	lh_S_oc_sup_and_transversal	prestim	0.0629502722815826
07	lh_S_oc_sup_and_transversal	stim	0.0769431050912524
07	lh_S_occipital_ant	prestim	0.0809591218129197
07	lh_S_occipital_ant	stim	0.0966375097599013
07	lh_S_orbital-H_Shaped	prestim	0.0745556942724621
07	lh_S_orbital-H_Shaped	stim	0.126864116729189
07	lh_S_orbital_lateral	prestim	0.061159053654375
07	lh_S_orbital_lateral	stim	0.0978553718813694
07	lh_S_orbital_med-olfact	prestim	0.0717834349384431
07	lh_S_orbital_med-olfact	stim	0.169352761221549
07	lh_S_parieto_occipital	prestim	0.0650528875965068
07	lh_S_parieto_occipital	stim	0.077455032712573
07	lh_S_pericallosal	prestim	0.0622268822645813
07	lh_S_pericallosal	stim	0.11801997953967
07	lh_S_postcentral	prestim	0.0806822898201051
07	lh_S_postcentral	stim	0.153430490474728
07	lh_S_precentral-inf-part	prestim	0.0559761487823963
07	lh_S_precentral-inf-part	stim	0.117165501105182
07	lh_S_precentral-sup-part	prestim	0.0748540482867462
07	lh_S_precentral-sup-part	stim	0.099088940930846
07	lh_S_suborbital	prestim	0.0606009519204824
07	lh_S_suborbital	stim	0.0898027869813713
07	lh_S_subparietal	prestim	0.0610258012327581
07	lh_S_subparietal	stim	0.131277905531835
07	lh_S_temporal_inf	prestim	0.0731090838424128
07	lh_S_temporal_inf	stim	0.083807572583224
07	lh_S_temporal_sup	prestim	0.0520507348386444
07	lh_S_temporal_sup	stim	0.0919444289987829
07	lh_S_temporal_transverse	prestim	0.0800242564402836
07	lh_S_temporal_transverse	stim	0.180479552672096
07	rh_G_Ins_lg_and_S_cent_ins	prestim	0.0823285306344287
07	rh_G_Ins_lg_and_S_cent_ins	stim	0.108830843313207
07	rh_G_and_S_cingul-Ant	prestim	0.0693964791944152
07	rh_G_and_S_cingul-Ant	stim	0.0806438150364082
07	rh_G_and_S_cingul-Mid-Ant	prestim	0.0595991973010799
07	rh_G_and_S_cingul-Mid-Ant	stim	0.103567318043977
07	rh_G_and_S_cingul-Mid-Post	prestim	0.0894296086900743
07	rh_G_and_S_cingul-Mid-Post	stim	0.0914320174870276
07	rh_G_and_S_frontomargin	prestim	0.0843034984045273
07	rh_G_and_S_frontomargin	stim	0.120110399681277
07	rh_G_and_S_occipital_inf	prestim	0.0623935021724447
07	rh_G_and_S_occipital_inf	stim	0.0683889954783924
07	rh_G_and_S_paracentral	prestim	0.0835676306042852
07	rh_G_and_S_paracentral	stim	0.0792639701223876
07	rh_G_and_S_subcentral	prestim	0.0928202446751111
07	rh_G_and_S_subcentral	stim	0.155276824859036
07	rh_G_and_S_transv_frontopol	prestim	0.0664155876482595
07	rh_G_and_S_transv_frontopol	stim	0.0770184004874533
07	rh_G_cingul-Post-dorsal	prestim	0.0703549950683171
07	rh_G_cingul-Post-dorsal	stim	0.131267214826478
07	rh_G_cingul-Post-ventral	prestim	0.0634469937009755
07	rh_G_cingul-Post-ventral	stim	0.166118917159236
07	rh_G_cuneus	prestim	0.0886910682279567
07	rh_G_cuneus	stim	0.0806961019225246
07	rh_G_front_inf-Opercular	prestim	0.0850009202018861
07	rh_G_front_inf-Opercular	stim	0.225128141057506
07	rh_G_front_inf-Orbital	prestim	0.0686043730287549
07	rh_G_front_inf-Orbital	stim	0.10722975584919
07	rh_G_front_inf-Triangul	prestim	0.0600561081201703
07	rh_G_front_inf-Triangul	stim	0.145228043928331
07	rh_G_front_middle	prestim	0.0851904105652467
07	rh_G_front_middle	stim	0.0815811980493494
07	rh_G_front_sup	prestim	0.0716030194012757
07	rh_G_front_sup	stim	0.0719724332795342
07	rh_G_insular_short	prestim	0.0810387173554596
07	rh_G_insular_short	stim	0.142997461975208
07	rh_G_oc-temp_lat-fusifor	prestim	0.074668840946161
07	rh_G_oc-temp_lat-fusifor	stim	0.155204239417176
07	rh_G_oc-temp_med-Lingual	prestim	0.0838971713624102
07	rh_G_oc-temp_med-Lingual	stim	0.0770073686192508
07	rh_G_oc-temp_med-Parahip	prestim	0.061492473639038
07	rh_G_oc-temp_med-Parahip	stim	0.0952859304852956
07	rh_G_occipital_middle	prestim	0.0474006704190714
07	rh_G_occipital_middle	stim	0.0786276272350031
07	rh_G_occipital_sup	prestim	0.100478844403894
07	rh_G_occipital_sup	stim	0.08581990032474
07	rh_G_orbital	prestim	0.0837707227849157
07	rh_G_orbital	stim	0.174450895724358
07	rh_G_pariet_inf-Angular	prestim	0.0779053610864249
07	rh_G_pariet_inf-Angular	stim	0.0654633150765964
07	rh_G_pariet_inf-Supramar	prestim	0.080935487127673
07	rh_G_pariet_inf-Supramar	stim	0.24736273851457
07	rh_G_parietal_sup	prestim	0.0755628524120599
07	rh_G_parietal_sup	stim	0.0668356019569901
07	rh_G_postcentral	prestim	0.0580955532794323
07	rh_G_postcentral	stim	0.174823333205635
07	rh_G_precentral	prestim	0.0738105640548112
07	rh_G_precentral	stim	0.0937323496011531
07	rh_G_precuneus	prestim	0.0662925133902808
07	rh_G_precuneus	stim	0.0639293724073996
07	rh_G_rectus	prestim	0.0612286491959378
07	rh_G_rectus	stim	0.120818543334966
07	rh_G_subcallosal	prestim	0.057718683979367
07	rh_G_subcallosal	stim	0.112278500161639
07	rh_G_temp_sup-G_T_transv	prestim	0.0814672222953567
07	rh_G_temp_sup-G_T_transv	stim	0.301021206717422
07	rh_G_temp_sup-Lateral	prestim	0.0826816227610452
07	rh_G_temp_sup-Lateral	stim	0.247649530121613
07	rh_G_temp_sup-Plan_polar	prestim	0.0795403878418172
07	rh_G_temp_sup-Plan_polar	stim	0.10518136689614
07	rh_G_temp_sup-Plan_tempo	prestim	0.0767563799764521
07	rh_G_temp_sup-Plan_tempo	stim	0.272817338718895
07	rh_G_temporal_inf	prestim	0.0732368081565322
07	rh_G_temporal_inf	stim	0.105944016367994
07	rh_G_temporal_middle	prestim	0.0553348916501805
07	rh_G_temporal_middle	stim	0.101306809573489
07	rh_Lat_Fis-ant-Horizont	prestim	0.0869459299374873
07	rh_Lat_Fis-ant-Horizont	stim	0.0879501654205528
07	rh_Lat_Fis-ant-Vertical	prestim	0.059855401732987
07	rh_Lat_Fis-ant-Vertical	stim	0.177030662575949
07	rh_Lat_Fis-post	prestim	0.0904359781989589
07	rh_Lat_Fis-post	stim	0.107778017203153
07	rh_Pole_occipital	prestim	0.0714620371328273
07	rh_Pole_occipital	stim	0.0818624382998082
07	rh_Pole_temporal	prestim	0.0631551724660453
07	rh_Pole_temporal	stim	0.0673619124480056
07	rh_S_calcarine	prestim	0.0837353418563151
07	rh_S_calcarine	stim	0.112656167581247
07	rh_S_central	prestim	0.0736230541482456
07	rh_S_central	stim	0.212811406000224
07	rh_S_cingul-Marginalis	prestim	0.103303041684615
07	rh_S_cingul-Marginalis	stim	0.103596426694633
07	rh_S_circular_insula_ant	prestim	0.0734845267237562
07	rh_S_circular_insula_ant	stim	0.118725709251142
07	rh_S_circular_insula_inf	prestim	0.0774214243353876
07	rh_S_circular_insula_inf	stim	0.106804325824141
07	rh_S_circular_insula_sup	prestim	0.082924961475508
07	rh_S_circular_insula_sup	stim	0.127567380693666
07	rh_S_collat_transv_ant	prestim	0.0786923244346943
07	rh_S_collat_transv_ant	stim	0.0960534730801938
07	rh_S_collat_transv_post	prestim	0.0760157953837004
07	rh_S_collat_transv_post	stim	0.0890916407277683
07	rh_S_front_inf	prestim	0.0659777877297904
07	rh_S_front_inf	stim	0.220925805709737
07	rh_S_front_middle	prestim	0.0696248221431838
07	rh_S_front_middle	stim	0.0961934102700424
07	rh_S_front_sup	prestim	0.0669500516751321
07	rh_S_front_sup	stim	0.10289116726206
07	rh_S_interm_prim-Jensen	prestim	0.0597782314843162
07	rh_S_interm_prim-Jensen	stim	0.0835241585554971
07	rh_S_intrapariet_and_P_trans	prestim	0.0766700640293945
07	rh_S_intrapariet_and_P_trans	stim	0.132465013584935
07	rh_S_oc-temp_lat	prestim	0.0730151876617953
07	rh_S_oc-temp_lat	stim	0.161975577633752
07	rh_S_oc-temp_med_and_Lingual	prestim	0.0776593448881141
07	rh_S_oc-temp_med_and_Lingual	stim	0.166047942691902
07	rh_S_oc_middle_and_Lunatus	prestim	0.0649183655415207
07	rh_S_oc_middle_and_Lunatus	stim	0.0792786887429906
07	rh_S_oc_sup_and_transversal	prestim	0.0630956323275655
07	rh_S_oc_sup_and_transversal	stim	0.0834394564801594
07	rh_S_occipital_ant	prestim	0.0868929700421978
07	rh_S_occipital_ant	stim	0.0748641073070843
07	rh_S_orbital-H_Shaped	prestim	0.0761265195593467
07	rh_S_orbital-H_Shaped	stim	0.142094478908016
07	rh_S_orbital_lateral	prestim	0.0779430288955107
07	rh_S_orbital_lateral	stim	0.107981535966124
07	rh_S_orbital_med-olfact	prestim	0.0701413082491376
07	rh_S_orbital_med-olfact	stim	0.217644601970572
07	rh_S_parieto_occipital	prestim	0.079111785720207
07	rh_S_parieto_occipital	stim	0.0845699637850205
07	rh_S_pericallosal	prestim	0.0683711071577406
07	rh_S_pericallosal	stim	0.111992024878711
07	rh_S_postcentral	prestim	0.0573512467116063
07	rh_S_postcentral	stim	0.138743451852659
07	rh_S_precentral-inf-part	prestim	0.0634618229411168
07	rh_S_precentral-inf-part	stim	0.217269004791038
07	rh_S_precentral-sup-part	prestim	0.0855729747076042
07	rh_S_precentral-sup-part	stim	0.0840313767991075
07	rh_S_suborbital	prestim	0.0661139654293059
07	rh_S_suborbital	stim	0.0937284763334344
07	rh_S_subparietal	prestim	0.0629209248589997
07	rh_S_subparietal	stim	0.116875398340822
07	rh_S_temporal_inf	prestim	0.0790704129774277
07	rh_S_temporal_inf	stim	0.104853131566974
07	rh_S_temporal_sup	prestim	0.0739304175801763
07	rh_S_temporal_sup	stim	0.0997572351441083
07	rh_S_temporal_transverse	prestim	0.0508997812899595
07	rh_S_temporal_transverse	stim	0.257671987972636
08	lh_G_Ins_lg_and_S_cent_ins	prestim	0.0627505188471984
08	lh_G_Ins_lg_and_S_cent_ins	stim	0.283454470581811
08	lh_G_and_S_cingul-Ant	prestim	0.0919063137963709
08	lh_G_and_S_cingul-Ant	stim	0.0904422865844941
08	lh_G_and_S_cingul-Mid-Ant	prestim	0.0802991936011187
08	lh_G_and_S_cingul-Mid-Ant	stim	0.0852060118376002
08	lh_G_and_S_cingul-Mid-Post	prestim	0.086728158117018
08	lh_G_and_S_cingul-Mid-Post	stim	0.11861670414698
08	lh_G_and_S_frontomargin	prestim	0.088635328167229
08	lh_G_and_S_frontomargin	stim	0.0675883202901891
08	lh_G_and_S_occipital_inf	prestim	0.0604169550858285
08	lh_G_and_S_occipital_inf	stim	0.0725007826246789
08	lh_G_and_S_paracentral	prestim	0.067455802516827
08	lh_G_and_S_paracentral	stim	0.0873260868730069
08	lh_G_and_S_subcentral	prestim	0.071367424695353
08	lh_G_and_S_subcentral	stim	0.414645374212828
08	lh_G_and_S_transv_frontopol	prestim	0.0784347000939531
08	lh_G_and_S_transv_frontopol	stim	0.103340697438695
08	lh_G_cingul-Post-dorsal	prestim	0.0533437144635069
08	lh_G_cingul-Post-dorsal	stim	0.105494774297401
08	lh_G_cingul-Post-ventral	prestim	0.0718963415643145
08	lh_G_cingul-Post-ventral	stim	0.0939024509550092
08	lh_G_cuneus	prestim	0.080426559361192
08	lh_G_cuneus	stim	0.0825015780883306
08	lh_G_front_inf-Opercular	prestim	0.0729207874513888
08	lh_G_front_inf-Opercular	stim	0.118785499280436
08	lh_G_front_inf-Orbital	prestim	0.0664016572666894
08	lh_G_front_inf-Orbital	stim	0.107119512066289
08	lh_G_front_inf-Triangul	prestim	0.0576952122095413
08	lh_G_front_inf-Triangul	stim	0.105732567522325
08	lh_G_front_middle	prestim	0.0619881574206977
08	lh_G_front_middle	stim	0.0869955208084509
08	lh_G_front_sup	prestim	0.0973415734349208
08	lh_G_front_sup	stim	0.0850276477527155
08	lh_G_insular_short	prestim	0.081724770728438
08	lh_G_insular_short	stim	0.0963640334553984
08	lh_G_oc-temp_lat-fusifor	prestim	0.0961473422330226
08	lh_G_oc-temp_lat-fusifor	stim	0.154706445517382
08	lh_G_oc-temp_med-Lingual	prestim	0.0644054262089034
08	lh_G_oc-temp_med-Lingual	stim	0.0787495372143181
08	lh_G_oc-temp_med-Parahip	prestim	0.0620590709962134
08	lh_G_oc-temp_med-Parahip	stim	0.109214037072927
08	lh_G_occipital_middle	prestim	0.0776961578797231
08	lh_G_occipital_middle	stim	0.0742542391644051
08	lh_G_occipital_sup	prestim	0.0772645744547026
08	lh_G_occipital_sup	stim	0.0733829624264488
08	lh_G_orbital	prestim	0.0875896158594056
08	lh_G_orbital	stim	0.204913032770449
08	lh_G_pariet_inf-Angular	prestim	0.0697382342253595
08	lh_G_pariet_inf-Angular	stim	0.140734622441896
08	lh_G_pariet_inf-Supramar	prestim	0.0588282472637302
08	lh_G_pariet_inf-Supramar	stim	0.3213164668221
08	lh_G_parietal_sup	prestim	0.0755569417297728
08	lh_G_parietal_sup	stim	0.0738711164709863
08	lh_G_postcentral	prestim	0.0696416634193955
08	lh_G_postcentral	stim	0.225227339272447
08	lh_G_precentral	prestim	0.0728153587195421
08	lh_G_precentral	stim	0.0733516268794808
08	lh_G_precuneus	prestim	0.0584271712609235
08	lh_G_precuneus	stim	0.0674056601747543
08	lh_G_rectus	prestim	0.0752660163121052
08	lh_G_rectus	stim	0.108654572068301
08	lh_G_subcallosal	prestim	0.0952368136680079
08	lh_G_subcallosal	stim	0.096985132681588
08	lh_G_temp_sup-G_T_transv	prestim	0.0745311775355392
08	lh_G_temp_sup-G_T_transv	stim	0.478713505885984
08	lh_G_temp_sup-Lateral	prestim	0.0673872825926658
08	lh_G_temp_sup-Lateral	stim	0.355914499553958
08	lh_G_temp_sup-Plan_polar	prestim	0.0870570901054526
08	lh_G_temp_sup-Plan_polar	stim	0.186809546901457
08	lh_G_temp_sup-Plan_tempo	prestim	0.0632141374713279
08	lh_G_temp_sup-Plan_tempo	stim	0.447964874839528
08	lh_G_temporal_inf	prestim	0.079422181150938
08	lh_G_temporal_inf	stim	0.192307402906197
08	lh_G_temporal_middle	prestim	0.063475814054679
08	lh_G_temporal_middle	stim	0.214348741874389
08	lh_Lat_Fis-ant-Horizont	prestim	0.045288015199664
08	lh_Lat_Fis-ant-Horizont	stim	0.0913981943348434
08	lh_Lat_Fis-ant-Vertical	prestim	0.0677464852457222
08	lh_Lat_Fis-ant-Vertical	stim	0.137243565762544
08	lh_Lat_Fis-post	prestim	0.0755449201523545
08	lh_Lat_Fis-post	stim	0.0939460672706208
08	lh_Pole_occipital	prestim	0.0759121075580762
08	lh_Pole_occipital	stim	0.0794006292491171
08	lh_Pole_temporal	prestim	0.0607236991626366
08	lh_Pole_temporal	stim	0.102068217701163
08	lh_S_calcarine	prestim	0.0565069024059667
08	lh_S_calcarine	stim	0.106864058357749
08	lh_S_central	prestim	0.0834689623920554
08	lh_S_central	stim	0.13938178751976
08	lh_S_cingul-Marginalis	prestim	0.0641168431921585
08	lh_S_cingul-Marginalis	stim	0.0867559518560391
08	lh_S_circular_insula_ant	prestim	0.100682942135063
08	lh_S_circular_insula_ant	stim	0.142081470815037
08	lh_S_circular_insula_inf	prestim	0.0813458151453474
08	lh_S_circular_insula_inf	stim	0.275678426512034
08	lh_S_circular_insula_sup	prestim	0.0713013434738685
08	lh_S_circular_insula_sup	stim	0.306046455602255
08	lh_S_collat_transv_ant	prestim	0.0794768828270836
08	lh_S_collat_transv_ant	stim	0.170949595292943
08	lh_S_collat_transv_post	prestim	0.0695269449666779
08	lh_S_collat_transv_post	stim	0.0619866242987335
08	lh_S_front_inf	prestim	0.0897938693901076
08	lh_S_front_inf	stim	0.171187070526417
08	lh_S_front_middle	prestim	0.066750701288805
08	lh_S_front_middle	stim	0.0946800798869697
08	lh_S_front_sup	prestim	0.069822398743141
08	lh_S_front_sup	stim	0.0761833179088137
08	lh_S_interm_prim-Jensen	prestim	0.0588016558687898
08	lh_S_interm_prim-Jensen	stim	0.123293532056346
08	lh_S_intrapariet_and_P_trans	prestim	0.0692608287186756
08	lh_S_intrapariet_and_P_trans	stim	0.133216138327959
08	lh_S_oc-temp_lat	prestim	0.0656482461148004
08	lh_S_oc-temp_lat	stim	0.138207250475597
08	lh_S_oc-temp_med_and_Lingual	prestim	0.0704681179366385
08	lh_S_oc-temp_med_and_Lingual	stim	0.217299954788711
08	lh_S_oc_middle_and_Lunatus	prestim	0.0496534386684932
08	lh_S_oc_middle_and_Lunatus	stim	0.0763048305938585
08	lh_S_oc_sup_and_transversal	prestim	0.0734995253302526
08	lh_S_oc_sup_and_transversal	stim	0.0840191446868148
08	lh_S_occipital_ant	prestim	0.0595389652931283
08	lh_S_occipital_ant	stim	0.178936985498205
08	lh_S_orbital-H_Shaped	prestim	0.0866187019261938
08	lh_S_orbital-H_Shaped	stim	0.179420026215182
08	lh_S_orbital_lateral	prestim	0.073040787107831
08	lh_S_orbital_lateral	stim	0.0759208682104176
08	lh_S_orbital_med-olfact	prestim	0.0932466340478122
08	lh_S_orbital_med-olfact	stim	0.201710743465482
08	lh_S_parieto_occipital	prestim	0.0680739240313397
08	lh_S_parieto_occipital	stim	0.0605219827371869
08	lh_S_pericallosal	prestim	0.0953193168761567
08	lh_S_pericallosal	stim	0.124690111439511
08	lh_S_postcentral	prestim	0.0643239964418573
08	lh_S_postcentral	stim	0.0587968248077295
08	lh_S_precentral-inf-part	prestim	0.0728073451042868
08	lh_S_precentral-inf-part	stim	0.26281685642554
08	lh_S_precentral-sup-part	prestim	0.0820940688572183
08	lh_S_precentral-sup-part	stim	0.142883745427782
08	lh_S_suborbital	prestim	0.0934891607906087
08	lh_S_suborbital	stim	0.0746453812433054
08	lh_S_subparietal	prestim	0.0569186953937298
08	lh_S_subparietal	stim	0.0767127328331612
08	lh_S_temporal_inf	prestim	0.0899325315264551
08	lh_S_temporal_inf	stim	0.277160960583939
08	lh_S_temporal_sup	prestim	0.0661998453495305
08	lh_S_temporal_sup	stim	0.0881107440208265
08	lh_S_temporal_transverse	prestim	0.0796952883696225
08	lh_S_temporal_transverse	stim	0.257092414004285
08	rh_G_Ins_lg_and_S_cent_ins	prestim	0.0846524464379153
08	rh_G_Ins_lg_and_S_cent_ins	stim	0.158341543403454
08	rh_G_and_S_cingul-Ant	prestim	0.0922329836955031
08	rh_G_and_S_cingul-Ant	stim	0.082014495003896
08	rh_G_and_S_cingul-Mid-Ant	prestim	0.0673928222365374
08	rh_G_and_S_cingul-Mid-Ant	stim	0.0687460395576038
08	rh_G_and_S_cingul-Mid-Post	prestim	0.0784493965011851
08	rh_G_and_S_cingul-Mid-Post	stim	0.137903507161621
08	rh_G_and_S_frontomargin	prestim	0.0733621065552001
08	rh_G_and_S_frontomargin	stim	0.0656646714199707
08	rh_G_and_S_occipital_inf	prestim	0.0897512908720719
08	rh_G_and_S_occipital_inf	stim	0.0737863707431388
08	rh_G_and_S_paracentral	prestim	0.0654579714692614
08	rh_G_and_S_paracentral	stim	0.0909588939588038
08	rh_G_and_S_subcentral	prestim	0.0547437710334792
08	rh_G_and_S_subcentral	stim	0.392609068411241
08	rh_G_and_S_transv_frontopol	prestim	0.0693875110140085
08	rh_G_and_S_transv_frontopol	stim	0.0928835449425364
08	rh_G_cingul-Post-dorsal	prestim	0.0522761566139395
08	rh_G_cingul-Post-dorsal	stim	0.106737945365894
08	rh_G_cingul-Post-ventral	prestim	0.0616510603915297
08	rh_G_cingul-Post-ventral	stim	0.0923740423088579
08	rh_G_cuneus	prestim	0.0791669245051471
08	rh_G_cuneus	stim	0.0799545541547308
08	rh_G_front_inf-Opercular	prestim	0.0595606154513504
08	rh_G_front_inf-Opercular	stim	0.253332697753628
08	rh_G_front_inf-Orbital	prestim	0.0543461387461617
08	rh_G_front_inf-Orbital	stim	0.0936884634648953
08	rh_G_front_inf-Triangul	prestim	0.0672052577360764
08	rh_G_front_inf-Triangul	stim	0.0801459113993621
08	rh_G_front_middle	prestim	0.0954512250696275
08	rh_G_front_middle	stim	0.0943570688743492
08	rh_G_front_sup	prestim	0.0899765698832278
08	rh_G_front_sup	stim	0.0688639493317613
08	rh_G_insular_short	prestim	0.0772538205606922
08	rh_G_insular_short	stim	0.0696032867680546
08	rh_G_oc-temp_lat-fusifor	prestim	0.078303249087915
08	rh_G_oc-temp_lat-fusifor	stim	0.119107021545987
08	rh_G_oc-temp_med-Lingual	prestim	0.0831850288996005
08	rh_G_oc-temp_med-Lingual	stim	0.0550930193751877
08	rh_G_oc-temp_med-Parahip	prestim	0.0650806743002116
08	rh_G_oc-temp_med-Parahip	stim	0.127977865819668
08	rh_G_occipital_middle	prestim	0.0645062525129698
08	rh_G_occipital_middle	stim	0.113334672731598
08	rh_G_occipital_sup	prestim	0.0773172218896378
08	rh_G_occipital_sup	stim	0.0762923350066042
08	rh_G_orbital	prestim	0.0776538422386958
08	rh_G_orbital	stim	0.220068122879704
08	rh_G_pariet_inf-Angular	prestim	0.067265972289721
08	rh_G_pariet_inf-Angular	stim	0.120140356077041
08	rh_G_pariet_inf-Supramar	prestim	0.0629547860462045
08	rh_G_pariet_inf-Supramar	stim	0.300961982414643
08	rh_G_parietal_sup	prestim	0.0630137127294849
08	rh_G_parietal_sup	stim	0.0950473741494479
08	rh_G_postcentral	prestim	0.0655587482277393
08	rh_G_postcentral	stim	0.204442450522387
08	rh_G_precentral	prestim	0.0726733616284284
08	rh_G_precentral	stim	0.154678861870905
08	rh_G_precuneus	prestim	0.0915277719946501
08	rh_G_precuneus	stim	0.0778807260614575
08	rh_G_rectus	prestim	0.068707639817351
08	rh_G_rectus	stim	0.118602323892792
08	rh_G_subcallosal	prestim	0.078036286144837
08	rh_G_subcallosal	stim	0.0712031736694951
08	rh_G_temp_sup-G_T_transv	prestim	0.0616646356881073
08	rh_G_temp_sup-G_T_transv	stim	0.505645963989938
08	rh_G_temp_sup-Lateral	prestim	0.0628764240877477
08	rh_G_temp_sup-Lateral	stim	0.304834319728207
08	rh_G_temp_sup-Plan_polar	prestim	0.0835302812048125
08	rh_G_temp_sup-Plan_polar	stim	0.0704113307926252
08	rh_G_temp_sup-Plan_tempo	prestim	0.0726261537003329
08	rh_G_temp_sup-Plan_tempo	stim	0.161011453458822
08	rh_G_temporal_inf	prestim	0.0841653534261239
08	rh_G_temporal_inf	stim	0.156077095180217
08	rh_G_temporal_middle	prestim	0.0696014614554896
08	rh_G_temporal_middle	stim	0.111364440067032
08	rh_Lat_Fis-ant-Horizont	prestim	0.0904197913599662
08	rh_Lat_Fis-ant-Horizont	stim	0.110701781918721
08	rh_Lat_Fis-ant-Vertical	prestim	0.0603768185605984
08	rh_Lat_Fis-ant-Vertical	stim	0.110554287269993
08	rh_Lat_Fis-post	prestim	0.0868286562104823
08	rh_Lat_Fis-post	stim	0.150611797786964
08	rh_Pole_occipital	prestim	0.0849178188449385
08	rh_Pole_occipital	stim	0.0629263398493523
08	rh_Pole_temporal	prestim	0.0616530955369602
08	rh_Pole_temporal	stim	0.0888525759538188
08	rh_S_calcarine	prestim	0.0746597168127877
08	rh_S_calcarine	stim	0.0908936510105062
08	rh_S_central	prestim	0.0617232711669114
08	rh_S_central	stim	0.230919736596043
08	rh_S_cingul-Marginalis	prestim	0.0623888486330781
08	rh_S_cingul-Marginalis	stim	0.0631519082046005
08	rh_S_circular_insula_ant	prestim	0.0749992250219012
08	rh_S_circular_insula_ant	stim	0.0962234326387633
08	rh_S_circular_insula_inf	prestim	0.0815347796961781
08	rh_S_circular_insula_inf	stim	0.35437146928272
08	rh_S_circular_insula_sup	prestim	0.0660768446750256
08	rh_S_circular_insula_sup	stim	0.31516584361754
08	rh_S_collat_transv_ant	prestim	0.0836154234474217
08	rh_S_collat_transv_ant	stim	0.146564524404338
08	rh_S_collat_transv_post	prestim	0.0754136160914799
08	rh_S_collat_transv_post	stim	0.0814731733303202
08	rh_S_front_inf	prestim	0.0710543609335276
08	rh_S_front_inf	stim	0.086391448901012
08	rh_S_front_middle	prestim	0.0779540185149027
08	rh_S_front_middle	stim	0.071436260361417
08	rh_S_front_sup	prestim	0.0596492937425639
08	rh_S_front_sup	stim	0.0607580175855221
08	rh_S_interm_prim-Jensen	prestim	0.0593195468558032
08	rh_S_interm_prim-Jensen	stim	0.0853909414104688
08	rh_S_intrapariet_and_P_trans	prestim	0.078674473749282
08	rh_S_intrapariet_and_P_trans	stim	0.0554548792129906
08	rh_S_oc-temp_lat	prestim	0.0850162328074522
08	rh_S_oc-temp_lat	stim	0.0900238438767019
08	rh_S_oc-temp_med_and_Lingual	prestim	0.0916301801019078
08	rh_S_oc-temp_med_and_Lingual	stim	0.142877424811767
08	rh_S_oc_middle_and_Lunatus	prestim	0.0767451658127571
08	rh_S_oc_middle_and_Lunatus	stim	0.0778612431766191
08	rh_S_oc_sup_and_transversal	prestim	0.0771734752382871
08	rh_S_oc_sup_and_transversal	stim	0.13911855302524
08	rh_S_occipital_ant	prestim	0.0849775943183396
08	rh_S_occipital_ant	stim	0.0818370847290434
08	rh_S_orbital-H_Shaped	prestim	0.0762750849109042
08	rh_S_orbital-H_Shaped	stim	0.189847070687254
08	rh_S_orbital_lateral	prestim	0.0575815997166553
08	rh_S_orbital_lateral	stim	0.0917070535913544
08	rh_S_orbital_med-olfact	prestim	0.0737291912250376
08	rh_S_orbital_med-olfact	stim	0.185293015248349
08	rh_S_parieto_occipital	prestim	0.0777624569127674
08	rh_S_parieto_occipital	stim	0.0623070125765127
08	rh_S_pericallosal	prestim	0.0894593232137855
08	rh_S_pericallosal	stim	0.113016217493972
08	rh_S_postcentral	prestim	0.0581773807689682
08	rh_S_postcentral	stim	0.117583844747536
08	rh_S_precentral-inf-part	prestim	0.0644111747195072
08	rh_S_precentral-inf-part	stim	0.129929846968735
08	rh_S_precentral-sup-part	prestim	0.0643648809271691
08	rh_S_precentral-sup-part	stim	0.165686165236399
08	rh_S_suborbital	prestim	0.0761899996170539
08	rh_S_suborbital	stim	0.071042374405098
08	rh_S_subparietal	prestim	0.0698468177322674
08	rh_S_subparietal	stim	0.0810107260892416
08	rh_S_temporal_inf	prestim	0.0784642518163203
08	rh_S_temporal_inf	stim	0.120472787007866
08	rh_S_temporal_sup	prestim	0.0878500364928143
08	rh_S_temporal_sup	stim	0.221706491322485
08	rh_S_temporal_transverse	prestim	0.0543893666004017
08	rh_S_temporal_transverse	stim	0.42221720229002
09	lh_G_Ins_lg_and_S_cent_ins	prestim	0.0772002071952764
09	lh_G_Ins_lg_and_S_cent_ins	stim	0.118654654510943
09	lh_G_and_S_cingul-Ant	prestim	0.064178775389148
09	lh_G_and_S_cingul-Ant	stim	0.0935161449603011
09	lh_G_and_S_cingul-Mid-Ant	prestim	0.0635180691959827
09	lh_G_and_S_cingul-Mid-Ant	stim	0.121777607061289
09	lh_G_and_S_cingul-Mid-Post	prestim	0.0691646376216508
09	lh_G_and_S_cingul-Mid-Post	stim	0.255555810263908
09	lh_G_and_S_frontomargin	prestim	0.0623968394057682
09	lh_G_and_S_frontomargin	stim	0.0747501124804456
09	lh_G_and_S_occipital_inf	prestim	0.0680979964789745
09	lh_G_and_S_occipital_inf	stim	0.0715107080393675
09	lh_G_and_S_paracentral	prestim	0.0636340891951212
09	lh_G_and_S_paracentral	stim	0.12919460915366
09	lh_G_and_S_subcentral	prestim	0.0728097656907322
09	lh_G_and_S_subcentral	stim	0.599933902061447
09	lh_G_and_S_transv_frontopol	prestim	0.071951094867896
09	lh_G_and_S_transv_frontopol	stim	0.10089275447558
09	lh_G_cingul-Post-dorsal	prestim	0.0776851656591488
09	lh_G_cingul-Post-dorsal	stim	0.128715697793107
09	lh_G_cingul-Post-ventral	prestim	0.0763637425584462
09	lh_G_cingul-Post-ventral	stim	0.12599454634801
09	lh_G_cuneus	prestim	0.0802802176672355
09	lh_G_cuneus	stim	0.106619651100952
09	lh_G_front_inf-Opercular	prestim	0.0731158222287012
09	lh_G_front_inf-Opercular	stim	0.114431032500561
09	lh_G_front_inf-Orbital	prestim	0.0583270796864957
09	lh_G_front_inf-Orbital	stim	0.115312374550931
09	lh_G_front_inf-Triangul	prestim	0.0840690339152832
09	lh_G_front_inf-Triangul	stim	0.141811255574134
09	lh_G_front_middle	prestim	0.0645335708768213
09	lh_G_front_middle	stim	0.119186888271698
09	lh_G_front_sup	prestim	0.0722378003627515
09	lh_G_front_sup	stim	0.0861639832647453
09	lh_G_insular_short	prestim	0.047874561214979
09	lh_G_insular_short	stim	0.175179994339025
09	lh_G_oc-temp_lat-fusifor	prestim	0.0754629778708117
09	lh_G_oc-temp_lat-fusifor	stim	0.136069406105707
09	lh_G_oc-temp_med-Lingual	prestim	0.090429441848138
09	lh_G_oc-temp_med-Lingual	stim	0.0804547341274727
09	lh_G_oc-temp_med-Parahip	prestim	0.0676260361956034
09	lh_G_oc-temp_med-Parahip	stim	0.164837296717128
09	lh_G_occipital_middle	prestim	0.0677440126505006
09	lh_G_occipital_middle	stim	0.0915944320425645
09	lh_G_occipital_sup	prestim	0.081750369438851
09	lh_G_occipital_sup	stim	0.120258184222145
09	lh_G_orbital	prestim	0.0604703272137898
09	lh_G_orbital	stim	0.23339119649263
09	lh_G_pariet_inf-Angular	prestim	0.0663812503648151
09	lh_G_pariet_inf-Angular	stim	0.166831159513022
09	lh_G_pariet_inf-Supramar	prestim	0.080395203037508
09	lh_G_pariet_inf-Supramar	stim	0.506316196176561
09	lh_G_parietal_sup	prestim	0.0935914019190407
09	lh_G_parietal_sup	stim	0.092931783868647
09	lh_G_postcentral	prestim	0.0641443447241899
09	lh_G_postcentral	stim	0.397527104760503
09	lh_G_precentral	prestim	0.0546086405567651
09	lh_G_precentral	stim	0.0777346326833069
09	lh_G_precuneus	prestim	0.0805721001436856
09	lh_G_precuneus	stim	0.0563938658937566
09	lh_G_rectus	prestim	0.0656977775519243
09	lh_G_rectus	stim	0.0997777343421767
09	lh_G_subcallosal	prestim	0.0672290710320037
09	lh_G_subcallosal	stim	0.0818020598539248
09	lh_G_temp_sup-G_T_transv	prestim	0.0836817570032282
09	lh_G_temp_sup-G_T_transv	stim	0.644908595545909
09	lh_G_temp_sup-Lateral	prestim	0.0826400999335418
09	lh_G_temp_sup-Lateral	stim	0.113406781623077
09	lh_G_temp_sup-Plan_polar	prestim	0.0751301337246888
09	lh_G_temp_sup-Plan_polar	stim	0.302689751167966
09	lh_G_temp_sup-Plan_tempo	prestim	0.0634055547454634
09	lh_G_temp_sup-Plan_tempo	stim	0.455814985544341
09	lh_G_temporal_inf	prestim	0.0784109647829687
09	lh_G_temporal_inf	stim	0.122754145744491
09	lh_G_temporal_middle	prestim	0.0765976387597828
09	lh_G_temporal_middle	stim	0.106542709550304
09	lh_Lat_Fis-ant-Horizont	prestim	0.0765628875366434
09	lh_Lat_Fis-ant-Horizont	stim	0.108473807211555
09	lh_Lat_Fis-ant-Vertical	prestim	0.0809169806271262
09	lh_Lat_Fis-ant-Vertical	stim	0.265919489667759
09	lh_Lat_Fis-post	prestim	0.0626246450738933
09	lh_Lat_Fis-post	stim	0.352528694725943
09	lh_Pole_occipital	prestim	0.0517825291187504
09	lh_Pole_occipital	stim	0.075988880467686
09	lh_Pole_temporal	prestim	0.0663907104838384
09	lh_Pole_temporal	stim	0.127521262591842
09	lh_S_calcarine	prestim	0.0889157986752651
09	lh_S_calcarine	stim	0.10041380328456
09	lh_S_central	prestim	0.0699388424354512
09	lh_S_central	stim	0.299732987976551
09	lh_S_cingul-Marginalis	prestim	0.082927999383633
09	lh_S_cingul-Marginalis	stim	0.124200723100553
09	lh_S_circular_insula_ant	prestim	0.0591149044089357
09	lh_S_circular_insula_ant	stim	0.14136913876755
09	lh_S_circular_insula_inf	prestim	0.0690647669905134
09	lh_S_circular_insula_inf	stim	0.0785259687279822
09	lh_S_circular_insula_sup	prestim	0.0694653165678118
09	lh_S_circular_insula_sup	stim	0.325251919052983
09	lh_S_collat_transv_ant	prestim	0.0600553583551339
09	lh_S_collat_transv_ant	stim	0.147298506616282
09	lh_S_collat_transv_post	prestim	0.0852458191485495
09	lh_S_collat_transv_post	stim	0.0734360934273651
09	lh_S_front_inf	prestim	0.0517741473436603
09	lh_S_front_inf	stim	0.331969479309556
09	lh_S_front_middle	prestim	0.0657995151510852
09	lh_S_front_middle	stim	0.0963150896979494
09	lh_S_front_sup	prestim	0.0484280709176964
09	lh_S_front_sup	stim	0.0868127027926543
09	lh_S_interm_prim-Jensen	prestim	0.0868721455034147
09	lh_S_interm_prim-Jensen	stim	0.149461847941748
09	lh_S_intrapariet_and_P_trans	prestim	0.0705662121002138
09	lh_S_intrapariet_and_P_trans	stim	0.237385522444901
09	lh_S_oc-temp_lat	prestim	0.0775090635913057
09	lh_S_oc-temp_lat	stim	0.142337980668654
09	lh_S_oc-temp_med_and_Lingual	prestim	0.0633860550735724
09	lh_S_oc-temp_med_and_Lingual	stim	0.146883867497312
09	lh_S_oc_middle_and_Lunatus	prestim	0.0747131669860343
09	lh_S_oc_middle_and_Lunatus	stim	0.0859046985080894
09	lh_S_oc_sup_and_transversal	prestim	0.084945810366384
09	lh_S_oc_sup_and_transversal	stim	0.0920964558191678
09	lh_S_occipital_ant	prestim	0.0558450316633885
09	lh_S_occipital_ant	stim	0.136238373629901
09	lh_S_orbital-H_Shaped	prestim	0.0453086612912266
09	lh_S_orbital-H_Shaped	stim	0.22508996192292
09	lh_S_orbital_lateral	prestim	0.0710167534894513
09	lh_S_orbital_lateral	stim	0.0867610042445932
09	lh_S_orbital_med-olfact	prestim	0.0559495161105171
09	lh_S_orbital_med-olfact	stim	0.284101779857771
09	lh_S_parieto_occipital	prestim	0.0740335863154088
09	lh_S_parieto_occipital	stim	0.0906686193070522
09	lh_S_pericallosal	prestim	0.0543705839906091
09	lh_S_pericallosal	stim	0.0699470865379749
09	lh_S_postcentral	prestim	0.054478653577399
09	lh_S_postcentral	stim	0.125456359476332
09	lh_S_precentral-inf-part	prestim	0.0684770150441272
09	lh_S_precentral-inf-part	stim	0.518128313658445
09	lh_S_precentral-sup-part	prestim	0.0600398581853665
09	lh_S_precentral-sup-part	stim	0.271241396449808
09	lh_S_suborbital	prestim	0.0593717520538325
09	lh_S_suborbital	stim	0.189526140242244
09	lh_S_subparietal	prestim	0.086905881353044
09	lh_S_subparietal	stim	0.0683903465328778
09	lh_S_temporal_inf	prestim	0.0783548396221544
09	lh_S_temporal_inf	stim	0.0997850871130902
09	lh_S_temporal_sup	prestim	0.0784582210873727
09	lh_S_temporal_sup	stim	0.107688609036916
09	lh_S_temporal_transverse	prestim	0.0724402656147015
09	lh_S_temporal_transverse	stim	0.29230932796466
09	rh_G_Ins_lg_and_S_cent_ins	prestim	0.0417426964662534
09	rh_G_Ins_lg_and_S_cent_ins	stim	0.451316429670623
09	rh_G_and_S_cingul-Ant	prestim	0.0605210037961572
09	rh_G_and_S_cingul-Ant	stim	0.15713872146742
09	rh_G_and_S_cingul-Mid-Ant	prestim	0.0562626163017102
09	rh_G_and_S_cingul-Mid-Ant	stim	0.248590989049263
09	rh_G_and_S_cingul-Mid-Post	prestim	0.0801417060135825
09	rh_G_and_S_cingul-Mid-Post	stim	0.133101022096023
09	rh_G_and_S_frontomargin	prestim	0.066890409827341
09	rh_G_and_S_frontomargin	stim	0.0898659856324911
09	rh_G_and_S_occipital_inf	prestim	0.0666796622972001
09	rh_G_and_S_occipital_inf	stim	0.0666040991998456
09	rh_G_and_S_paracentral	prestim	0.0727348023858275
09	rh_G_and_S_paracentral	stim	0.0959592960082891
09	rh_G_and_S_subcentral	prestim	0.0756674844045915
09	rh_G_and_S_subcentral	stim	0.670525033318875
09	rh_G_and_S_transv_frontopol	prestim	0.057487351599334
09	rh_G_and_S_transv_frontopol	stim	0.177916849970865
09	rh_G_cingul-Post-dorsal	prestim	0.0765848306051823
09	rh_G_cingul-Post-dorsal	stim	0.154830328858291
09	rh_G_cingul-Post-ventral	prestim	0.0779905392009035
09	rh_G_cingul-Post-ventral	stim	0.11118490537785
09	rh_G_cuneus	prestim	0.0780309785160652
09	rh_G_cuneus	stim	0.072209158759968
09	rh_G_front_inf-Opercular	prestim	0.0771373245718321
09	rh_G_front_inf-Opercular	stim	0.162428362769011
09	rh_G_front_inf-Orbital	prestim	0.054953225663487
09	rh_G_front_inf-Orbital	stim	0.128147807806765
09	rh_G_front_inf-Triangul	prestim	0.0659911039218657
09	rh_G_front_inf-Triangul	stim	0.342100396687862
09	rh_G_front_middle	prestim	0.0787270854385034
09	rh_G_front_middle	stim	0.0992731912360647
09	rh_G_front_sup	prestim	0.0675150825012358
09	rh_G_front_sup	stim	0.0743280444343692
09	rh_G_insular_short	prestim	0.0660449573489853
09	rh_G_insular_short	stim	0.21576635362073
09	rh_G_oc-temp_lat-fusifor	prestim	0.0679825755552093
09	rh_G_oc-temp_lat-fusifor	stim	0.144391166806508
09	rh_G_oc-temp_med-Lingual	prestim	0.0794217853251002
09	rh_G_oc-temp_med-Lingual	stim	0.0911856319940259
09	rh_G_oc-temp_med-Parahip	prestim	0.0651457691021383
09	rh_G_oc-temp_med-Parahip	stim	0.121616118311916
09	rh_G_occipital_middle	prestim	0.063122158458256
09	rh_G_occipital_middle	stim	0.0874122294858436
09	rh_G_occipital_sup	prestim	0.0646083662913335
09	rh_G_occipital_sup	stim	0.0703389251213908
09	rh_G_orbital	prestim	0.0626059445459224
09	rh_G_orbital	stim	0.325222011982638
09	rh_G_pariet_inf-Angular	prestim	0.0676277201105215
09	rh_G_pariet_inf-Angular	stim	0.080165443379364
09	rh_G_pariet_inf-Supramar	prestim	0.0652737370045471
09	rh_G_pariet_inf-Supramar	stim	0.577936764081633
09	rh_G_parietal_sup	prestim	0.0824558830883834
09	rh_G_parietal_sup	stim	0.0916843379593822
09	rh_G_postcentral	prestim	0.0533095803752574
09	rh_G_postcentral	stim	0.460213481121931
09	rh_G_precentral	prestim	0.0706670724271363
09	rh_G_precentral	stim	0.107000572433623
09	rh_G_precuneus	prestim	0.0921079196139126
09	rh_G_precuneus	stim	0.133445537360398
09	rh_G_rectus	prestim	0.0685866341280629
09	rh_G_rectus	stim	0.176208768568453
09	rh_G_subcallosal	prestim	0.0871081413478756
09	rh_G_subcallosal	stim	0.17028706073673
09	rh_G_temp_sup-G_T_transv	prestim	0.0885861254047384
09	rh_G_temp_sup-G_T_transv	stim	0.747122271196352
09	rh_G_temp_sup-Lateral	prestim	0.0636575240165999
09	rh_G_temp_sup-Lateral	stim	0.627674285137515
09	rh_G_temp_sup-Plan_polar	prestim	0.0743258597367646
09	rh_G_temp_sup-Plan_polar	stim	0.362994377381157
09	rh_G_temp_sup-Plan_tempo	prestim	0.0769345811492877
09	rh_G_temp_sup-Plan_tempo	stim	0.567842716378215
09	rh_G_temporal_inf	prestim	0.0729699168388109
09	rh_G_temporal_inf	stim	0.116605161236283
09	rh_G_temporal_middle	prestim	0.0653747618543349
09	rh_G_temporal_middle	stim	0.211361221227643
09	rh_Lat_Fis-ant-Horizont	prestim	0.0588353402555277
09	rh_Lat_Fis-ant-Horizont	stim	0.126857622446267
09	rh_Lat_Fis-ant-Vertical	prestim	0.0514040076890277
09	rh_Lat_Fis-ant-Vertical	stim	0.116263300586949
09	rh_Lat_Fis-post	prestim	0.0874074870167244
09	rh_Lat_Fis-post	stim	0.209411996233888
09	rh_Pole_occipital	prestim	0.0524799021454554
09	rh_Pole_occipital	stim	0.0600418084787102
09	rh_Pole_temporal	prestim	0.0685853627792195
09	rh_Pole_temporal	stim	0.213328382692782
09	rh_S_calcarine	prestim	0.0654486952323274
09	rh_S_calcarine	stim	0.0828780489132712
09	rh_S_central	prestim	0.0685147249807763
09	rh_S_central	stim	0.329829713555794
09	rh_S_cingul-Marginalis	prestim	0.0866795304118115
09	rh_S_cingul-Marginalis	stim	0.164361757529871
09	rh_S_circular_insula_ant	prestim	0.0749111854931222
09	rh_S_circular_insula_ant	stim	0.123001272778315
09	rh_S_circular_insula_inf	prestim	0.0610421222677185
09	rh_S_circular_insula_inf	stim	0.15565030388599
09	rh_S_circular_insula_sup	prestim	0.046270985123496
09	rh_S_circular_insula_sup	stim	0.477613833658301
09	rh_S_collat_transv_ant	prestim	0.0742677892733341
09	rh_S_collat_transv_ant	stim	0.143815486278375
09	rh_S_collat_transv_post	prestim	0.0883996571989742
09	rh_S_collat_transv_post	stim	0.0805500344541146
09	rh_S_front_inf	prestim	0.0790702000917868
09	rh_S_front_inf	stim	0.44920491156393
09	rh_S_front_middle	prestim	0.0675914070142204
09	rh_S_front_middle	stim	0.0912453401793163
09	rh_S_front_sup	prestim	0.0801390165848574
09	rh_S_front_sup	stim	0.0986573780120758
09	rh_S_interm_prim-Jensen	prestim	0.0737332138134011
09	rh_S_interm_prim-Jensen	stim	0.270315552676818
09	rh_S_intrapariet_and_P_trans	prestim	0.072180914257403
09	rh_S_intrapariet_and_P_trans	stim	0.160838282332793
09	rh_S_oc-temp_lat	prestim	0.0770008943364104
09	rh_S_oc-temp_lat	stim	0.140952938325486
09	rh_S_oc-temp_med_and_Lingual	prestim	0.0818470583640546
09	rh_S_oc-temp_med_and_Lingual	stim	0.155163905094763
09	rh_S_oc_middle_and_Lunatus	prestim	0.0660842815151057
09	rh_S_oc_middle_and_Lunatus	stim	0.069090208745371
09	rh_S_oc_sup_and_transversal	prestim	0.057720086043648
09	rh_S_oc_sup_and_transversal	stim	0.090593909758159
09	rh_S_occipital_ant	prestim	0.0743026017319293
09	rh_S_occipital_ant	stim	0.0865052115997029
09	rh_S_orbital-H_Shaped	prestim	0.0618780450656779
09	rh_S_orbital-H_Shaped	stim	0.223605938126298
09	rh_S_orbital_lateral	prestim	0.0770635803216895
09	rh_S_orbital_lateral	stim	0.108337773722498
09	rh_S_orbital_med-olfact	prestim	0.0607877896698847
09	rh_S_orbital_med-olfact	stim	0.265234309091638
09	rh_S_parieto_occipital	prestim	0.0779665527867668
09	rh_S_parieto_occipital	stim	0.100738738930895
09	rh_S_pericallosal	prestim	0.0507420103594615
09	rh_S_pericallosal	stim	0.160233820793758
09	rh_S_postcentral	prestim	0.0861775164632353
09	rh_S_postcentral	stim	0.257684329005682
09	rh_S_precentral-inf-part	prestim	0.0845214586603377
09	rh_S_precentral-inf-part	stim	0.441506245786638
09	rh_S_precentral-sup-part	prestim	0.0670728263431135
09	rh_S_precentral-sup-part	stim	0.232266575467595
09	rh_S_suborbital	prestim	0.0690964296591403
09	rh_S_suborbital	stim	0.106335979666317
09	rh_S_subparietal	prestim	0.0924099374374121
09	rh_S_subparietal	stim	0.159170649903946
09	rh_S_temporal_inf	prestim	0.0651188808565056
09	rh_S_temporal_inf	stim	0.117548673982883
09	rh_S_temporal_sup	prestim	0.0594108938238143
09	rh_S_temporal_sup	stim	0.165457856806365
09	rh_S_temporal_transverse	prestim	0.0727406502123327
09	rh_S_temporal_transverse	stim	0.730340781262673
10	lh_G_Ins_lg_and_S_cent_ins	prestim	0.0690301122067259
10	lh_G_Ins_lg_and_S_cent_ins	stim	0.433850235171787
10	lh_G_and_S_cingul-Ant	prestim	0.0738071467482245
10	lh_G_and_S_cingul-Ant	stim	0.114305986663076
10	lh_G_and_S_cingul-Mid-Ant	prestim	0.0584689349537037
10	lh_G_and_S_cingul-Mid-Ant	stim	0.0857224593329569
10	lh_G_and_S_cingul-Mid-Post	prestim	0.0660449413586468
10	lh_G_and_S_cingul-Mid-Post	stim	0.184771967376387
10	lh_G_and_S_frontomargin	prestim	0.0806622601902252
10	lh_G_and_S_frontomargin	stim	0.103369432391051
10	lh_G_and_S_occipital_inf	prestim	0.0889400030490713
10	lh_G_and_S_occipital_inf	stim	0.123503411490665
10	lh_G_and_S_paracentral	prestim	0.0748651778049933
10	lh_G_and_S_paracentral	stim	0.109325399765419
10	lh_G_and_S_subcentral	prestim	0.0733455482162941
10	lh_G_and_S_subcentral	stim	0.430099137704388
10	lh_G_and_S_transv_frontopol	prestim	0.0742554487352395
10	lh_G_and_S_transv_frontopol	stim	0.149134468353661
10	lh_G_cingul-Post-dorsal	prestim	0.0834087973964455
10	lh_G_cingul-Post-dorsal	stim	0.221170478064712
10	lh_G_cingul-Post-ventral	prestim	0.0962677296357484
10	lh_G_cingul-Post-ventral	stim	0.101481336207463
10	lh_G_cuneus	prestim	0.0882672794760117
10	lh_G_cuneus	stim	0.0906975069109523
10	lh_G_front_inf-Opercular	prestim	0.0623174158211619
10	lh_G_front_inf-Opercular	stim	0.286799655362164
10	lh_G_front_inf-Orbital	prestim	0.122768855591069
10	lh_G_front_inf-Orbital	stim	0.219524496325224
10	lh_G_front_inf-Triangul	prestim	0.0577282461754622
10	lh_G_front_inf-Triangul	stim	0.146954757926622
10	lh_G_front_middle	prestim	0.0737372599990352
10	lh_G_front_middle	stim	0.112107202351896
10	lh_G_front_sup	prestim	0.0673417429905533
10	lh_G_front_sup	stim	0.137446389451969
10	lh_G_insular_short	prestim	0.0725928476399421
10	lh_G_insular_short	stim	0.331002919396902
10	lh_G_oc-temp_lat-fusifor	prestim	0.0855184631656618
10	lh_G_oc-temp_lat-fusifor	stim	0.515086342267378
10	lh_G_oc-temp_med-Lingual	prestim	0.0591022561315332
10	lh_G_oc-temp_med-Lingual	stim	0.187294313483113
10	lh_G_oc-temp_med-Parahip	prestim	0.0666201358776019
10	lh_G_oc-temp_med-Parahip	stim	0.280363014637941
10	lh_G_occipital_middle	prestim	0.0852884160569005
10	lh_G_occipital_middle	stim	0.0934594413415427
10	lh_G_occipital_sup	prestim	0.0807710797983801
10	lh_G_occipital_sup	stim	0.104664212513586
10	lh_G_orbital	prestim	0.0809174279272939
10	lh_G_orbital	stim	0.289989459302991
10	lh_G_pariet_inf-Angular	prestim	0.0879822848689726
10	lh_G_pariet_inf-Angular	stim	0.177251305178668
10	lh_G_pariet_inf-Supramar	prestim	0.0575735482137221
10	lh_G_pariet_inf-Supramar	stim	0.527846384817544
10	lh_G_parietal_sup	prestim	0.0802352963568554
10	lh_G_parietal_sup	stim	0.0838403869364147
10	lh_G_postcentral	prestim	0.0657028834695533
10	lh_G_postcentral	stim	0.341290380664664
10	lh_G_precentral	prestim	0.079690155516571
10	lh_G_precentral	stim	0.0902792127612652
10	lh_G_precuneus	prestim	0.0848524562636027
10	lh_G_precuneus	stim	0.136897138684446
10	lh_G_rectus	prestim	0.0886423610659724
10	lh_G_rectus	stim	0.106856063310762
10	lh_G_subcallosal	prestim	0.080669014369437
10	lh_G_subcallosal	stim	0.264031843550297
10	lh_G_temp_sup-G_T_transv	prestim	0.0836279179602414
10	lh_G_temp_sup-G_T_transv	stim	0.678082783439158
10	lh_G_temp_sup-Lateral	prestim	0.0760755324142147
10	lh_G_temp_sup-Lateral	stim	0.588849769076353
10	lh_G_temp_sup-Plan_polar	prestim	0.0682693782509217
10	lh_G_temp_sup-Plan_polar	stim	0.212032216000925
10	lh_G_temp_sup-Plan_tempo	prestim	0.0719853122980954
10	lh_G_temp_sup-Plan_tempo	stim	0.442178047625814
10	lh_G_temporal_inf	prestim	0.0759166695540942
10	lh_G_temporal_inf	stim	0.450640741185374
10	lh_G_temporal_middle	prestim	0.0942833770815572
10	lh_G_temporal_middle	stim	0.327253407216838
10	lh_Lat_Fis-ant-Horizont	prestim	0.088068152332115
10	lh_Lat_Fis-ant-Horizont	stim	0.133036743133234
10	lh_Lat_Fis-ant-Vertical	prestim	0.0894271098543841
10	lh_Lat_Fis-ant-Vertical	stim	0.143454876467897
10	lh_Lat_Fis-post	prestim	0.0706112280750753
10	lh_Lat_Fis-post	stim	0.223796105221084
10	lh_Pole_occipital	prestim	0.0568090602493714
10	lh_Pole_occipital	stim	0.084171491059649
10	lh_Pole_temporal	prestim	0.0738771220530786
10	lh_Pole_temporal	stim	0.148941734849995
10	lh_S_calcarine	prestim	0.0705451702912555
10	lh_S_calcarine	stim	0.168545367124835
10	lh_S_central	prestim	0.0934038627216746
10	lh_S_central	stim	0.394496663004551
10	lh_S_cingul-Marginalis	prestim	0.0819601447578731
10	lh_S_cingul-Marginalis	stim	0.175064513247556
10	lh_S_circular_insula_ant	prestim	0.107149020437682
10	lh_S_circular_insula_ant	stim	0.233570170751741
10	lh_S_circular_insula_inf	prestim	0.0754579928644832
10	lh_S_circular_insula_inf	stim	0.386300004362355
10	lh_S_circular_insula_sup	prestim	0.0738934007412585
10	lh_S_circular_insula_sup	stim	0.198987793294258
10	lh_S_collat_transv_ant	prestim	0.0753102505736684
10	lh_S_collat_transv_ant	stim	0.286302908110625
10	lh_S_collat_transv_post	prestim	0.0883779165931266
10	lh_S_collat_transv_post	stim	0.0958488802753399
10	lh_S_front_inf	prestim	0.062562748460058
10	lh_S_front_inf	stim	0.176245751263901
10	lh_S_front_middle	prestim	0.0735637029261632
10	lh_S_front_middle	stim	0.126604574619604
10	lh_S_front_sup	prestim	0.0861269527650236
10	lh_S_front_sup	stim	0.0851087535898465
10	lh_S_interm_prim-Jensen	prestim	0.0732748128286238
10	lh_S_interm_prim-Jensen	stim	0.184801309386959
10	lh_S_intrapariet_and_P_trans	prestim	0.0460601021847385
10	lh_S_intrapariet_and_P_trans	stim	0.125402637040965
10	lh_S_oc-temp_lat	prestim	0.0726989745932023
10	lh_S_oc-temp_lat	stim	0.227820729382261
10	lh_S_oc-temp_med_and_Lingual	prestim	0.0949193976093092
10	lh_S_oc-temp_med_and_Lingual	stim	0.54793864190983
10	lh_S_oc_middle_and_Lunatus	prestim	0.0605253639806675
10	lh_S_oc_middle_and_Lunatus	stim	0.0844104772218829
10	lh_S_oc_sup_and_transversal	prestim	0.0730164121276216
10	lh_S_oc_sup_and_transversal	stim	0.167908571920268
10	lh_S_occipital_ant	prestim	0.0615626745677972
10	lh_S_occipital_ant	stim	0.163945332202944
10	lh_S_orbital-H_Shaped	prestim	0.0768742796987673
10	lh_S_orbital-H_Shaped	stim	0.273209684108589
10	lh_S_orbital_lateral	prestim	0.0746364067119554
10	lh_S_orbital_lateral	stim	0.0837389206531242
10	lh_S_orbital_med-olfact	prestim	0.0724033856929632
10	lh_S_orbital_med-olfact	stim	0.412242388864895
10	lh_S_parieto_occipital	prestim	0.0875210956286419
10	lh_S_parieto_occipital	stim	0.0975080564506805
10	lh_S_pericallosal	prestim	0.0806273879485332
10	lh_S_pericallosal	stim	0.283484060978195
10	lh_S_postcentral	prestim	0.0784209272110296
10	lh_S_postcentral	stim	0.399021387491517
10	lh_S_precentral-inf-part	prestim	0.0779184101740198
10	lh_S_precentral-inf-part	stim	0.13031862531597
10	lh_S_precentral-sup-part	prestim	0.0952754670779912
10	lh_S_precentral-sup-part	stim	0.234858489584439
10	lh_S_suborbital	prestim	0.0836291970904556
10	lh_S_suborbital	stim	0.135700158120368
10	lh_S_subparietal	prestim	0.0862954054753519
10	lh_S_subparietal	stim	0.315434746541789
10	lh_S_temporal_inf	prestim	0.0565572876027381
10	lh_S_temporal_inf	stim	0.503217870551885
10	lh_S_temporal_sup	prestim	0.0854966472382058
10	lh_S_temporal_sup	stim	0.316876564223904
10	lh_S_temporal_transverse	prestim	0.0778979088287722
10	lh_S_temporal_transverse	stim	0.381658658031188
10	rh_G_Ins_lg_and_S_cent_ins	prestim	0.090222532512664
10	rh_G_Ins_lg_and_S_cent_ins	stim	0.6079472324697
10	rh_G_and_S_cingul-Ant	prestim	0.0835234841243474
10	rh_G_and_S_cingul-Ant	stim	0.140342532090904
10	rh_G_and_S_cingul-Mid-Ant	prestim	0.055589890530357
10	rh_G_and_S_cingul-Mid-Ant	stim	0.0807075619855241
10	rh_G_and_S_cingul-Mid-Post	prestim	0.0614174141221242
10	rh_G_and_S_cingul-Mid-Post	stim	0.140292938294247
10	rh_G_and_S_frontomargin	prestim	0.0986871097729036
10	rh_G_and_S_frontomargin	stim	0.169614256762141
10	rh_G_and_S_occipital_inf	prestim	0.0720222068252945
10	rh_G_and_S_occipital_inf	stim	0.138256760177344
10	rh_G_and_S_paracentral	prestim	0.0654715736603661
10	rh_G_and_S_paracentral	stim	0.147611069090064
10	rh_G_and_S_subcentral	prestim	0.0703835121989236
10	rh_G_and_S_subcentral	stim	0.422694995565602
10	rh_G_and_S_transv_frontopol	prestim	0.0796449680263355
10	rh_G_and_S_transv_frontopol	stim	0.124754998008496
10	rh_G_cingul-Post-dorsal	prestim	0.0747101808964066
10	rh_G_cingul-Post-dorsal	stim	0.25334186917827
10	rh_G_cingul-Post-ventral	prestim	0.081244956193532
10	rh_G_cingul-Post-ventral	stim	0.410959662709484
10	rh_G_cuneus	prestim	0.0788850989048864
10	rh_G_cuneus	stim	0.115534102196898
10	rh_G_front_inf-Opercular	prestim	0.0759932682311156
10	rh_G_front_inf-Opercular	stim	0.529018013918031
10	rh_G_front_inf-Orbital	prestim	0.0746523857017619
10	rh_G_front_inf-Orbital	stim	0.292414965736888
10	rh_G_front_inf-Triangul	prestim	0.110611069114065
10	rh_G_front_inf-Triangul	stim	0.133219090956354
10	rh_G_front_middle	prestim	0.0818416522215129
10	rh_G_front_middle	stim	0.190024289421249
10	rh_G_front_sup	prestim	0.080589079011968
10	rh_G_front_sup	stim	0.0906908951531225
10	rh_G_insular_short	prestim	0.0915100816943594
10	rh_G_insular_short	stim	0.380759202070308
10	rh_G_oc-temp_lat-fusifor	prestim	0.0702625498554175
10	rh_G_oc-temp_lat-fusifor	stim	0.423401959031367
10	rh_G_oc-temp_med-Lingual	prestim	0.0613450102048412
10	rh_G_oc-temp_med-Lingual	stim	0.166457181636097
10	rh_G_oc-temp_med-Parahip	prestim	0.0619657692928969
10	rh_G_oc-temp_med-Parahip	stim	0.299707981184019
10	rh_G_occipital_middle	prestim	0.0729483722514658
10	rh_G_occipital_middle	stim	0.14057478506398
10	rh_G_occipital_sup	prestim	0.0988482076060826
10	rh_G_occipital_sup	stim	0.105473375799512
10	rh_G_orbital	prestim	0.0788363562965272
10	rh_G_orbital	stim	0.421307963207714
10	rh_G_pariet_inf-Angular	prestim	0.0692023889748504
10	rh_G_pariet_inf-Angular	stim	0.229945552239384
10	rh_G_pariet_inf-Supramar	prestim	0.0619188708269707
10	rh_G_pariet_inf-Supramar	stim	0.640948574995341
10	rh_G_parietal_sup	prestim	0.0755998841484912
10	rh_G_parietal_sup	stim	0.110848496297355
10	rh_G_postcentral	prestim	0.0607394578973232
10	rh_G_postcentral	stim	0.560838162171203
10	rh_G_precentral	prestim	0.0782115190493119
10	rh_G_precentral	stim	0.239692475960189
10	rh_G_precuneus	prestim	0.0657464518113994
10	rh_G_precuneus	stim	0.162049064971083
10	rh_G_rectus	prestim	0.0758439603781413
10	rh_G_rectus	stim	0.290493858405857
10	rh_G_subcallosal	prestim	0.0565006642727228
10	rh_G_subcallosal	stim	0.339051893906784
10	rh_G_temp_sup-G_T_transv	prestim	0.0615585558616697
10	rh_G_temp_sup-G_T_transv	stim	0.68254456864094
10	rh_G_temp_sup-Lateral	prestim	0.0679384783315153
10	rh_G_temp_sup-Lateral	stim	0.689039316573673
10	rh_G_temp_sup-Plan_polar	prestim	0.0767847556267651
10	rh_G_temp_sup-Plan_polar	stim	0.23245824702015
10	rh_G_temp_sup-Plan_tempo	prestim	0.0754206071285476
10	rh_G_temp_sup-Plan_tempo	stim	0.656812062054534
10	rh_G_temporal_inf	prestim	0.0550972726236768
10	rh_G_temporal_inf	stim	0.42815139046883
10	rh_G_temporal_middle	prestim	0.07874518020818
10	rh_G_temporal_middle	stim	0.149719214119911
10	rh_Lat_Fis-ant-Horizont	prestim	0.0960272991914089
10	rh_Lat_Fis-ant-Horizont	stim	0.259502574314869
10	rh_Lat_Fis-ant-Vertical	prestim	0.0887196190141905
10	rh_Lat_Fis-ant-Vertical	stim	0.198868435816454
10	rh_Lat_Fis-post	prestim	0.0753680528320996
10	rh_Lat_Fis-post	stim	0.357261877122576
10	rh_Pole_occipital	prestim	0.0704550440881385
10	rh_Pole_occipital	stim	0.154831885058603
10	rh_Pole_temporal	prestim	0.0724068618008242
10	rh_Pole_temporal	stim	0.123875099825621
10	rh_S_calcarine	prestim	0.0743996308639429
10	rh_S_calcarine	stim	0.282375831840778
10	rh_S_central	prestim	0.0669954010565946
10	rh_S_central	stim	0.136039009896993
10	rh_S_cingul-Marginalis	prestim	0.0715575225229697
10	rh_S_cingul-Marginalis	stim	0.149524969038206
10	rh_S_circular_insula_ant	prestim	0.0876460177488162
10	rh_S_circular_insula_ant	stim	0.420821095539694
10	rh_S_circular_insula_inf	prestim	0.0679340648830212
10	rh_S_circular_insula_inf	stim	0.369243025060346
10	rh_S_circular_insula_sup	prestim	0.089174638787387
10	rh_S_circular_insula_sup	stim	0.561767584961433
10	rh_S_collat_transv_ant	prestim	0.0773348519158424
10	rh_S_collat_transv_ant	stim	0.343517278658906
10	rh_S_collat_transv_post	prestim	0.0661810665629732
10	rh_S_collat_transv_post	stim	0.158219760056247
10	rh_S_front_inf	prestim	0.062275467878526
10	rh_S_front_inf	stim	0.175020917895804
10	rh_S_front_middle	prestim	0.0818185500724377
10	rh_S_front_middle	stim	0.154193513780083
10	rh_S_front_sup	prestim	0.0757442881190787
10	rh_S_front_sup	stim	0.132048894252684
10	rh_S_interm_prim-Jensen	prestim	0.0829818477916342
10	rh_S_interm_prim-Jensen	stim	0.190227684868558
10	rh_S_intrapariet_and_P_trans	prestim	0.0660264841193713
10	rh_S_intrapariet_and_P_trans	stim	0.147302651847441
10	rh_S_oc-temp_lat	prestim	0.0631725229992506
10	rh_S_oc-temp_lat	stim	0.532873117455797
10	rh_S_oc-temp_med_and_Lingual	prestim	0.0541872929724064
10	rh_S_oc-temp_med_and_Lingual	stim	0.480787871640006
10	rh_S_oc_middle_and_Lunatus	prestim	0.0791634775909579
10	rh_S_oc_middle_and_Lunatus	stim	0.127047782133228
10	rh_S_oc_sup_and_transversal	prestim	0.0588361402256005
10	rh_S_oc_sup_and_transversal	stim	0.26076414358759
10	rh_S_occipital_ant	prestim	0.0544202713387896
10	rh_S_occipital_ant	stim	0.330133697818952
10	rh_S_orbital-H_Shaped	prestim	0.0794100862830251
10	rh_S_orbital-H_Shaped	stim	0.256690191405445
10	rh_S_orbital_lateral	prestim	0.0790911471714518
10	rh_S_orbital_lateral	stim	0.187788536383391
10	rh_S_orbital_med-olfact	prestim	0.0541174086876292
10	rh_S_orbital_med-olfact	stim	0.421452629835139
10	rh_S_parieto_occipital	prestim	0.0750822064758622
10	rh_S_parieto_occipital	stim	0.237990956023567
10	rh_S_pericallosal	prestim	0.0639013274179577
10	rh_S_pericallosal	stim	0.100024971406676
10	rh_S_postcentral	prestim	0.0693993751457442
10	rh_S_postcentral	stim	0.48895741059656
10	rh_S_precentral-inf-part	prestim	0.0849614136736244
10	rh_S_precentral-inf-part	stim	0.21468447411921
10	rh_S_precentral-sup-part	prestim	0.073773399705796
10	rh_S_precentral-sup-part	stim	0.256712374835769
10	rh_S_suborbital	prestim	0.0817911922691839
10	rh_S_suborbital	stim	0.197811268982706
10	rh_S_subparietal	prestim	0.087971358473863
10	rh_S_subparietal	stim	0.32747889091695
10	rh_S_temporal_inf	prestim	0.0675698927883388
10	rh_S_temporal_inf	stim	0.437059851220514
10	rh_S_temporal_sup	prestim	0.0825248573607742
10	rh_S_temporal_sup	stim	0.661092598583374
10	rh_S_temporal_transverse	prestim	0.0602865342620868
10	rh_S_temporal_transverse	stim	0.717298791315347
11	lh_G_Ins_lg_and_S_cent_ins	prestim	0.0658275691815583
11	lh_G_Ins_lg_and_S_cent_ins	stim	0.223218224670887
11	lh_G_and_S_cingul-Ant	prestim	0.0711416312571633
11	lh_G_and_S_cingul-Ant	stim	0.0953737873070344
11	lh_G_and_S_cingul-Mid-Ant	prestim	0.0829032365580175
11	lh_G_and_S_cingul-Mid-Ant	stim	0.0957870379818202
11	lh_G_and_S_cingul-Mid-Post	prestim	0.06648982881446
11	lh_G_and_S_cingul-Mid-Post	stim	0.120372381965473
11	lh_G_and_S_frontomargin	prestim	0.077728902439949
11	lh_G_and_S_frontomargin	stim	0.0805177935102892
11	lh_G_and_S_occipital_inf	prestim	0.0765767345142661
11	lh_G_and_S_occipital_inf	stim	0.0920686735582831
11	lh_G_and_S_paracentral	prestim	0.0959008582300625
11	lh_G_and_S_paracentral	stim	0.066654375098322
11	lh_G_and_S_subcentral	prestim	0.0559205475815917
11	lh_G_and_S_subcentral	stim	0.528106601745707
11	lh_G_and_S_transv_frontopol	prestim	0.0758433139263512
11	lh_G_and_S_transv_frontopol	stim	0.0923810345412064
11	lh_G_cingul-Post-dorsal	prestim	0.0576504365887808
11	lh_G_cingul-Post-dorsal	stim	0.0675088288682981
11	lh_G_cingul-Post-ventral	prestim	0.0643693534703567
11	lh_G_cingul-Post-ventral	stim	0.177573194869089
11	lh_G_cuneus	prestim	0.0567579207037485
11	lh_G_cuneus	stim	0.0934149155345864
11	lh_G_front_inf-Opercular	prestim	0.0635367414285853
11	lh_G_front_inf-Opercular	stim	0.267984593473865
11	lh_G_front_inf-Orbital	prestim	0.0822856114670073
11	lh_G_front_inf-Orbital	stim	0.127400517157431
11	lh_G_front_inf-Triangul	prestim	0.0646770392044391
11	lh_G_front_inf-Triangul	stim	0.182802207033863
11	lh_G_front_middle	prestim	0.0645933828738279
11	lh_G_front_middle	stim	0.0818049483416939
11	lh_G_front_sup	prestim	0.0791515348707061
11	lh_G_front_sup	stim	0.0773532237162073
11	lh_G_insular_short	prestim	0.0796421726530416
11	lh_G_insular_short	stim	0.141220587299589
11	lh_G_oc-temp_lat-fusifor	prestim	0.0692659445054828
11	lh_G_oc-temp_lat-fusifor	stim	0.16267481511526
11	lh_G_oc-temp_med-Lingual	prestim	0.087041546434411
11	lh_G_oc-temp_med-Lingual	stim	0.102360049128013
11	lh_G_oc-temp_med-Parahip	prestim	0.0792650846006468
11	lh_G_oc-temp_med-Parahip	stim	0.132455285859989
11	lh_G_occipital_middle	prestim	0.0874177960356215
11	lh_G_occipital_middle	stim	0.0629457888113671
11	lh_G_occipital_sup	prestim	0.0734703862734307
11	lh_G_occipital_sup	stim	0.0742302112844795
11	lh_G_orbital	prestim	0.0656712831979056
11	lh_G_orbital	stim	0.323998517559514
11	lh_G_pariet_inf-Angular	prestim	0.0746066996174127
11	lh_G_pariet_inf-Angular	stim	0.117327393148711
11	lh_G_pariet_inf-Supramar	prestim	0.0787736132721606
11	lh_G_pariet_inf-Supramar	stim	0.3807561405174
11	lh_G_parietal_sup	prestim	0.0618304665069295
11	lh_G_parietal_sup	stim	0.095643646543375
11	lh_G_postcentral	prestim	0.082813613948507
11	lh_G_postcentral	stim	0.172370301556787
11	lh_G_precentral	prestim	0.0735177813740971
11	lh_G_precentral	stim	0.291810830985687
11	lh_G_precuneus	prestim	0.0681450223738423
11	lh_G_precuneus	stim	0.090639523167141
11	lh_G_rectus	prestim	0.0640606926340757
11	lh_G_rectus	stim	0.155346799626969
11	lh_G_subcallosal	prestim	0.074212856920579
11	lh_G_subcallosal	stim	0.106151741658151
11	lh_G_temp_sup-G_T_transv	prestim	0.0650562349138329
11	lh_G_temp_sup-G_T_transv	stim	0.55307343074034
11	lh_G_temp_sup-Lateral	prestim	0.0803759207330793
11	lh_G_temp_sup-Lateral	stim	0.183536641672215
11	lh_G_temp_sup-Plan_polar	prestim	0.0673316026015247
11	lh_G_temp_sup-Plan_polar	stim	0.171981845555831
11	lh_G_temp_sup-Plan_tempo	prestim	0.0753381602088048
11	lh_G_temp_sup-Plan_tempo	stim	0.456241433050071
11	lh_G_temporal_inf	prestim	0.0824652365545175
11	lh_G_temporal_inf	stim	0.151937466669172
11	lh_G_temporal_middle	prestim	0.0937504598304455
11	lh_G_temporal_middle	stim	0.14517494922323
11	lh_Lat_Fis-ant-Horizont	prestim	0.0841977881888611
11	lh_Lat_Fis-ant-Horizont	stim	0.0838169801044379
11	lh_Lat_Fis-ant-Vertical	prestim	0.0528802032393533
11	lh_Lat_Fis-ant-Vertical	stim	0.174420658319797
11	lh_Lat_Fis-post	prestim	0.0942018035895871
11	lh_Lat_Fis-post	stim	0.256691371301466
11	lh_Pole_occipital	prestim	0.0540200023413752
11	lh_Pole_occipital	stim	0.0617008635361623
11	lh_Pole_temporal	prestim	0.073263100339381
11	lh_Pole_temporal	stim	0.107633503307225
11	lh_S_calcarine	prestim	0.0785458450880064
11	lh_S_calcarine	stim	0.0954248182209063
11	lh_S_central	prestim	0.0802487338645742
11	lh_S_central	stim	0.092312434695116
11	lh_S_cingul-Marginalis	prestim	0.0777597847304808
11	lh_S_cingul-Marginalis	stim	0.107894632877135
11	lh_S_circular_insula_ant	prestim	0.0792472215930258
11	lh_S_circular_insula_ant	stim	0.0853502820165791
11	lh_S_circular_insula_inf	prestim	0.110680137966453
11	lh_S_circular_insula_inf	stim	0.442069385921962
11	lh_S_circular_insula_sup	prestim	0.070876463290807
11	lh_S_circular_insula_sup	stim	0.273904707818116
11	lh_S_collat_transv_ant	prestim	0.0862942287071602
11	lh_S_collat_transv_ant	stim	0.14705477869821
11	lh_S_collat_transv_post	prestim	0.0922656036670485
11	lh_S_collat_transv_post	stim	0.110997652640457
11	lh_S_front_inf	prestim	0.0715550884755488
11	lh_S_front_inf	stim	0.210508377707823
11	lh_S_front_middle	prestim	0.0618459545430155
11	lh_S_front_middle	stim	0.0734322932686985
11	lh_S_front_sup	prestim	0.0815198375640631
11	lh_S_front_sup	stim	0.0834417511497986
11	lh_S_interm_prim-Jensen	prestim	0.080863856356879
11	lh_S_interm_prim-Jensen	stim	0.158305045427984
11	lh_S_intrapariet_and_P_trans	prestim	0.0780327156081578
11	lh_S_intrapariet_and_P_trans	stim	0.0835482836765297
11	lh_S_oc-temp_lat	prestim	0.088367725522456
11	lh_S_oc-temp_lat	stim	0.228844272997917
11	lh_S_oc-temp_med_and_Lingual	prestim	0.0610839280381534
11	lh_S_oc-temp_med_and_Lingual	stim	0.239926343805562
11	lh_S_oc_middle_and_Lunatus	prestim	0.0620486645235282
11	lh_S_oc_middle_and_Lunatus	stim	0.0820638252486186
11	lh_S_oc_sup_and_transversal	prestim	0.0730516203656419
11	lh_S_oc_sup_and_transversal	stim	0.0746506585892278
11	lh_S_occipital_ant	prestim	0.0794649009150919
11	lh_S_occipital_ant	stim	0.0818443637784824
11	lh_S_orbital-H_Shaped	prestim	0.0669751894044888
11	lh_S_orbital-H_Shaped	stim	0.308108387478736
11	lh_S_orbital_lateral	prestim	0.0525864311292837
11	lh_S_orbital_lateral	stim	0.140922750624007
11	lh_S_orbital_med-olfact	prestim	0.0794004694677023
11	lh_S_orbital_med-olfact	stim	0.308429464179778
11	lh_S_parieto_occipital	prestim	0.051643405203698
11	lh_S_parieto_occipital	stim	0.08000474443317
11	lh_S_pericallosal	prestim	0.0505692868584694
11	lh_S_pericallosal	stim	0.121634768995683
11	lh_S_postcentral	prestim	0.0645817021003578
11	lh_S_postcentral	stim	0.158208422700367
11	lh_S_precentral-inf-part	prestim	0.0742692649132413
11	lh_S_precentral-inf-part	stim	0.217608615553109
11	lh_S_precentral-sup-part	prestim	0.0686636476378163
11	lh_S_precentral-sup-part	stim	0.168864821447689
11	lh_S_suborbital	prestim	0.0536767971612844
11	lh_S_suborbital	stim	0.0992492898399487
11	lh_S_subparietal	prestim	0.0595955951573105
11	lh_S_subparietal	stim	0.0853246334313005
11	lh_S_temporal_inf	prestim	0.0884380064960335
11	lh_S_temporal_inf	stim	0.173537915550701
11	lh_S_temporal_sup	prestim	0.0842427856343784
11	lh_S_temporal_sup	stim	0.117998741258362
11	lh_S_temporal_transverse	prestim	0.0822777092282692
11	lh_S_temporal_transverse	stim	0.293788372212023
11	rh_G_Ins_lg_and_S_cent_ins	prestim	0.0747763937929753
11	rh_G_Ins_lg_and_S_cent_ins	stim	0.136770492291268
11	rh_G_and_S_cingul-Ant	prestim	0.0773205447604845
11	rh_G_and_S_cingul-Ant	stim	0.0896456123818912
11	rh_G_and_S_cingul-Mid-Ant	prestim	0.081485568563054
11	rh_G_and_S_cingul-Mid-Ant	stim	0.107826384375647
11	rh_G_and_S_cingul-Mid-Post	prestim	0.0708421712391861
11	rh_G_and_S_cingul-Mid-Post	stim	0.142123770278186
11	rh_G_and_S_frontomargin	prestim	0.0565766264010429
11	rh_G_and_S_frontomargin	stim	0.0694225229432649
11	rh_G_and_S_occipital_inf	prestim	0.0711985297167474
11	rh_G_and_S_occipital_inf	stim	0.0947276615588919
11	rh_G_and_S_paracentral	prestim	0.0828757098511672
11	rh_G_and_S_paracentral	stim	0.0705060557244734
11	rh_G_and_S_subcentral	prestim	0.0791364236148823
11	rh_G_and_S_subcentral	stim	0.608029696086393
11	rh_G_and_S_transv_frontopol	prestim	0.0654785192103901
11	rh_G_and_S_transv_frontopol	stim	0.109018267591578
11	rh_G_cingul-Post-dorsal	prestim	0.0580404515001427
11	rh_G_cingul-Post-dorsal	stim	0.0690692553099973
11	rh_G_cingul-Post-ventral	prestim	0.0809675755891352
11	rh_G_cingul-Post-ventral	stim	0.142201386257773
11	rh_G_cuneus	prestim	0.0559291667010691
11	rh_G_cuneus	stim	0.083321031524897
11	rh_G_front_inf-Opercular	prestim	0.0878062469283805
11	rh_G_front_inf-Opercular	stim	0.249881701531569
11	rh_G_front_inf-Orbital	prestim	0.0632560341975811
11	rh_G_front_inf-Orbital	stim	0.098633508920405
11	rh_G_front_inf-Triangul	prestim	0.101498678994844
11	rh_G_front_inf-Triangul	stim	0.168324973573243
11	rh_G_front_middle	prestim	0.0877937959600378
11	rh_G_front_middle	stim	0.121851772927497
11	rh_G_front_sup	prestim	0.0819650301790479
11	rh_G_front_sup	stim	0.104065245001107
11	rh_G_insular_short	prestim	0.0727925971643295
11	rh_G_insular_short	stim	0.186456755997163
11	rh_G_oc-temp_lat-fusifor	prestim	0.070524116422595
11	rh_G_oc-temp_lat-fusifor	stim	0.164995136413667
11	rh_G_oc-temp_med-Lingual	prestim	0.0793137013118804
11	rh_G_oc-temp_med-Lingual	stim	0.0982889868477404
11	rh_G_oc-temp_med-Parahip	prestim	0.0553389036332276
11	rh_G_oc-temp_med-Parahip	stim	0.19450897060729
11	rh_G_occipital_middle	prestim	0.0864330281296916
11	rh_G_occipital_middle	stim	0.0753762825399795
11	rh_G_occipital_sup	prestim	0.0711818495534351
11	rh_G_occipital_sup	stim	0.047175138253399
11	rh_G_orbital	prestim	0.0548161320362644
11	rh_G_orbital	stim	0.421019644588164
11	rh_G_pariet_inf-Angular	prestim	0.0806656041475419
11	rh_G_pariet_inf-Angular	stim	0.294048632207182
11	rh_G_pariet_inf-Supramar	prestim	0.081129512265633
11	rh_G_pariet_inf-Supramar	stim	0.386211185283533
11	rh_G_parietal_sup	prestim	0.0890648132530173
11	rh_G_parietal_sup	stim	0.076996584694283
11	rh_G_postcentral	prestim	0.0650335117152193
11	rh_G_postcentral	stim	0.493055395152473
11	rh_G_precentral	prestim	0.0757714255937999
11	rh_G_precentral	stim	0.419674891303414
11	rh_G_precuneus	prestim	0.0897171375632366
11	rh_G_precuneus	stim	0.131808718349688
11	rh_G_rectus	prestim	0.0739116125792672
11	rh_G_rectus	stim	0.229516912002009
11	rh_G_subcallosal	prestim	0.0646679653004457
11	rh_G_subcallosal	stim	0.0877271319126058
11	rh_G_temp_sup-G_T_transv	prestim	0.0800551088968583
11	rh_G_temp_sup-G_T_transv	stim	0.615444872672382
11	rh_G_temp_sup-Lateral	prestim	0.083499114156431
11	rh_G_temp_sup-Lateral	stim	0.273084339626638
11	rh_G_temp_sup-Plan_polar	prestim	0.0753386894342252
11	rh_G_temp_sup-Plan_polar	stim	0.252591834874628
11	rh_G_temp_sup-Plan_tempo	prestim	0.0747614617891374
11	rh_G_temp_sup-Plan_tempo	stim	0.519577115289544
11	rh_G_temporal_inf	prestim	0.0815672168273057
11	rh_G_temporal_inf	stim	0.200339481950069
11	rh_G_temporal_middle	prestim	0.0660976210732408
11	rh_G_temporal_middle	stim	0.416246445872617
11	rh_Lat_Fis-ant-Horizont	prestim	0.0772629012815105
11	rh_Lat_Fis-ant-Horizont	stim	0.165208305790074
11	rh_Lat_Fis-ant-Vertical	prestim	0.0826965574884316
11	rh_Lat_Fis-ant-Vertical	stim	0.359881312133541
11	rh_Lat_Fis-post	prestim	0.0679957114324646
11	rh_Lat_Fis-post	stim	0.29947713003533
11	rh_Pole_occipital	prestim	0.0752505055210669
11	rh_Pole_occipital	stim	0.0678111572205804
11	rh_Pole_temporal	prestim	0.0746119941866222
11	rh_Pole_temporal	stim	0.213873535795161
11	rh_S_calcarine	prestim	0.0681045791194199
11	rh_S_calcarine	stim	0.166192756346064
11	rh_S_central	prestim	0.0839293582363944
11	rh_S_central	stim	0.221640083375942
11	rh_S_cingul-Marginalis	prestim	0.0690972593998245
11	rh_S_cingul-Marginalis	stim	0.152835339987826
11	rh_S_circular_insula_ant	prestim	0.0686428029399148
11	rh_S_circular_insula_ant	stim	0.158813985177153
11	rh_S_circular_insula_inf	prestim	0.0851539653205047
11	rh_S_circular_insula_inf	stim	0.455390656566901
11	rh_S_circular_insula_sup	prestim	0.069517900587153
11	rh_S_circular_insula_sup	stim	0.347487738515102
11	rh_S_collat_transv_ant	prestim	0.088269247124506
11	rh_S_collat_transv_ant	stim	0.258534913301732
11	rh_S_collat_transv_post	prestim	0.0777267464937135
11	rh_S_collat_transv_post	stim	0.0858583082221195
11	rh_S_front_inf	prestim	0.0775107917368803
11	rh_S_front_inf	stim	0.270069909787858
11	rh_S_front_middle	prestim	0.0676002372148538
11	rh_S_front_middle	stim	0.0855822781961346
11	rh_S_front_sup	prestim	0.078117267410653
11	rh_S_front_sup	stim	0.124445480083895
11	rh_S_interm_prim-Jensen	prestim	0.0751137769693195
11	rh_S_interm_prim-Jensen	stim	0.257605874652246
11	rh_S_intrapariet_and_P_trans	prestim	0.0826784703658755
11	rh_S_intrapariet_and_P_trans	stim	0.198653960771509
11	rh_S_oc-temp_lat	prestim	0.0684895201606227
11	rh_S_oc-temp_lat	stim	0.196646793983638
11	rh_S_oc-temp_med_and_Lingual	prestim	0.0795034052920626
11	rh_S_oc-temp_med_and_Lingual	stim	0.24848523320866
11	rh_S_oc_middle_and_Lunatus	prestim	0.0798330989702073
11	rh_S_oc_middle_and_Lunatus	stim	0.076764309493622
11	rh_S_oc_sup_and_transversal	prestim	0.0714498074590902
11	rh_S_oc_sup_and_transversal	stim	0.098460964704038
11	rh_S_occipital_ant	prestim	0.0788100943873047
11	rh_S_occipital_ant	stim	0.0738486782754532
11	rh_S_orbital-H_Shaped	prestim	0.0512456223468511
11	rh_S_orbital-H_Shaped	stim	0.343022074694856
11	rh_S_orbital_lateral	prestim	0.0990851620919193
11	rh_S_orbital_lateral	stim	0.171171234654238
11	rh_S_orbital_med-olfact	prestim	0.0612937988462437
11	rh_S_orbital_med-olfact	stim	0.380243294752821
11	rh_S_parieto_occipital	prestim	0.068361438967636
11	rh_S_parieto_occipital	stim	0.0721579887049277
11	rh_S_pericallosal	prestim	0.0585307382114005
11	rh_S_pericallosal	stim	0.114664095656419
11	rh_S_postcentral	prestim	0.0710915802340642
11	rh_S_postcentral	stim	0.252197263692553
11	rh_S_precentral-inf-part	prestim	0.0899567351022684
11	rh_S_precentral-inf-part	stim	0.199001050417917
11	rh_S_precentral-sup-part	prestim	0.0700664372442245
11	rh_S_precentral-sup-part	stim	0.0835527291729051
11	rh_S_suborbital	prestim	0.0481247338472364
11	rh_S_suborbital	stim	0.0667134772773446
11	rh_S_subparietal	prestim	0.0736619647852936
11	rh_S_subparietal	stim	0.0984375337517769
11	rh_S_temporal_inf	prestim	0.068283606924432
11	rh_S_temporal_inf	stim	0.099710591702097
11	rh_S_temporal_sup	prestim	0.0743244705277885
11	rh_S_temporal_sup	stim	0.144026192911496
11	rh_S_temporal_transverse	prestim	0.080087322423947
11	rh_S_temporal_transverse	stim	0.634630692082792
12	lh_G_Ins_lg_and_S_cent_ins	prestim	0.0721328078572307
12	lh_G_Ins_lg_and_S_cent_ins	stim	0.21272099634059
12	lh_G_and_S_cingul-Ant	prestim	0.0683824207072734
12	lh_G_and_S_cingul-Ant	stim	0.134769006699132
12	lh_G_and_S_cingul-Mid-Ant	prestim	0.0792885372820505
12	lh_G_and_S_cingul-Mid-Ant	stim	0.0807986649305932
12	lh_G_and_S_cingul-Mid-Post	prestim	0.0555887146593198
12	lh_G_and_S_cingul-Mid-Post	stim	0.0940127451771511
12	lh_G_and_S_frontomargin	prestim	0.0703463514761257
12	lh_G_and_S_frontomargin	stim	0.138702447836195
12	lh_G_and_S_occipital_inf	prestim	0.0717581585459783
12	lh_G_and_S_occipital_inf	stim	0.0756348782483401
12	lh_G_and_S_paracentral	prestim	0.0613443307553762
12	lh_G_and_S_paracentral	stim	0.0954496123347161
12	lh_G_and_S_subcentral	prestim	0.0871086199724258
12	lh_G_and_S_subcentral	stim	0.291650145502643
12	lh_G_and_S_transv_frontopol	prestim	0.105995084915717
12	lh_G_and_S_transv_frontopol	stim	0.0976102635994079
12	lh_G_cingul-Post-dorsal	prestim	0.0789668160832959
12	lh_G_cingul-Post-dorsal	stim	0.121501938123228
12	lh_G_cingul-Post-ventral	prestim	0.083914025580834
12	lh_G_cingul-Post-ventral	stim	0.125117551876422
12	lh_G_cuneus	prestim	0.0724073772349748
12	lh_G_cuneus	stim	0.0713718838440284
12	lh_G_front_inf-Opercular	prestim	0.0735203071355893
12	lh_G_front_inf-Opercular	stim	0.32753224196433
12	lh_G_front_inf-Orbital	prestim	0.081829507966969
12	lh_G_front_inf-Orbital	stim	0.224578483869042
12	lh_G_front_inf-Triangul	prestim	0.0706588245938296
12	lh_G_front_inf-Triangul	stim	0.160461473427363
12	lh_G_front_middle	prestim	0.0817697689744296
12	lh_G_front_middle	stim	0.132009834293949
12	lh_G_front_sup	prestim	0.0789501863471436
12	lh_G_front_sup	stim	0.0991369903843657
12	lh_G_insular_short	prestim	0.0565186237034059
12	lh_G_insular_short	stim	0.29812990556118
12	lh_G_oc-temp_lat-fusifor	prestim	0.0584533555319149
12	lh_G_oc-temp_lat-fusifor	stim	0.278712968584385
12	lh_G_oc-temp_med-Lingual	prestim	0.0758398252893548
12	lh_G_oc-temp_med-Lingual	stim	0.0625754170429977
12	lh_G_oc-temp_med-Parahip	prestim	0.0655468678925031
12	lh_G_oc-temp_med-Parahip	stim	0.136154800453616
12	lh_G_occipital_middle	prestim	0.0564224828470989
12	lh_G_occipital_middle	stim	0.0979524039008049
12	lh_G_occipital_sup	prestim	0.0837906381738772
12	lh_G_occipital_sup	stim	0.0733409252129767
12	lh_G_orbital	prestim	0.0704112288456857
12	lh_G_orbital	stim	0.185105723812069
12	lh_G_pariet_inf-Angular	prestim	0.0671310182211178
12	lh_G_pariet_inf-Angular	stim	0.0997803964366005
12	lh_G_pariet_inf-Supramar	prestim	0.0626504507532686
12	lh_G_pariet_inf-Supramar	stim	0.2163379768851
12	lh_G_parietal_sup	prestim	0.0657213470849377
12	lh_G_parietal_sup	stim	0.0916854791876414
12	lh_G_postcentral	prestim	0.0760587184396995
12	lh_G_postcentral	stim	0.197161477859294
12	lh_G_precentral	prestim	0.0550789316854197
12	lh_G_precentral	stim	0.115006727862832
12	lh_G_precuneus	prestim	0.0704384720633256
12	lh_G_precuneus	stim	0.0904263269319444
12	lh_G_rectus	prestim	0.0796353097097203
12	lh_G_rectus	stim	0.185219962128093
12	lh_G_subcallosal	prestim	0.0703473747780593
12	lh_G_subcallosal	stim	0.181835787241951
12	lh_G_temp_sup-G_T_transv	prestim	0.0654798520483018
12	lh_G_temp_sup-G_T_transv	stim	0.436160017713841
12	lh_G_temp_sup-Lateral	prestim	0.0704275520988663
12	lh_G_temp_sup-Lateral	stim	0.20019027000604
12	lh_G_temp_sup-Plan_polar	prestim	0.0857377745379022
12	lh_G_temp_sup-Plan_polar	stim	0.196388566518907
12	lh_G_temp_sup-Plan_tempo	prestim	0.0598934474188211
12	lh_G_temp_sup-Plan_tempo	stim	0.223862024541058
12	lh_G_temporal_inf	prestim	0.0459526774878063
12	lh_G_temporal_inf	stim	0.256365183642354
12	lh_G_temporal_middle	prestim	0.0613638302047193
12	lh_G_temporal_middle	stim	0.371608382399707
12	lh_Lat_Fis-ant-Horizont	prestim	0.0749287966992481
12	lh_Lat_Fis-ant-Horizont	stim	0.234472891753065
12	lh_Lat_Fis-ant-Vertical	prestim	0.0679187493018798
12	lh_Lat_Fis-ant-Vertical	stim	0.118834288788232
12	lh_Lat_Fis-post	prestim	0.0604745863855483
12	lh_Lat_Fis-post	stim	0.31151673840273
12	lh_Pole_occipital	prestim	0.0661371037815068
12	lh_Pole_occipital	stim	0.0886506273375644
12	lh_Pole_temporal	prestim	0.0625769343742971
12	lh_Pole_temporal	stim	0.149816341069072
12	lh_S_calcarine	prestim	0.0663284371724928
12	lh_S_calcarine	stim	0.106710755842763
12	lh_S_central	prestim	0.0834714756311678
12	lh_S_central	stim	0.288182242403557
12	lh_S_cingul-Marginalis	prestim	0.0793909099624512
12	lh_S_cingul-Marginalis	stim	0.173971879487561
12	lh_S_circular_insula_ant	prestim	0.0800172363399948
12	lh_S_circular_insula_ant	stim	0.274653954351122
12	lh_S_circular_insula_inf	prestim	0.0668898403385779
12	lh_S_circular_insula_inf	stim	0.288172210512947
12	lh_S_circular_insula_sup	prestim	0.0572838496747279
12	lh_S_circular_insula_sup	stim	0.289423693229266
12	lh_S_collat_transv_ant	prestim	0.0551940737978272
12	lh_S_collat_transv_ant	stim	0.215337566144617
12	lh_S_collat_transv_post	prestim	0.0749178718173664
12	lh_S_collat_transv_post	stim	0.0787152387299274
12	lh_S_front_inf	prestim	0.0719555305418142
12	lh_S_front_inf	stim	0.234563610085257
12	lh_S_front_middle	prestim	0.0686627575978986
12	lh_S_front_middle	stim	0.131911147828443
12	lh_S_front_sup	prestim	0.0590577303369302
12	lh_S_front_sup	stim	0.115945517477428
12	lh_S_interm_prim-Jensen	prestim	0.0653457682581753
12	lh_S_interm_prim-Jensen	stim	0.101485597862132
12	lh_S_intrapariet_and_P_trans	prestim	0.0586442316260471
12	lh_S_intrapariet_and_P_trans	stim	0.0714744530882217
12	lh_S_oc-temp_lat	prestim	0.0804543367228797
12	lh_S_oc-temp_lat	stim	0.24852934493667
12	lh_S_oc-temp_med_and_Lingual	prestim	0.0697752108421163
12	lh_S_oc-temp_med_and_Lingual	stim	0.209262166617437
12	lh_S_oc_middle_and_Lunatus	prestim	0.0695419988532846
12	lh_S_oc_middle_and_Lunatus	stim	0.0779586762807577
12	lh_S_oc_sup_and_transversal	prestim	0.0454151475288807
12	lh_S_oc_sup_and_transversal	stim	0.0828766710442425
12	lh_S_occipital_ant	prestim	0.0785336285632304
12	lh_S_occipital_ant	stim	0.0850199947220791
12	lh_S_orbital-H_Shaped	prestim	0.06614616542661
12	lh_S_orbital-H_Shaped	stim	0.0993113351745273
12	lh_S_orbital_lateral	prestim	0.0660967155103409
12	lh_S_orbital_lateral	stim	0.114552220775361
12	lh_S_orbital_med-olfact	prestim	0.0851774629729825
12	lh_S_orbital_med-olfact	stim	0.349354196984754
12	lh_S_parieto_occipital	prestim	0.0833943102072036
12	lh_S_parieto_occipital	stim	0.0860253309388381
12	lh_S_pericallosal	prestim	0.0675874304950815
12	lh_S_pericallosal	stim	0.0817302415916192
12	lh_S_postcentral	prestim	0.0543241351954692
12	lh_S_postcentral	stim	0.255954672857404
12	lh_S_precentral-inf-part	prestim	0.0659524446028261
12	lh_S_precentral-inf-part	stim	0.345319832658809
12	lh_S_precentral-sup-part	prestim	0.0778027378514471
12	lh_S_precentral-sup-part	stim	0.148972868518297
12	lh_S_suborbital	prestim	0.0690014423820521
12	lh_S_suborbital	stim	0.145469529399843
12	lh_S_subparietal	prestim	0.0699627256787257
12	lh_S_subparietal	stim	0.101044327694656
12	lh_S_temporal_inf	prestim	0.0701122749400049
12	lh_S_temporal_inf	stim	0.117924324900946
12	lh_S_temporal_sup	prestim	0.050588947103545
12	lh_S_temporal_sup	stim	0.316451973992298
12	lh_S_temporal_transverse	prestim	0.0562713369354464
12	lh_S_temporal_transverse	stim	0.529437048011771
12	rh_G_Ins_lg_and_S_cent_ins	prestim	0.0540273685201193
12	rh_G_Ins_lg_and_S_cent_ins	stim	0.0928644960074494
12	rh_G_and_S_cingul-Ant	prestim	0.0706401034883886
12	rh_G_and_S_cingul-Ant	stim	0.126043785394553
12	rh_G_and_S_cingul-Mid-Ant	prestim	0.0758771671463165
12	rh_G_and_S_cingul-Mid-Ant	stim	0.183028752224214
12	rh_G_and_S_cingul-Mid-Post	prestim	0.0589559306826521
12	rh_G_and_S_cingul-Mid-Post	stim	0.128787805914287
12	rh_G_and_S_frontomargin	prestim	0.0776161070866909
12	rh_G_and_S_frontomargin	stim	0.129735890573777
12	rh_G_and_S_occipital_inf	prestim	0.0759532685465972
12	rh_G_and_S_occipital_inf	stim	0.0612097862683888
12	rh_G_and_S_paracentral	prestim	0.0748390152590397
12	rh_G_and_S_paracentral	stim	0.100650115102751
12	rh_G_and_S_subcentral	prestim	0.0721999438476127
12	rh_G_and_S_subcentral	stim	0.566297511035557
12	rh_G_and_S_transv_frontopol	prestim	0.0571137463416073
12	rh_G_and_S_transv_frontopol	stim	0.104246579596467
12	rh_G_cingul-Post-dorsal	prestim	0.0681477814073654
12	rh_G_cingul-Post-dorsal	stim	0.0974170730244379
12	rh_G_cingul-Post-ventral	prestim	0.0732322001966496
12	rh_G_cingul-Post-ventral	stim	0.205678727647142
12	rh_G_cuneus	prestim	0.0754747009557291
12	rh_G_cuneus	stim	0.0647154465415086
12	rh_G_front_inf-Opercular	prestim	0.0623683870445199
12	rh_G_front_inf-Opercular	stim	0.133399287196899
12	rh_G_front_inf-Orbital	prestim	0.0863615625881457
12	rh_G_front_inf-Orbital	stim	0.143994833191347
12	rh_G_front_inf-Triangul	prestim	0.0778741453673789
12	rh_G_front_inf-Triangul	stim	0.0749278430418147
12	rh_G_front_middle	prestim	0.0573191100674282
12	rh_G_front_middle	stim	0.0722018282583374
12	rh_G_front_sup	prestim	0.0717638160402143
12	rh_G_front_sup	stim	0.133712982754276
12	rh_G_insular_short	prestim	0.0570840128818952
12	rh_G_insular_short	stim	0.121476207474161
12	rh_G_oc-temp_lat-fusifor	prestim	0.0732536581087222
12	rh_G_oc-temp_lat-fusifor	stim	0.178210297670314
12	rh_G_oc-temp_med-Lingual	prestim	0.073013556823594
12	rh_G_oc-temp_med-Lingual	stim	0.078493531710747
12	rh_G_oc-temp_med-Parahip	prestim	0.0702331308748055
12	rh_G_oc-temp_med-Parahip	stim	0.20696854624236
12	rh_G_occipital_middle	prestim	0.0680159543188903
12	rh_G_occipital_middle	stim	0.10068655725631
12	rh_G_occipital_sup	prestim	0.0716762997161591
12	rh_G_occipital_sup	stim	0.0748645255782808
12	rh_G_orbital	prestim	0.0641461168925678
12	rh_G_orbital	stim	0.280821826102882
12	rh_G_pariet_inf-Angular	prestim	0.065559812130746
12	rh_G_pariet_inf-Angular	stim	0.088741227403599
12	rh_G_pariet_inf-Supramar	prestim	0.0771777649234503
12	rh_G_pariet_inf-Supramar	stim	0.168222576088057
12	rh_G_parietal_sup	prestim	0.069981728090081
12	rh_G_parietal_sup	stim	0.0890924628576045
12	rh_G_postcentral	prestim	0.0922865061851377
12	rh_G_postcentral	stim	0.353056824946886
12	rh_G_precentral	prestim	0.0633195557196689
12	rh_G_precentral	stim	0.118195809542492
12	rh_G_precuneus	prestim	0.0622147912115588
12	rh_G_precuneus	stim	0.0741384086930506
12	rh_G_rectus	prestim	0.0764064183527442
12	rh_G_rectus	stim	0.202639346410714
12	rh_G_subcallosal	prestim	0.0765514111440763
12	rh_G_subcallosal	stim	0.129215608965089
12	rh_G_temp_sup-G_T_transv	prestim	0.0703034045929868
12	rh_G_temp_sup-G_T_transv	stim	0.495487033571624
12	rh_G_temp_sup-Lateral	prestim	0.0592825540183845
12	rh_G_temp_sup-Lateral	stim	0.349436023255656
12	rh_G_temp_sup-Plan_polar	prestim	0.069250735140614
12	rh_G_temp_sup-Plan_polar	stim	0.164388168044168
12	rh_G_temp_sup-Plan_tempo	prestim	0.0706095567439693
12	rh_G_temp_sup-Plan_tempo	stim	0.470630620514038
12	rh_G_temporal_inf	prestim	0.0705677668114976
12	rh_G_temporal_inf	stim	0.164589709103317
12	rh_G_temporal_middle	prestim	0.0652548548940562
12	rh_G_temporal_middle	stim	0.141306484713444
12	rh_Lat_Fis-ant-Horizont	prestim	0.0918704943978365
12	rh_Lat_Fis-ant-Horizont	stim	0.0933611157048711
12	rh_Lat_Fis-ant-Vertical	prestim	0.0734494733814478
12	rh_Lat_Fis-ant-Vertical	stim	0.1742609117908
12	rh_Lat_Fis-post	prestim	0.0617904742281435
12	rh_Lat_Fis-post	stim	0.19949008088905
12	rh_Pole_occipital	prestim	0.0704146909037551
12	rh_Pole_occipital	stim	0.0896192620606986
12	rh_Pole_temporal	prestim	0.0777632046152439
12	rh_Pole_temporal	stim	0.137774092606618
12	rh_S_calcarine	prestim	0.0691275233433193
12	rh_S_calcarine	stim	0.0761028505501762
12	rh_S_central	prestim	0.0754138668094185
12	rh_S_central	stim	0.180742711937899
12	rh_S_cingul-Marginalis	prestim	0.0725095553199802
12	rh_S_cingul-Marginalis	stim	0.138982175558103
12	rh_S_circular_insula_ant	prestim	0.0618896059844266
12	rh_S_circular_insula_ant	stim	0.162849587908276
12	rh_S_circular_insula_inf	prestim	0.0656624280038259
12	rh_S_circular_insula_inf	stim	0.21275338516072
12	rh_S_circular_insula_sup	prestim	0.06460578569686
12	rh_S_circular_insula_sup	stim	0.152968879564261
12	rh_S_collat_transv_ant	prestim	0.061060233748541
12	rh_S_collat_transv_ant	stim	0.21504043178521
12	rh_S_collat_transv_post	prestim	0.082729016417827
12	rh_S_collat_transv_post	stim	0.0710368661393496
12	rh_S_front_inf	prestim	0.0636523163909342
12	rh_S_front_inf	stim	0.297485813923199
12	rh_S_front_middle	prestim	0.0829914270110004
12	rh_S_front_middle	stim	0.188746067443787
12	rh_S_front_sup	prestim	0.0661311701348792
12	rh_S_front_sup	stim	0.107392324092965
12	rh_S_interm_prim-Jensen	prestim	0.0656557473511798
12	rh_S_interm_prim-Jensen	stim	0.154454048727991
12	rh_S_intrapariet_and_P_trans	prestim	0.0592357411652316
12	rh_S_intrapariet_and_P_trans	stim	0.0790359650282615
12	rh_S_oc-temp_lat	prestim	0.0627458009607095
12	rh_S_oc-temp_lat	stim	0.091527023667312
12	rh_S_oc-temp_med_and_Lingual	prestim	0.0827078632821479
12	rh_S_oc-temp_med_and_Lingual	stim	0.248411847732416
12	rh_S_oc_middle_and_Lunatus	prestim	0.0692825292918999
12	rh_S_oc_middle_and_Lunatus	stim	0.0945874593100599
12	rh_S_oc_sup_and_transversal	prestim	0.103674622174406
12	rh_S_oc_sup_and_transversal	stim	0.0940915057732759
12	rh_S_occipital_ant	prestim	0.070043679645846
12	rh_S_occipital_ant	stim	0.0929133965048945
12	rh_S_orbital-H_Shaped	prestim	0.0667730981744973
12	rh_S_orbital-H_Shaped	stim	0.130085864240548
12	rh_S_orbital_lateral	prestim	0.066564423217298
12	rh_S_orbital_lateral	stim	0.0758908816084896
12	rh_S_orbital_med-olfact	prestim	0.0943149965972536
12	rh_S_orbital_med-olfact	stim	0.322439480801589
12	rh_S_parieto_occipital	prestim	0.0725220901465887
12	rh_S_parieto_occipital	stim	0.100750099282974
12	rh_S_pericallosal	prestim	0.067404751991805
12	rh_S_pericallosal	stim	0.0713400160526743
12	rh_S_postcentral	prestim	0.0625626740532772
12	rh_S_postcentral	stim	0.25484240943814
12	rh_S_precentral-inf-part	prestim	0.0734119654590718
12	rh_S_precentral-inf-part	stim	0.156401409455684
12	rh_S_precentral-sup-part	prestim	0.0899144739636143
12	rh_S_precentral-sup-part	stim	0.146418293222203
12	rh_S_suborbital	prestim	0.0577719921476658
12	rh_S_suborbital	stim	0.0863049696972515
12	rh_S_subparietal	prestim	0.0698226217691075
12	rh_S_subparietal	stim	0.0814966108669959
12	rh_S_temporal_inf	prestim	0.0722742250236589
12	rh_S_temporal_inf	stim	0.385043849098096
12	rh_S_temporal_sup	prestim	0.0711675237749601
12	rh_S_temporal_sup	stim	0.271214599319325
12	rh_S_temporal_transverse	prestim	0.0763688705432978
12	rh_S_temporal_transverse	stim	0.608423917959569
13	lh_G_Ins_lg_and_S_cent_ins	prestim	0.0665589180749901
13	lh_G_Ins_lg_and_S_cent_ins	stim	0.138887438723548
13	lh_G_and_S_cingul-Ant	prestim	0.0922064779756338
13	lh_G_and_S_cingul-Ant	stim	0.082288502656771
13	lh_G_and_S_cingul-Mid-Ant	prestim	0.0779506221156043
13	lh_G_and_S_cingul-Mid-Ant	stim	0.0815122871543219
13	lh_G_and_S_cingul-Mid-Post	prestim	0.0795024029471037
13	lh_G_and_S_cingul-Mid-Post	stim	0.0850822295045074
13	lh_G_and_S_frontomargin	prestim	0.0710443664985251
13	lh_G_and_S_frontomargin	stim	0.0870755627986833
13	lh_G_and_S_occipital_inf	prestim	0.0689005290101947
13	lh_G_and_S_occipital_inf	stim	0.0584681775785839
13	lh_G_and_S_paracentral	prestim	0.072590826546994
13	lh_G_and_S_paracentral	stim	0.0571880701142354
13	lh_G_and_S_subcentral	prestim	0.0833822550485781
13	lh_G_and_S_subcentral	stim	0.104187167595357
13	lh_G_and_S_transv_frontopol	prestim	0.0731482476515321
13	lh_G_and_S_transv_frontopol	stim	0.0817070782338044
13	lh_G_cingul-Post-dorsal	prestim	0.0593669227193643
13	lh_G_cingul-Post-dorsal	stim	0.0791405778555511
13	lh_G_cingul-Post-ventral	prestim	0.0665848278069618
13	lh_G_cingul-Post-ventral	stim	0.119025796495152
13	lh_G_cuneus	prestim	0.0813076694557397
13	lh_G_cuneus	stim	0.082826853400038
13	lh_G_front_inf-Opercular	prestim	0.077522778530457
13	lh_G_front_inf-Opercular	stim	0.0822321067865859
13	lh_G_front_inf-Orbital	prestim	0.0734259778795223
13	lh_G_front_inf-Orbital	stim	0.0906378348655065
13	lh_G_front_inf-Triangul	prestim	0.0651658158255078
13	lh_G_front_inf-Triangul	stim	0.0989803995540124
13	lh_G_front_middle	prestim	0.0987485225681416
13	lh_G_front_middle	stim	0.0736276495797026
13	lh_G_front_sup	prestim	0.0454402587495167
13	lh_G_front_sup	stim	0.103766976226634
13	lh_G_insular_short	prestim	0.0905096073190412
13	lh_G_insular_short	stim	0.0701935480660211
13	lh_G_oc-temp_lat-fusifor	prestim	0.0633931650657438
13	lh_G_oc-temp_lat-fusifor	stim	0.178145749340216
13	lh_G_oc-temp_med-Lingual	prestim	0.0653501983612222
13	lh_G_oc-temp_med-Lingual	stim	0.07092989332616
13	lh_G_oc-temp_med-Parahip	prestim	0.0500843000221174
13	lh_G_oc-temp_med-Parahip	stim	0.062886773698989
13	lh_G_occipital_middle	prestim	0.0745522852735592
13	lh_G_occipital_middle	stim	0.0696153739843488
13	lh_G_occipital_sup	prestim	0.0850233134661393
13	lh_G_occipital_sup	stim	0.0750696557352108
13	lh_G_orbital	prestim	0.0746922877812388
13	lh_G_orbital	stim	0.12253471401457
13	lh_G_pariet_inf-Angular	prestim	0.07164883378284
13	lh_G_pariet_inf-Angular	stim	0.0768576274966514
13	lh_G_pariet_inf-Supramar	prestim	0.0866694885973034
13	lh_G_pariet_inf-Supramar	stim	0.167909872231307
13	lh_G_parietal_sup	prestim	0.063291909995101
13	lh_G_parietal_sup	stim	0.0834019918921659
13	lh_G_postcentral	prestim	0.0771804814086885
13	lh_G_postcentral	stim	0.107869771353634
13	lh_G_precentral	prestim	0.084541356894756
13	lh_G_precentral	stim	0.0657353828956252
13	lh_G_precuneus	prestim	0.0617184911133043
13	lh_G_precuneus	stim	0.0980240925101197
13	lh_G_rectus	prestim	0.0712087456554423
13	lh_G_rectus	stim	0.0805092141786604
13	lh_G_subcallosal	prestim	0.0771119971209706
13	lh_G_subcallosal	stim	0.156373313260374
13	lh_G_temp_sup-G_T_transv	prestim	0.085545592266893
13	lh_G_temp_sup-G_T_transv	stim	0.208485150804936
13	lh_G_temp_sup-Lateral	prestim	0.0741959527821787
13	lh_G_temp_sup-Lateral	stim	0.105469148261487
13	lh_G_temp_sup-Plan_polar	prestim	0.0706220930986905
13	lh_G_temp_sup-Plan_polar	stim	0.092581677692527
13	lh_G_temp_sup-Plan_tempo	prestim	0.0828197560704569
13	lh_G_temp_sup-Plan_tempo	stim	0.176724528046697
13	lh_G_temporal_inf	prestim	0.0698708560825428
13	lh_G_temporal_inf	stim	0.101451137207539
13	lh_G_temporal_middle	prestim	0.0835323617946953
13	lh_G_temporal_middle	stim	0.138880030689753
13	lh_Lat_Fis-ant-Horizont	prestim	0.0546795230091108
13	lh_Lat_Fis-ant-Horizont	stim	0.138333513610073
13	lh_Lat_Fis-ant-Vertical	prestim	0.0867422364308796
13	lh_Lat_Fis-ant-Vertical	stim	0.137842750702291
13	lh_Lat_Fis-post	prestim	0.0572546544203566
13	lh_Lat_Fis-post	stim	0.173883852177106
13	lh_Pole_occipital	prestim	0.0801058292948853
13	lh_Pole_occipital	stim	0.071736279579636
13	lh_Pole_temporal	prestim	0.0856639095055906
13	lh_Pole_temporal	stim	0.0782967892998842
13	lh_S_calcarine	prestim	0.0568321207998267
13	lh_S_calcarine	stim	0.106163913367548
13	lh_S_central	prestim	0.0780086536119379
13	lh_S_central	stim	0.191543230250889
13	lh_S_cingul-Marginalis	prestim	0.0619550284206344
13	lh_S_cingul-Marginalis	stim	0.087427068747996
13	lh_S_circular_insula_ant	prestim	0.0669164758702078
13	lh_S_circular_insula_ant	stim	0.0771776900113881
13	lh_S_circular_insula_inf	prestim	0.0602049727911312
13	lh_S_circular_insula_inf	stim	0.0837964951409628
13	lh_S_circular_insula_sup	prestim	0.0661730999031237
13	lh_S_circular_insula_sup	stim	0.100318139018265
13	lh_S_collat_transv_ant	prestim	0.0480375481997382
13	lh_S_collat_transv_ant	stim	0.046992707294996
13	lh_S_collat_transv_post	prestim	0.0713293279382294
13	lh_S_collat_transv_post	stim	0.0657903431614167
13	lh_S_front_inf	prestim	0.0855043771540077
13	lh_S_front_inf	stim	0.16169627443952
13	lh_S_front_middle	prestim	0.0746390360745354
13	lh_S_front_middle	stim	0.1014863045211
13	lh_S_front_sup	prestim	0.0817479543300974
13	lh_S_front_sup	stim	0.102737132528973
13	lh_S_interm_prim-Jensen	prestim	0.0675014191072832
13	lh_S_interm_prim-Jensen	stim	0.174062352987312
13	lh_S_intrapariet_and_P_trans	prestim	0.0946474703538776
13	lh_S_intrapariet_and_P_trans	stim	0.0760837884772704
13	lh_S_oc-temp_lat	prestim	0.0738281677731744
13	lh_S_oc-temp_lat	stim	0.121681365794401
13	lh_S_oc-temp_med_and_Lingual	prestim	0.0783287359164857
13	lh_S_oc-temp_med_and_Lingual	stim	0.142696525164364
13	lh_S_oc_middle_and_Lunatus	prestim	0.0599302256967722
13	lh_S_oc_middle_and_Lunatus	stim	0.072383562403984
13	lh_S_oc_sup_and_transversal	prestim	0.0968878066568132
13	lh_S_oc_sup_and_transversal	stim	0.0732129715804224
13	lh_S_occipital_ant	prestim	0.0664812835691604
13	lh_S_occipital_ant	stim	0.0754943570371125
13	lh_S_orbital-H_Shaped	prestim	0.0810097369214164
13	lh_S_orbital-H_Shaped	stim	0.118797313441485
13	lh_S_orbital_lateral	prestim	0.0762431671518103
13	lh_S_orbital_lateral	stim	0.101698746763408
13	lh_S_orbital_med-olfact	prestim	0.0608246012132569
13	lh_S_orbital_med-olfact	stim	0.172749341981929
13	lh_S_parieto_occipital	prestim	0.0742991972604292
13	lh_S_parieto_occipital	stim	0.0854502818446185
13	lh_S_pericallosal	prestim	0.0711313818620798
13	lh_S_pericallosal	stim	0.0791220522982885
13	lh_S_postcentral	prestim	0.0728182685909216
13	lh_S_postcentral	stim	0.0825575787233791
13	lh_S_precentral-inf-part	prestim	0.0856869104423947
13	lh_S_precentral-inf-part	stim	0.163355492299136
13	lh_S_precentral-sup-part	prestim	0.0915182118650416
13	lh_S_precentral-sup-part	stim	0.105347473479674
13	lh_S_suborbital	prestim	0.0761020737918803
13	lh_S_suborbital	stim	0.0834038224962636
13	lh_S_subparietal	prestim	0.0650715834777923
13	lh_S_subparietal	stim	0.103484514382058
13	lh_S_temporal_inf	prestim	0.0536537307058545
13	lh_S_temporal_inf	stim	0.14954756450602
13	lh_S_temporal_sup	prestim	0.0687102941299308
13	lh_S_temporal_sup	stim	0.0754116395296745
13	lh_S_temporal_transverse	prestim	0.0794795887698245
13	lh_S_temporal_transverse	stim	0.121827159043948
13	rh_G_Ins_lg_and_S_cent_ins	prestim	0.0625187077265479
13	rh_G_Ins_lg_and_S_cent_ins	stim	0.247658451880319
13	rh_G_and_S_cingul-Ant	prestim	0.0892628037154339
13	rh_G_and_S_cingul-Ant	stim	0.0757774658083386
13	rh_G_and_S_cingul-Mid-Ant	prestim	0.0620456785187959
13	rh_G_and_S_cingul-Mid-Ant	stim	0.0811572661355085
13	rh_G_and_S_cingul-Mid-Post	prestim	0.0631045809553759
13	rh_G_and_S_cingul-Mid-Post	stim	0.0797364387446442
13	rh_G_and_S_frontomargin	prestim	0.0919615059266702
13	rh_G_and_S_frontomargin	stim	0.0891020857803716
13	rh_G_and_S_occipital_inf	prestim	0.0610080428811994
13	rh_G_and_S_occipital_inf	stim	0.0799609930294403
13	rh_G_and_S_paracentral	prestim	0.0873571976278817
13	rh_G_and_S_paracentral	stim	0.0666892764889221
13	rh_G_and_S_subcentral	prestim	0.0620416142274803
13	rh_G_and_S_subcentral	stim	0.125137482434945
13	rh_G_and_S_transv_frontopol	prestim	0.060761327375461
13	rh_G_and_S_transv_frontopol	stim	0.130109057007956
13	rh_G_cingul-Post-dorsal	prestim	0.0660263669503202
13	rh_G_cingul-Post-dorsal	stim	0.0661558727432484
13	rh_G_cingul-Post-ventral	prestim	0.0740766598032337
13	rh_G_cingul-Post-ventral	stim	0.0819646096990954
13	rh_G_cuneus	prestim	0.0604032693375363
13	rh_G_cuneus	stim	0.0869247500897737
13	rh_G_front_inf-Opercular	prestim	0.0687927680768302
13	rh_G_front_inf-Opercular	stim	0.113419210243336
13	rh_G_front_inf-Orbital	prestim	0.0738861840030546
13	rh_G_front_inf-Orbital	stim	0.118022254940492
13	rh_G_front_inf-Triangul	prestim	0.0831422536354022
13	rh_G_front_inf-Triangul	stim	0.107207141109466
13	rh_G_front_middle	prestim	0.0722631554155414
13	rh_G_front_middle	stim	0.0660690011505156
13	rh_G_front_sup	prestim	0.0645031678984794
13	rh_G_front_sup	stim	0.0587001543219595
13	rh_G_insular_short	prestim	0.0580530626843147
13	rh_G_insular_short	stim	0.241997259685427
13	rh_G_oc-temp_lat-fusifor	prestim	0.0565092177678652
13	rh_G_oc-temp_lat-fusifor	stim	0.246537744398843
13	rh_G_oc-temp_med-Lingual	prestim	0.072668494735
13	rh_G_oc-temp_med-Lingual	stim	0.0720846956144518
13	rh_G_oc-temp_med-Parahip	prestim	0.0727596013988369
13	rh_G_oc-temp_med-Parahip	stim	0.12043466914199
13	rh_G_occipital_middle	prestim	0.0592683500686103
13	rh_G_occipital_middle	stim	0.0629813297373768
13	rh_G_occipital_sup	prestim	0.0575380944442528
13	rh_G_occipital_sup	stim	0.0791657552034667
13	rh_G_orbital	prestim	0.0895122022880075
13	rh_G_orbital	stim	0.213616266068511
13	rh_G_pariet_inf-Angular	prestim	0.0565267777355737
13	rh_G_pariet_inf-Angular	stim	0.121761839539668
13	rh_G_pariet_inf-Supramar	prestim	0.0762882869352778
13	rh_G_pariet_inf-Supramar	stim	0.302135643745641
13	rh_G_parietal_sup	prestim	0.0657960146145832
13	rh_G_parietal_sup	stim	0.0572730784216129
13	rh_G_postcentral	prestim	0.0779208113174209
13	rh_G_postcentral	stim	0.096663357088734
13	rh_G_precentral	prestim	0.0780745508743907
13	rh_G_precentral	stim	0.0684479732490301
13	rh_G_precuneus	prestim	0.0600691196841996
13	rh_G_precuneus	stim	0.0803901867019446
13	rh_G_rectus	prestim	0.0752257624189609
13	rh_G_rectus	stim	0.134925366049849
13	rh_G_subcallosal	prestim	0.0644588614334517
13	rh_G_subcallosal	stim	0.139002919334041
13	rh_G_temp_sup-G_T_transv	prestim	0.0718388765202502
13	rh_G_temp_sup-G_T_transv	stim	0.182398126215278
13	rh_G_temp_sup-Lateral	prestim	0.0964953315247359
13	rh_G_temp_sup-Lateral	stim	0.0908331923186899
13	rh_G_temp_sup-Plan_polar	prestim	0.0672097760542891
13	rh_G_temp_sup-Plan_polar	stim	0.119836340355071
13	rh_G_temp_sup-Plan_tempo	prestim	0.0731922951566786
13	rh_G_temp_sup-Plan_tempo	stim	0.366929365352899
13	rh_G_temporal_inf	prestim	0.0609258190835847
13	rh_G_temporal_inf	stim	0.112732749170815
13	rh_G_temporal_middle	prestim	0.0546247423370863
13	rh_G_temporal_middle	stim	0.0885494374770379
13	rh_Lat_Fis-ant-Horizont	prestim	0.0560594000499445
13	rh_Lat_Fis-ant-Horizont	stim	0.121573439462871
13	rh_Lat_Fis-ant-Vertical	prestim	0.0761094753042198
13	rh_Lat_Fis-ant-Vertical	stim	0.07323991853019
13	rh_Lat_Fis-post	prestim	0.0645682222999557
13	rh_Lat_Fis-post	stim	0.175771323770935
13	rh_Pole_occipital	prestim	0.0480736543379919
13	rh_Pole_occipital	stim	0.0583724702386118
13	rh_Pole_temporal	prestim	0.0571588312757888
13	rh_Pole_temporal	stim	0.0905840678152994
13	rh_S_calcarine	prestim	0.0749177746499253
13	rh_S_calcarine	stim	0.0990700151935208
13	rh_S_central	prestim	0.055758798177918
13	rh_S_central	stim	0.102925311617598
13	rh_S_cingul-Marginalis	prestim	0.0553486938180417
13	rh_S_cingul-Marginalis	stim	0.0688540721202252
13	rh_S_circular_insula_ant	prestim	0.0567804787619429
13	rh_S_circular_insula_ant	stim	0.137774869775098
13	rh_S_circular_insula_inf	prestim	0.0931388365294172
13	rh_S_circular_insula_inf	stim	0.122039645897166
13	rh_S_circular_insula_sup	prestim	0.0667652272427704
13	rh_S_circular_insula_sup	stim	0.116989907830382
13	rh_S_collat_transv_ant	prestim	0.0662290372710844
13	rh_S_collat_transv_ant	stim	0.107595880821399
13	rh_S_collat_transv_post	prestim	0.0589589703319212
13	rh_S_collat_transv_post	stim	0.0752411873200464
13	rh_S_front_inf	prestim	0.0604401858436342
13	rh_S_front_inf	stim	0.0706365975470069
13	rh_S_front_middle	prestim	0.0826923297074694
13	rh_S_front_middle	stim	0.0985505268286732
13	rh_S_front_sup	prestim	0.0570773873742749
13	rh_S_front_sup	stim	0.0770581286844458
13	rh_S_interm_prim-Jensen	prestim	0.0701774911055259
13	rh_S_interm_prim-Jensen	stim	0.068692132240579
13	rh_S_intrapariet_and_P_trans	prestim	0.0699622545870127
13	rh_S_intrapariet_and_P_trans	stim	0.0907633017515779
13	rh_S_oc-temp_lat	prestim	0.0586634787655062
13	rh_S_oc-temp_lat	stim	0.20827853468223
13	rh_S_oc-temp_med_and_Lingual	prestim	0.0552917641522919
13	rh_S_oc-temp_med_and_Lingual	stim	0.195481317953886
13	rh_S_oc_middle_and_Lunatus	prestim	0.0629420870150501
13	rh_S_oc_middle_and_Lunatus	stim	0.0730739354906588
13	rh_S_oc_sup_and_transversal	prestim	0.0657505721195704
13	rh_S_oc_sup_and_transversal	stim	0.107626858733851
13	rh_S_occipital_ant	prestim	0.065666963987794
13	rh_S_occipital_ant	stim	0.0973118896989622
13	rh_S_orbital-H_Shaped	prestim	0.0982225388178454
13	rh_S_orbital-H_Shaped	stim	0.153299431633648
13	rh_S_orbital_lateral	prestim	0.0701014904974458
13	rh_S_orbital_lateral	stim	0.0806511010923155
13	rh_S_orbital_med-olfact	prestim	0.080103899799872
13	rh_S_orbital_med-olfact	stim	0.223926577819212
13	rh_S_parieto_occipital	prestim	0.0452294103404348
13	rh_S_parieto_occipital	stim	0.0983450947859277
13	rh_S_pericallosal	prestim	0.068272667018307
13	rh_S_pericallosal	stim	0.10785645014291
13	rh_S_postcentral	prestim	0.0716353154771664
13	rh_S_postcentral	stim	0.100011086261474
13	rh_S_precentral-inf-part	prestim	0.0866215301551282
13	rh_S_precentral-inf-part	stim	0.136384787165517
13	rh_S_precentral-sup-part	prestim	0.0754993513361099
13	rh_S_precentral-sup-part	stim	0.097006944722836
13	rh_S_suborbital	prestim	0.0939978186316707
13	rh_S_suborbital	stim	0.0884862861658447
13	rh_S_subparietal	prestim	0.0662312308921465
13	rh_S_subparietal	stim	0.0826988536674239
13	rh_S_temporal_inf	prestim	0.0648858231822255
13	rh_S_temporal_inf	stim	0.195549255765063
13	rh_S_temporal_sup	prestim	0.0772789537863573
13	rh_S_temporal_sup	stim	0.122774745448078
13	rh_S_temporal_transverse	prestim	0.0740533451586657
13	rh_S_temporal_transverse	stim	0.11968367181196
14	lh_G_Ins_lg_and_S_cent_ins	prestim	0.0957052117243043
14	lh_G_Ins_lg_and_S_cent_ins	stim	0.36558948117768
14	lh_G_and_S_cingul-Ant	prestim	0.0715744079247411
14	lh_G_and_S_cingul-Ant	stim	0.0930823881724561
14	lh_G_and_S_cingul-Mid-Ant	prestim	0.0843122519620585
14	lh_G_and_S_cingul-Mid-Ant	stim	0.141399210555879
14	lh_G_and_S_cingul-Mid-Post	prestim	0.0792431974827212
14	lh_G_and_S_cingul-Mid-Post	stim	0.298488611128134
14	lh_G_and_S_frontomargin	prestim	0.0591806119973722
14	lh_G_and_S_frontomargin	stim	0.17833405361993
14	lh_G_and_S_occipital_inf	prestim	0.085418703649468
14	lh_G_and_S_occipital_inf	stim	0.0772691292123865
14	lh_G_and_S_paracentral	prestim	0.0782820107407061
14	lh_G_and_S_paracentral	stim	0.167204116252809
14	lh_G_and_S_subcentral	prestim	0.0630253323153713
14	lh_G_and_S_subcentral	stim	0.619856535618206
14	lh_G_and_S_transv_frontopol	prestim	0.0608113171107794
14	lh_G_and_S_transv_frontopol	stim	0.0739379427626934
14	lh_G_cingul-Post-dorsal	prestim	0.0827743527274778
14	lh_G_cingul-Post-dorsal	stim	0.0832297890011242
14	lh_G_cingul-Post-ventral	prestim	0.088019700620026
14	lh_G_cingul-Post-ventral	stim	0.0954602538669478
14	lh_G_cuneus	prestim	0.0781751000308485
14	lh_G_cuneus	stim	0.181993623963059
14	lh_G_front_inf-Opercular	prestim	0.0890181711083045
14	lh_G_front_inf-Opercular	stim	0.12414599278609
14	lh_G_front_inf-Orbital	prestim	0.0757763772831812
14	lh_G_front_inf-Orbital	stim	0.126825765270311
14	lh_G_front_inf-Triangul	prestim	0.0744920243330848
14	lh_G_front_inf-Triangul	stim	0.300233717497406
14	lh_G_front_middle	prestim	0.0736892747237579
14	lh_G_front_middle	stim	0.128156560024048
14	lh_G_front_sup	prestim	0.0675934520422065
14	lh_G_front_sup	stim	0.178375782614961
14	lh_G_insular_short	prestim	0.0832039280085562
14	lh_G_insular_short	stim	0.158629798923156
14	lh_G_oc-temp_lat-fusifor	prestim	0.0685117584313702
14	lh_G_oc-temp_lat-fusifor	stim	0.207001369538146
14	lh_G_oc-temp_med-Lingual	prestim	0.0822189733985098
14	lh_G_oc-temp_med-Lingual	stim	0.0803611368826062
14	lh_G_oc-temp_med-Parahip	prestim	0.0683642841994083
14	lh_G_oc-temp_med-Parahip	stim	0.245520035015197
14	lh_G_occipital_middle	prestim	0.0873675829625115
14	lh_G_occipital_middle	stim	0.0962549003323628
14	lh_G_occipital_sup	prestim	0.0899095792951109
14	lh_G_occipital_sup	stim	0.108209505886591
14	lh_G_orbital	prestim	0.0786758665760104
14	lh_G_orbital	stim	0.306942722327166
14	lh_G_pariet_inf-Angular	prestim	0.0685611647842167
14	lh_G_pariet_inf-Angular	stim	0.214032578593813
14	lh_G_pariet_inf-Supramar	prestim	0.0595442962630971
14	lh_G_pariet_inf-Supramar	stim	0.555421300312348
14	lh_G_parietal_sup	prestim	0.0714969373469528
14	lh_G_parietal_sup	stim	0.121776602968278
14	lh_G_postcentral	prestim	0.0870589405633534
14	lh_G_postcentral	stim	0.404846584450234
14	lh_G_precentral	prestim	0.0692938456480064
14	lh_G_precentral	stim	0.275069563350926
14	lh_G_precuneus	prestim	0.0508219338398455
14	lh_G_precuneus	stim	0.10337783627471
14	lh_G_rectus	prestim	0.0707309615091221
14	lh_G_rectus	stim	0.130335372913025
14	lh_G_subcallosal	prestim	0.0863870219273157
14	lh_G_subcallosal	stim	0.0986711006282128
14	lh_G_temp_sup-G_T_transv	prestim	0.0552788900671128
14	lh_G_temp_sup-G_T_transv	stim	0.655256236896528
14	lh_G_temp_sup-Lateral	prestim	0.0663398754023952
14	lh_G_temp_sup-Lateral	stim	0.556287486068909
14	lh_G_temp_sup-Plan_polar	prestim	0.0606466365892317
14	lh_G_temp_sup-Plan_polar	stim	0.29068675688866
14	lh_G_temp_sup-Plan_tempo	prestim	0.0703472884174906
14	lh_G_temp_sup-Plan_tempo	stim	0.567863724601564
14	lh_G_temporal_inf	prestim	0.0585122725828919
14	lh_G_temporal_inf	stim	0.190673505324651
14	lh_G_temporal_middle	prestim	0.0913262150830275
14	lh_G_temporal_middle	stim	0.101610258700022
14	lh_Lat_Fis-ant-Horizont	prestim	0.0586812846844991
14	lh_Lat_Fis-ant-Horizont	stim	0.169854512525863
14	lh_Lat_Fis-ant-Vertical	prestim	0.0827817117200505
14	lh_Lat_Fis-ant-Vertical	stim	0.320248358573686
14	lh_Lat_Fis-post	prestim	0.0680167706559356
14	lh_Lat_Fis-post	stim	0.352038040269456
14	lh_Pole_occipital	prestim	0.0419639667169177
14	lh_Pole_occipital	stim	0.054048740435438
14	lh_Pole_temporal	prestim	0.0861102058756899
14	lh_Pole_temporal	stim	0.0806608996013757
14	lh_S_calcarine	prestim	0.0914923325476069
14	lh_S_calcarine	stim	0.237640301672266
14	lh_S_central	prestim	0.0525121974554732
14	lh_S_central	stim	0.612779596030234
14	lh_S_cingul-Marginalis	prestim	0.0686552328279181
14	lh_S_cingul-Marginalis	stim	0.0957119744770184
14	lh_S_circular_insula_ant	prestim	0.0768883523586406
14	lh_S_circular_insula_ant	stim	0.0989085081891991
14	lh_S_circular_insula_inf	prestim	0.0620007639188177
14	lh_S_circular_insula_inf	stim	0.293460687961419
14	lh_S_circular_insula_sup	prestim	0.069433360126134
14	lh_S_circular_insula_sup	stim	0.411814376160082
14	lh_S_collat_transv_ant	prestim	0.0886358560543112
14	lh_S_collat_transv_ant	stim	0.215349545373108
14	lh_S_collat_transv_post	prestim	0.0644145573532142
14	lh_S_collat_transv_post	stim	0.135774237070059
14	lh_S_front_inf	prestim	0.0608453316804673
14	lh_S_front_inf	stim	0.34395244030269
14	lh_S_front_middle	prestim	0.0654381903667084
14	lh_S_front_middle	stim	0.0869070860435428
14	lh_S_front_sup	prestim	0.0625002810132585
14	lh_S_front_sup	stim	0.113852829351715
14	lh_S_interm_prim-Jensen	prestim	0.073659445710921
14	lh_S_interm_prim-Jensen	stim	0.226069089907221
14	lh_S_intrapariet_and_P_trans	prestim	0.0600709620799012
14	lh_S_intrapariet_and_P_trans	stim	0.211187921485552
14	lh_S_oc-temp_lat	prestim	0.0685450101198605
14	lh_S_oc-temp_lat	stim	0.19397904762343
14	lh_S_oc-temp_med_and_Lingual	prestim	0.0906167807215266
14	lh_S_oc-temp_med_and_Lingual	stim	0.355851833595276
14	lh_S_oc_middle_and_Lunatus	prestim	0.0832723580938913
14	lh_S_oc_middle_and_Lunatus	stim	0.0943307738314477
14	lh_S_oc_sup_and_transversal	prestim	0.080170432068031
14	lh_S_oc_sup_and_transversal	stim	0.159464004510192
14	lh_S_occipital_ant	prestim	0.0726783005399457
14	lh_S_occipital_ant	stim	0.194442693713246
14	lh_S_orbital-H_Shaped	prestim	0.0854772273814429
14	lh_S_orbital-H_Shaped	stim	0.270536401404539
14	lh_S_orbital_lateral	prestim	0.068241280128168
14	lh_S_orbital_lateral	stim	0.097262903486299
14	lh_S_orbital_med-olfact	prestim	0.0750232286052416
14	lh_S_orbital_med-olfact	stim	0.33053205399138
14	lh_S_parieto_occipital	prestim	0.0759977364820697
14	lh_S_parieto_occipital	stim	0.127926706970889
14	lh_S_pericallosal	prestim	0.0674548166479135
14	lh_S_pericallosal	stim	0.319645274178947
14	lh_S_postcentral	prestim	0.0679274987900177
14	lh_S_postcentral	stim	0.30295994569477
14	lh_S_precentral-inf-part	prestim	0.069415369884303
14	lh_S_precentral-inf-part	stim	0.426455534281407
14	lh_S_precentral-sup-part	prestim	0.0747884886009799
14	lh_S_precentral-sup-part	stim	0.324113701062349
14	lh_S_suborbital	prestim	0.0593039023957327
14	lh_S_suborbital	stim	0.116793952511211
14	lh_S_subparietal	prestim	0.0622372590496621
14	lh_S_subparietal	stim	0.120021470116523
14	lh_S_temporal_inf	prestim	0.0618441828348192
14	lh_S_temporal_inf	stim	0.337686459891661
14	lh_S_temporal_sup	prestim	0.0820876289438461
14	lh_S_temporal_sup	stim	0.367595272797381
14	lh_S_temporal_transverse	prestim	0.0560978009865995
14	lh_S_temporal_transverse	stim	0.233486149864737
14	rh_G_Ins_lg_and_S_cent_ins	prestim	0.0753884245984947
14	rh_G_Ins_lg_and_S_cent_ins	stim	0.143735717437751
14	rh_G_and_S_cingul-Ant	prestim	0.0704776278198699
14	rh_G_and_S_cingul-Ant	stim	0.0958570302394244
14	rh_G_and_S_cingul-Mid-Ant	prestim	0.0861667303562035
14	rh_G_and_S_cingul-Mid-Ant	stim	0.163871364198645
14	rh_G_and_S_cingul-Mid-Post	prestim	0.0604319148033972
14	rh_G_and_S_cingul-Mid-Post	stim	0.1150086033314
14	rh_G_and_S_frontomargin	prestim	0.0540180663596853
14	rh_G_and_S_frontomargin	stim	0.204313337839104
14	rh_G_and_S_occipital_inf	prestim	0.0589087050479309
14	rh_G_and_S_occipital_inf	stim	0.0715151602442048
14	rh_G_and_S_paracentral	prestim	0.0683995870322912
14	rh_G_and_S_paracentral	stim	0.0889943567845645
14	rh_G_and_S_subcentral	prestim	0.0761671139129991
14	rh_G_and_S_subcentral	stim	0.660183605127014
14	rh_G_and_S_transv_frontopol	prestim	0.0688089144773265
14	rh_G_and_S_transv_frontopol	stim	0.186638445800195
14	rh_G_cingul-Post-dorsal	prestim	0.0776746950628026
14	rh_G_cingul-Post-dorsal	stim	0.0944602357056503
14	rh_G_cingul-Post-ventral	prestim	0.0662707014093525
14	rh_G_cingul-Post-ventral	stim	0.239452530218933
14	rh_G_cuneus	prestim	0.0692278275894546
14	rh_G_cuneus	stim	0.197387128476047
14	rh_G_front_inf-Opercular	prestim	0.0640960709820111
14	rh_G_front_inf-Opercular	stim	0.304081404401463
14	rh_G_front_inf-Orbital	prestim	0.084726700163859
14	rh_G_front_inf-Orbital	stim	0.129942325228984
14	rh_G_front_inf-Triangul	prestim	0.0787231740073517
14	rh_G_front_inf-Triangul	stim	0.429843401541345
14	rh_G_front_middle	prestim	0.0742215330934985
14	rh_G_front_middle	stim	0.231744300939453
14	rh_G_front_sup	prestim	0.06066509322399
14	rh_G_front_sup	stim	0.0641054514464883
14	rh_G_insular_short	prestim	0.0678404559378623
14	rh_G_insular_short	stim	0.112456636651833
14	rh_G_oc-temp_lat-fusifor	prestim	0.0725746956345517
14	rh_G_oc-temp_lat-fusifor	stim	0.163290071746928
14	rh_G_oc-temp_med-Lingual	prestim	0.0785552240762069
14	rh_G_oc-temp_med-Lingual	stim	0.10175037873262
14	rh_G_oc-temp_med-Parahip	prestim	0.0857025375964666
14	rh_G_oc-temp_med-Parahip	stim	0.359357096463995
14	rh_G_occipital_middle	prestim	0.0914080276880517
14	rh_G_occipital_middle	stim	0.0702474471771209
14	rh_G_occipital_sup	prestim	0.0724869673924205
14	rh_G_occipital_sup	stim	0.0861855027039015
14	rh_G_orbital	prestim	0.0733724165628676
14	rh_G_orbital	stim	0.47151279603629
14	rh_G_pariet_inf-Angular	prestim	0.0797347487586219
14	rh_G_pariet_inf-Angular	stim	0.172633940894953
14	rh_G_pariet_inf-Supramar	prestim	0.0679917874548988
14	rh_G_pariet_inf-Supramar	stim	0.339011408572924
14	rh_G_parietal_sup	prestim	0.0873865201561094
14	rh_G_parietal_sup	stim	0.0741307314704827
14	rh_G_postcentral	prestim	0.0783244897648573
14	rh_G_postcentral	stim	0.457635896555427
14	rh_G_precentral	prestim	0.0553289475155127
14	rh_G_precentral	stim	0.45885304066666
14	rh_G_precuneus	prestim	0.0580047429298097
14	rh_G_precuneus	stim	0.0684518791468145
14	rh_G_rectus	prestim	0.0544006037901536
14	rh_G_rectus	stim	0.313066610546025
14	rh_G_subcallosal	prestim	0.0744816972323414
14	rh_G_subcallosal	stim	0.15509487322556
14	rh_G_temp_sup-G_T_transv	prestim	0.0596910762012657
14	rh_G_temp_sup-G_T_transv	stim	0.673517720990116
14	rh_G_temp_sup-Lateral	prestim	0.0592199508059807
14	rh_G_temp_sup-Lateral	stim	0.375778113595996
14	rh_G_temp_sup-Plan_polar	prestim	0.0902817067024392
14	rh_G_temp_sup-Plan_polar	stim	0.31549099316153
14	rh_G_temp_sup-Plan_tempo	prestim	0.0680083560269096
14	rh_G_temp_sup-Plan_tempo	stim	0.444119190742713
14	rh_G_temporal_inf	prestim	0.0781454653163709
14	rh_G_temporal_inf	stim	0.393065991203849
14	rh_G_temporal_middle	prestim	0.0779635680444992
14	rh_G_temporal_middle	stim	0.370775044209544
14	rh_Lat_Fis-ant-Horizont	prestim	0.0800716248782649
14	rh_Lat_Fis-ant-Horizont	stim	0.171962381472971
14	rh_Lat_Fis-ant-Vertical	prestim	0.0805424124087162
14	rh_Lat_Fis-ant-Vertical	stim	0.292799609118564
14	rh_Lat_Fis-post	prestim	0.0786181754404454
14	rh_Lat_Fis-post	stim	0.450053573490391
14	rh_Pole_occipital	prestim	0.0595537766663228
14	rh_Pole_occipital	stim	0.0804164514813664
14	rh_Pole_temporal	prestim	0.0712960680203506
14	rh_Pole_temporal	stim	0.34122412536808
14	rh_S_calcarine	prestim	0.076587314933187
14	rh_S_calcarine	stim	0.200621370027173
14	rh_S_central	prestim	0.0816255370412498
14	rh_S_central	stim	0.554511387865924
14	rh_S_cingul-Marginalis	prestim	0.0679882507671594
14	rh_S_cingul-Marginalis	stim	0.0888033338621418
14	rh_S_circular_insula_ant	prestim	0.0630265822339281
14	rh_S_circular_insula_ant	stim	0.246793358046906
14	rh_S_circular_insula_inf	prestim	0.0606360515597419
14	rh_S_circular_insula_inf	stim	0.612712210635921
14	rh_S_circular_insula_sup	prestim	0.0726739211402957
14	rh_S_circular_insula_sup	stim	0.298083978782174
14	rh_S_collat_transv_ant	prestim	0.0762411315171564
14	rh_S_collat_transv_ant	stim	0.397580996540554
14	rh_S_collat_transv_post	prestim	0.0833541873407393
14	rh_S_collat_transv_post	stim	0.0975448438477657
14	rh_S_front_inf	prestim	0.0653039789372179
14	rh_S_front_inf	stim	0.0875264350384833
14	rh_S_front_middle	prestim	0.0688496875703021
14	rh_S_front_middle	stim	0.125983798362873
14	rh_S_front_sup	prestim	0.063377099865828
14	rh_S_front_sup	stim	0.134485713029273
14	rh_S_interm_prim-Jensen	prestim	0.0666036782887291
14	rh_S_interm_prim-Jensen	stim	0.145717249120581
14	rh_S_intrapariet_and_P_trans	prestim	0.0486403517470275
14	rh_S_intrapariet_and_P_trans	stim	0.11829961826756
14	rh_S_oc-temp_lat	prestim	0.0629791211245855
14	rh_S_oc-temp_lat	stim	0.142516953051072
14	rh_S_oc-temp_med_and_Lingual	prestim	0.0513600900528259
14	rh_S_oc-temp_med_and_Lingual	stim	0.327146979668186
14	rh_S_oc_middle_and_Lunatus	prestim	0.095143347449135
14	rh_S_oc_middle_and_Lunatus	stim	0.0945902914449307
14	rh_S_oc_sup_and_transversal	prestim	0.0565627363277832
14	rh_S_oc_sup_and_transversal	stim	0.230199043057876
14	rh_S_occipital_ant	prestim	0.0719245518574622
14	rh_S_occipital_ant	stim	0.279090374611636
14	rh_S_orbital-H_Shaped	prestim	0.0839100113080809
14	rh_S_orbital-H_Shaped	stim	0.456503102168358
14	rh_S_orbital_lateral	prestim	0.077003694185949
14	rh_S_orbital_lateral	stim	0.345163254941114
14	rh_S_orbital_med-olfact	prestim	0.0459482003641835
14	rh_S_orbital_med-olfact	stim	0.38370914368331
14	rh_S_parieto_occipital	prestim	0.0830546306335401
14	rh_S_parieto_occipital	stim	0.141003913323374
14	rh_S_pericallosal	prestim	0.071016135135791
14	rh_S_pericallosal	stim	0.0894859611500191
14	rh_S_postcentral	prestim	0.0884473901233863
14	rh_S_postcentral	stim	0.206932580524924
14	rh_S_precentral-inf-part	prestim	0.0911796012789485
14	rh_S_precentral-inf-part	stim	0.503401528208914
14	rh_S_precentral-sup-part	prestim	0.0828449420186242
14	rh_S_precentral-sup-part	stim	0.187296747340517
14	rh_S_suborbital	prestim	0.0745823487193466
14	rh_S_suborbital	stim	0.201019412765329
14	rh_S_subparietal	prestim	0.0570120481199283
14	rh_S_subparietal	stim	0.0850437926488291
14	rh_S_temporal_inf	prestim	0.0807194696683424
14	rh_S_temporal_inf	stim	0.329688824519405
14	rh_S_temporal_sup	prestim	0.0674519646742055
14	rh_S_temporal_sup	stim	0.227244958300749
14	rh_S_temporal_transverse	prestim	0.0598535434137167
14	rh_S_temporal_transverse	stim	0.677578468610033
15	lh_G_Ins_lg_and_S_cent_ins	prestim	0.074050336409743
15	lh_G_Ins_lg_and_S_cent_ins	stim	0.125208405656623
15	lh_G_and_S_cingul-Ant	prestim	0.0660875416923314
15	lh_G_and_S_cingul-Ant	stim	0.145962916491837
15	lh_G_and_S_cingul-Mid-Ant	prestim	0.0567586908628633
15	lh_G_and_S_cingul-Mid-Ant	stim	0.165694110457354
15	lh_G_and_S_cingul-Mid-Post	prestim	0.0840731260835203
15	lh_G_and_S_cingul-Mid-Post	stim	0.1548413744693
15	lh_G_and_S_frontomargin	prestim	0.0813821194471679
15	lh_G_and_S_frontomargin	stim	0.180204463154342
15	lh_G_and_S_occipital_inf	prestim	0.0750600717199392
15	lh_G_and_S_occipital_inf	stim	0.0852110284933968
15	lh_G_and_S_paracentral	prestim	0.077907533574538
15	lh_G_and_S_paracentral	stim	0.139690880155763
15	lh_G_and_S_subcentral	prestim	0.0664091767453469
15	lh_G_and_S_subcentral	stim	0.313622058733605
15	lh_G_and_S_transv_frontopol	prestim	0.0631200513798097
15	lh_G_and_S_transv_frontopol	stim	0.144372199573119
15	lh_G_cingul-Post-dorsal	prestim	0.101468732700424
15	lh_G_cingul-Post-dorsal	stim	0.249671799112398
15	lh_G_cingul-Post-ventral	prestim	0.0529646576075204
15	lh_G_cingul-Post-ventral	stim	0.174987615967576
15	lh_G_cuneus	prestim	0.0766150933507474
15	lh_G_cuneus	stim	0.0770831347577718
15	lh_G_front_inf-Opercular	prestim	0.0608359202879072
15	lh_G_front_inf-Opercular	stim	0.104308826641089
15	lh_G_front_inf-Orbital	prestim	0.0760630865443319
15	lh_G_front_inf-Orbital	stim	0.105577193281006
15	lh_G_front_inf-Triangul	prestim	0.0617971019549471
15	lh_G_front_inf-Triangul	stim	0.0811755244225121
15	lh_G_front_middle	prestim	0.0666763047419377
15	lh_G_front_middle	stim	0.0903623208223936
15	lh_G_front_sup	prestim	0.0888324870165743
15	lh_G_front_sup	stim	0.0914192726186848
15	lh_G_insular_short	prestim	0.0604785325620516
15	lh_G_insular_short	stim	0.0749648003757102
15	lh_G_oc-temp_lat-fusifor	prestim	0.0773329486155745
15	lh_G_oc-temp_lat-fusifor	stim	0.195593912407005
15	lh_G_oc-temp_med-Lingual	prestim	0.048392202944268
15	lh_G_oc-temp_med-Lingual	stim	0.124208292251436
15	lh_G_oc-temp_med-Parahip	prestim	0.0740342739932847
15	lh_G_oc-temp_med-Parahip	stim	0.120285773758688
15	lh_G_occipital_middle	prestim	0.0546920501316907
15	lh_G_occipital_middle	stim	0.0788711505340324
15	lh_G_occipital_sup	prestim	0.0771814704459791
15	lh_G_occipital_sup	stim	0.0701527164114674
15	lh_G_orbital	prestim	0.0656043962071936
15	lh_G_orbital	stim	0.274577642540257
15	lh_G_pariet_inf-Angular	prestim	0.0513250687822921
15	lh_G_pariet_inf-Angular	stim	0.0811863352004621
15	lh_G_pariet_inf-Supramar	prestim	0.0764277811466906
15	lh_G_pariet_inf-Supramar	stim	0.185369149520832
15	lh_G_parietal_sup	prestim	0.0684837042753663
15	lh_G_parietal_sup	stim	0.0787316567329665
15	lh_G_postcentral	prestim	0.0885070473951479
15	lh_G_postcentral	stim	0.113243333801536
15	lh_G_precentral	prestim	0.0791924565341362
15	lh_G_precentral	stim	0.223318389131224
15	lh_G_precuneus	prestim	0.070184107526481
15	lh_G_precuneus	stim	0.111778884320209
15	lh_G_rectus	prestim	0.078206614023087
15	lh_G_rectus	stim	0.16554213432131
15	lh_G_subcallosal	prestim	0.0817344343936038
15	lh_G_subcallosal	stim	0.246298219822752
15	lh_G_temp_sup-G_T_transv	prestim	0.085174299698226
15	lh_G_temp_sup-G_T_transv	stim	0.439485157462599
15	lh_G_temp_sup-Lateral	prestim	0.0622031360082617
15	lh_G_temp_sup-Lateral	stim	0.0845787754039076
15	lh_G_temp_sup-Plan_polar	prestim	0.0576701452802244
15	lh_G_temp_sup-Plan_polar	stim	0.0960194959259541
15	lh_G_temp_sup-Plan_tempo	prestim	0.0983379065832279
15	lh_G_temp_sup-Plan_tempo	stim	0.416529989967549
15	lh_G_temporal_inf	prestim	0.0604645392565443
15	lh_G_temporal_inf	stim	0.166843802017288
15	lh_G_temporal_middle	prestim	0.0544575809450158
15	lh_G_temporal_middle	stim	0.0994187619590401
15	lh_Lat_Fis-ant-Horizont	prestim	0.0799222620419544
15	lh_Lat_Fis-ant-Horizont	stim	0.104475614137506
15	lh_Lat_Fis-ant-Vertical	prestim	0.0702702106027589
15	lh_Lat_Fis-ant-Vertical	stim	0.179379981418733
15	lh_Lat_Fis-post	prestim	0.0647754305409813
15	lh_Lat_Fis-post	stim	0.148380953507573
15	lh_Pole_occipital	prestim	0.0785253792432735
15	lh_Pole_occipital	stim	0.0966181198265797
15	lh_Pole_temporal	prestim	0.0758503924655078
15	lh_Pole_temporal	stim	0.103713701674373
15	lh_S_calcarine	prestim	0.0732032282876186
15	lh_S_calcarine	stim	0.0835614234908461
15	lh_S_central	prestim	0.0703023267708768
15	lh_S_central	stim	0.253370878310034
15	lh_S_cingul-Marginalis	prestim	0.0782823102111526
15	lh_S_cingul-Marginalis	stim	0.178246441621911
15	lh_S_circular_insula_ant	prestim	0.0616193360945835
15	lh_S_circular_insula_ant	stim	0.11296563517953
15	lh_S_circular_insula_inf	prestim	0.0612037475345262
15	lh_S_circular_insula_inf	stim	0.169508328631235
15	lh_S_circular_insula_sup	prestim	0.0643508180138654
15	lh_S_circular_insula_sup	stim	0.159619282011066
15	lh_S_collat_transv_ant	prestim	0.0714888909898364
15	lh_S_collat_transv_ant	stim	0.125308563097664
15	lh_S_collat_transv_post	prestim	0.0840038010061238
15	lh_S_collat_transv_post	stim	0.0852085768900018
15	lh_S_front_inf	prestim	0.0750423445263663
15	lh_S_front_inf	stim	0.136357432180476
15	lh_S_front_middle	prestim	0.0762422512526876
15	lh_S_front_middle	stim	0.0709618977512485
15	lh_S_front_sup	prestim	0.0612258624821417
15	lh_S_front_sup	stim	0.249276044176837
15	lh_S_interm_prim-Jensen	prestim	0.0711498295640656
15	lh_S_interm_prim-Jensen	stim	0.12409459288293
15	lh_S_intrapariet_and_P_trans	prestim	0.0937260159337376
15	lh_S_intrapariet_and_P_trans	stim	0.0957306438248823
15	lh_S_oc-temp_lat	prestim	0.0758363655880734
15	lh_S_oc-temp_lat	stim	0.233505688288948
15	lh_S_oc-temp_med_and_Lingual	prestim	0.0666713042107191
15	lh_S_oc-temp_med_and_Lingual	stim	0.219078684691796
15	lh_S_oc_middle_and_Lunatus	prestim	0.0754841814305298
15	lh_S_oc_middle_and_Lunatus	stim	0.0573685866866536
15	lh_S_oc_sup_and_transversal	prestim	0.0862609037363373
15	lh_S_oc_sup_and_transversal	stim	0.0895987098771439
15	lh_S_occipital_ant	prestim	0.0864761619852206
15	lh_S_occipital_ant	stim	0.0807820360093691
15	lh_S_orbital-H_Shaped	prestim	0.0654463770614451
15	lh_S_orbital-H_Shaped	stim	0.195194021336972
15	lh_S_orbital_lateral	prestim	0.0692974574927044
15	lh_S_orbital_lateral	stim	0.122689253748864
15	lh_S_orbital_med-olfact	prestim	0.063570467053879
15	lh_S_orbital_med-olfact	stim	0.286730074564847
15	lh_S_parieto_occipital	prestim	0.0932790492015815
15	lh_S_parieto_occipital	stim	0.123461417499933
15	lh_S_pericallosal	prestim	0.0909586569969862
15	lh_S_pericallosal	stim	0.176579006711388
15	lh_S_postcentral	prestim	0.067455337585726
15	lh_S_postcentral	stim	0.0777438982659492
15	lh_S_precentral-inf-part	prestim	0.0729558287209093
15	lh_S_precentral-inf-part	stim	0.31194461469725
15	lh_S_precentral-sup-part	prestim	0.0656968239402229
15	lh_S_precentral-sup-part	stim	0.19683957090168
15	lh_S_suborbital	prestim	0.0897693563459252
15	lh_S_suborbital	stim	0.0970896031418621
15	lh_S_subparietal	prestim	0.0828604453428129
15	lh_S_subparietal	stim	0.183618942137828
15	lh_S_temporal_inf	prestim	0.072795111061176
15	lh_S_temporal_inf	stim	0.159684509358667
15	lh_S_temporal_sup	prestim	0.0624973450194909
15	lh_S_temporal_sup	stim	0.167776986671031
15	lh_S_temporal_transverse	prestim	0.070210085039519
15	lh_S_temporal_transverse	stim	0.31464809272392
15	rh_G_Ins_lg_and_S_cent_ins	prestim	0.073917958208423
15	rh_G_Ins_lg_and_S_cent_ins	stim	0.449524548111482
15	rh_G_and_S_cingul-Ant	prestim	0.0788386964190033
15	rh_G_and_S_cingul-Ant	stim	0.0896715781195917
15	rh_G_and_S_cingul-Mid-Ant	prestim	0.0633072249884787
15	rh_G_and_S_cingul-Mid-Ant	stim	0.206275791973078
15	rh_G_and_S_cingul-Mid-Post	prestim	0.0864078774709258
15	rh_G_and_S_cingul-Mid-Post	stim	0.286713143701257
15	rh_G_and_S_frontomargin	prestim	0.063539115103026
15	rh_G_and_S_frontomargin	stim	0.14634145849944
15	rh_G_and_S_occipital_inf	prestim	0.0615804864280512
15	rh_G_and_S_occipital_inf	stim	0.10917839123119
15	rh_G_and_S_paracentral	prestim	0.0596979072152807
15	rh_G_and_S_paracentral	stim	0.174186228350359
15	rh_G_and_S_subcentral	prestim	0.0756876571920305
15	rh_G_and_S_subcentral	stim	0.738788722025531
15	rh_G_and_S_transv_frontopol	prestim	0.0848825757967608
15	rh_G_and_S_transv_frontopol	stim	0.0871171071231827
15	rh_G_cingul-Post-dorsal	prestim	0.0919803359869057
15	rh_G_cingul-Post-dorsal	stim	0.232202578772542
15	rh_G_cingul-Post-ventral	prestim	0.0972374161012219
15	rh_G_cingul-Post-ventral	stim	0.13998755868665
15	rh_G_cuneus	prestim	0.0587310713508916
15	rh_G_cuneus	stim	0.0788263151089013
15	rh_G_front_inf-Opercular	prestim	0.0930382181157951
15	rh_G_front_inf-Opercular	stim	0.256335548417869
15	rh_G_front_inf-Orbital	prestim	0.06234305124049
15	rh_G_front_inf-Orbital	stim	0.0964989130425637
15	rh_G_front_inf-Triangul	prestim	0.0650311377982539
15	rh_G_front_inf-Triangul	stim	0.288047295430929
15	rh_G_front_middle	prestim	0.0626878093839527
15	rh_G_front_middle	stim	0.184945400029462
15	rh_G_front_sup	prestim	0.0794797346383807
15	rh_G_front_sup	stim	0.0947458524324056
15	rh_G_insular_short	prestim	0.0870553319481197
15	rh_G_insular_short	stim	0.197798748587705
15	rh_G_oc-temp_lat-fusifor	prestim	0.0742705455554403
15	rh_G_oc-temp_lat-fusifor	stim	0.118948934843625
15	rh_G_oc-temp_med-Lingual	prestim	0.0823308365170994
15	rh_G_oc-temp_med-Lingual	stim	0.11640265540765
15	rh_G_oc-temp_med-Parahip	prestim	0.0824482261566933
15	rh_G_oc-temp_med-Parahip	stim	0.20844617109371
15	rh_G_occipital_middle	prestim	0.0697991466426756
15	rh_G_occipital_middle	stim	0.0897791593944017
15	rh_G_occipital_sup	prestim	0.0776077173931699
15	rh_G_occipital_sup	stim	0.0886023908039989
15	rh_G_orbital	prestim	0.0829224507987484
15	rh_G_orbital	stim	0.38847481715409
15	rh_G_pariet_inf-Angular	prestim	0.0702182699266689
15	rh_G_pariet_inf-Angular	stim	0.224481419032342
15	rh_G_pariet_inf-Supramar	prestim	0.0780832690725916
15	rh_G_pariet_inf-Supramar	stim	0.520485239866743
15	rh_G_parietal_sup	prestim	0.0843576671956085
15	rh_G_parietal_sup	stim	0.127709497065995
15	rh_G_postcentral	prestim	0.0632808394245656
15	rh_G_postcentral	stim	0.462062606633014
15	rh_G_precentral	prestim	0.085805127572606
15	rh_G_precentral	stim	0.168278591330146
15	rh_G_precuneus	prestim	0.0755600313107925
15	rh_G_precuneus	stim	0.122938413166014
15	rh_G_rectus	prestim	0.0713236840845708
15	rh_G_rectus	stim	0.231954074904496
15	rh_G_subcallosal	prestim	0.0893666028797309
15	rh_G_subcallosal	stim	0.139618104482317
15	rh_G_temp_sup-G_T_transv	prestim	0.0550387466162641
15	rh_G_temp_sup-G_T_transv	stim	0.742833569185094
15	rh_G_temp_sup-Lateral	prestim	0.074328144393255
15	rh_G_temp_sup-Lateral	stim	0.183904898892707
15	rh_G_temp_sup-Plan_polar	prestim	0.0706350226143767
15	rh_G_temp_sup-Plan_polar	stim	0.147723860353087
15	rh_G_temp_sup-Plan_tempo	prestim	0.0746861956034433
15	rh_G_temp_sup-Plan_tempo	stim	0.356126544495216
15	rh_G_temporal_inf	prestim	0.0622856558982225
15	rh_G_temporal_inf	stim	0.360875736513936
15	rh_G_temporal_middle	prestim	0.0605748907092622
15	rh_G_temporal_middle	stim	0.41710738177674
15	rh_Lat_Fis-ant-Horizont	prestim	0.0651706311578874
15	rh_Lat_Fis-ant-Horizont	stim	0.255662349777094
15	rh_Lat_Fis-ant-Vertical	prestim	0.0829783815115517
15	rh_Lat_Fis-ant-Vertical	stim	0.314718950603529
15	rh_Lat_Fis-post	prestim	0.0859417281173422
15	rh_Lat_Fis-post	stim	0.611796583859945
15	rh_Pole_occipital	prestim	0.0706503269825638
15	rh_Pole_occipital	stim	0.117372499329175
15	rh_Pole_temporal	prestim	0.0766659057311092
15	rh_Pole_temporal	stim	0.204616171243028
15	rh_S_calcarine	prestim	0.0873080156347805
15	rh_S_calcarine	stim	0.142089697870534
15	rh_S_central	prestim	0.0769397971033597
15	rh_S_central	stim	0.655413174763762
15	rh_S_cingul-Marginalis	prestim	0.0616771098748668
15	rh_S_cingul-Marginalis	stim	0.242730746356595
15	rh_S_circular_insula_ant	prestim	0.0639136731750815
15	rh_S_circular_insula_ant	stim	0.141369460809572
15	rh_S_circular_insula_inf	prestim	0.0658390951673815
15	rh_S_circular_insula_inf	stim	0.588286071013848
15	rh_S_circular_insula_sup	prestim	0.0868610550195479
15	rh_S_circular_insula_sup	stim	0.377821079723658
15	rh_S_collat_transv_ant	prestim	0.0813585894790977
15	rh_S_collat_transv_ant	stim	0.268783562777388
15	rh_S_collat_transv_post	prestim	0.070015872663505
15	rh_S_collat_transv_post	stim	0.104253323023668
15	rh_S_front_inf	prestim	0.0829851091454219
15	rh_S_front_inf	stim	0.455275671745129
15	rh_S_front_middle	prestim	0.0737589018903979
15	rh_S_front_middle	stim	0.116416972003243
15	rh_S_front_sup	prestim	0.0839695808660156
15	rh_S_front_sup	stim	0.278145015663514
15	rh_S_interm_prim-Jensen	prestim	0.0898478606839181
15	rh_S_interm_prim-Jensen	stim	0.294896035809427
15	rh_S_intrapariet_and_P_trans	prestim	0.0681519407019089
15	rh_S_intrapariet_and_P_trans	stim	0.183888665859646
15	rh_S_oc-temp_lat	prestim	0.0552244268867272
15	rh_S_oc-temp_lat	stim	0.236447403698907
15	rh_S_oc-temp_med_and_Lingual	prestim	0.0750151875417243
15	rh_S_oc-temp_med_and_Lingual	stim	0.294251806313492
15	rh_S_oc_middle_and_Lunatus	prestim	0.0917782473089544
15	rh_S_oc_middle_and_Lunatus	stim	0.0611530104047258
15	rh_S_oc_sup_and_transversal	prestim	0.0650287607539144
15	rh_S_oc_sup_and_transversal	stim	0.145179055203158
15	rh_S_occipital_ant	prestim	0.0676897168056944
15	rh_S_occipital_ant	stim	0.238795659595103
15	rh_S_orbital-H_Shaped	prestim	0.0835115742920864
15	rh_S_orbital-H_Shaped	stim	0.313287610643684
15	rh_S_orbital_lateral	prestim	0.0596266704053796
15	rh_S_orbital_lateral	stim	0.184476232617301
15	rh_S_orbital_med-olfact	prestim	0.0778104486323268
15	rh_S_orbital_med-olfact	stim	0.299795777990368
15	rh_S_parieto_occipital	prestim	0.0949969518056302
15	rh_S_parieto_occipital	stim	0.142836453098304
15	rh_S_pericallosal	prestim	0.0795642807274712
15	rh_S_pericallosal	stim	0.156001861825241
15	rh_S_postcentral	prestim	0.0847321991000291
15	rh_S_postcentral	stim	0.473860619774435
15	rh_S_precentral-inf-part	prestim	0.0756285658869572
15	rh_S_precentral-inf-part	stim	0.535625855442472
15	rh_S_precentral-sup-part	prestim	0.0888848320957127
15	rh_S_precentral-sup-part	stim	0.450651020746156
15	rh_S_suborbital	prestim	0.0734572286147331
15	rh_S_suborbital	stim	0.187038117131754
15	rh_S_subparietal	prestim	0.0838169276060776
15	rh_S_subparietal	stim	0.195036779338076
15	rh_S_temporal_inf	prestim	0.0718011461775634
15	rh_S_temporal_inf	stim	0.458595748877581
15	rh_S_temporal_sup	prestim	0.0694916161392746
15	rh_S_temporal_sup	stim	0.437275511614173
15	rh_S_temporal_transverse	prestim	0.0505232283741842
15	rh_S_temporal_transverse	stim	0.790077416665025
